id,first_name,last_name,email,gender
3d8db6a0-ddb1-48c5-ad5d-87bad7d29d3b,Artie,Leggett,aleggett0@ask.com,Male
a92d74b7-b585-40cb-92a2-707426fc81f9,Dulcia,Este,deste1@friendfeed.com,Polygender
222cc669-ae03-44b2-b0e6-88e70c371f0f,Westbrook,Janaszkiewicz,wjanaszkiewicz2@dot.gov,Male
eed9af4a-5282-40b5-990d-228698a909a1,Lindy,Suttie,lsuttie3@statcounter.com,Female
2da92487-e9fa-452d-87bb-a990c6de6eb9,Lovell,Cheng,lcheng4@oakley.com,Male
6a872e9b-ba8b-4195-8651-0b38483e5b64,Jason,MacSweeney,jmacsweeney5@usatoday.com,Male
329bb3d6-83c4-4aa1-b88e-9c0a3f098b95,Steffi,Shutler,sshutler6@opensource.org,Female
9c7d985f-9ca5-47bf-abd5-97cf707ca5c1,Dulcinea,Halbert,dhalbert7@amazon.co.uk,Female
b5906afd-3994-4c62-a97a-9ac9baa00dcd,Ruy,Monnoyer,rmonnoyer8@mediafire.com,Male
596511d3-46ef-4b66-814b-8be4db976a1a,Gregg,Yegorov,gyegorov9@jimdo.com,Male
202363fd-9e84-4b34-97b6-8ba307dff561,Kennith,Massow,kmassowa@whitehouse.gov,Male
a3d27f48-3f56-4997-b350-32a6771a8722,Roberto,Whitesel,rwhiteselb@arizona.edu,Male
134588fc-fa11-4fff-8b5c-1db890eb7bd1,Amberly,Connor,aconnorc@list-manage.com,Female
905fa32c-30d1-410f-8682-4566aa923d36,Marcy,Lammers,mlammersd@twitpic.com,Female
2af91a22-7c2d-45f8-b784-bd98cd070037,Sarajane,Symcock,ssymcocke@privacy.gov.au,Female
162fb794-a3bd-401a-8f3d-4766766c91e5,Lonnard,Stare,lstaref@gmpg.org,Male
0ab19f00-2383-4c7c-bdc9-26dba4308e7f,Tabbitha,Basketter,tbasketterg@slate.com,Female
e84cc9c6-f69b-4662-bcb9-3ec4c4a221d7,Leonie,Langhor,llanghorh@jugem.jp,Female
e74fa53d-d98b-452f-ad1d-e5aee39612ec,Inga,Grimston,igrimstoni@guardian.co.uk,Female
1fd42424-cf9d-4995-b6b7-8e9492e8f885,Jillian,Granville,jgranvillej@oracle.com,Female
6718a7e0-b05e-44ac-b2b3-1565c2a0d820,Luther,Stuckley,lstuckleyk@va.gov,Genderqueer
c2161e84-8460-4e71-8ebf-6b61661d2e42,Colman,Hymor,chymorl@dagondesign.com,Male
7691bcc5-c571-4035-baf4-5afa4a18bc4d,Fee,Cicconettii,fcicconettiim@vimeo.com,Male
c6e3e064-c6e2-4276-951e-b7849b9cd0cd,Richy,Nuzzti,rnuzztin@ucsd.edu,Male
1d3f9b1d-4bbf-4bed-8258-ec5f01e493a2,Farlie,Jelfs,fjelfso@cbslocal.com,Male
f1f254ad-9285-4a7a-ad40-32baaf46ca6f,Yorgo,Cundy,ycundyp@aol.com,Male
45f639b7-0840-45f9-b5bd-7300c256716d,Alyosha,Baggallay,abaggallayq@chicagotribune.com,Male
58caf7c4-4172-40c9-9fad-7eb22217c879,Ethan,Biaggelli,ebiaggellir@list-manage.com,Male
e3251bed-44b6-40c3-90dc-93eb1eda37a6,Ewan,Salter,esalters@over-blog.com,Male
806a0195-e861-445c-a36a-c4476e75b397,Kessia,Hutchings,khutchingst@fotki.com,Female
3ab45d89-8e37-47e1-ac8e-b0d2b5d35c1b,Forester,Brotherheed,fbrotherheedu@admin.ch,Male
1630b1ec-ace2-4f61-9674-84b5d046079a,Dinah,Longshaw,dlongshawv@mlb.com,Female
01e261b8-31c9-4ac7-8186-f9c460c79d35,Hermy,Leel,hleelw@ucoz.ru,Male
4a8e9f91-cb21-4268-b6cc-f2b962ddcc53,Lara,Gonzalez,lgonzalezx@macromedia.com,Female
9bb07582-490f-4478-b3a9-51cb0963f21a,Oswell,Trehearn,otrehearny@ustream.tv,Male
0b91458a-f637-4e07-b15e-fe61cee6cf39,Zedekiah,Tosspell,ztosspellz@hc360.com,Male
b39ec0f3-8a78-4d53-bb29-b55d88539d47,Karim,Purvis,kpurvis10@accuweather.com,Male
7d670530-09d4-4b0f-9e2f-df4465916309,Artie,Hindhaugh,ahindhaugh11@trellian.com,Male
37234bc6-785d-40ab-a90c-f885f1e10862,Perle,Sporton,psporton12@arizona.edu,Female
f0d78b2c-c042-4d25-a207-c902ae84dd95,Pedro,Rieflin,prieflin13@blogtalkradio.com,Male
b30b07f6-8960-4f27-bfc9-c451fa875111,Korry,Lawlings,klawlings14@trellian.com,Female
a90ecaf2-5146-4bda-8237-c5ec52f509eb,Katrinka,Keenlyside,kkeenlyside15@skype.com,Bigender
2b06bd48-ca6e-4c26-bae4-f50fed88aa79,Cornall,Anespie,canespie16@businesswire.com,Male
65b4a27b-ee87-4eb7-8893-d180d4fbcaf0,Emilee,Enoksson,eenoksson17@illinois.edu,Genderfluid
10e26c9b-b39f-4f9f-bdc2-168f7ff71f60,Tonia,Broadbury,tbroadbury18@about.me,Female
bae2a550-4012-4b88-82d0-003fb97b26b5,Trumann,Pemble,tpemble19@miibeian.gov.cn,Male
75bda824-9e8d-4ae1-b408-f9a63c8b525a,Westbrook,Bygate,wbygate1a@toplist.cz,Male
2a5e3cca-9076-47ce-bb18-0d122222a4c2,Enoch,Balint,ebalint1b@addthis.com,Male
66c3514a-8de9-460a-b041-9a1800852f5b,Valdemar,Bratty,vbratty1c@mozilla.com,Male
f6b48829-28a1-474f-bb40-ca89a0d84f6a,Carola,Drover,cdrover1d@mapquest.com,Female
3d5c1775-33fd-4d0f-be41-26e211b95806,Darrell,Swait,dswait1e@etsy.com,Polygender
1df1dd9a-e2d2-4c17-9190-8ab9305a015a,Debby,Beushaw,dbeushaw1f@dailymail.co.uk,Female
6a48d006-af11-48f5-a0a9-40b9f92114d3,Verne,Gravenell,vgravenell1g@ibm.com,Male
3142cd8c-3421-406a-bfc8-f286b3027704,Minda,Eddie,meddie1h@ebay.com,Genderqueer
1268317c-3551-43a4-b4f9-91b44a5218c7,Gar,Morcom,gmorcom1i@businessinsider.com,Male
da4c8330-8ae7-4290-a07f-721d6e79a101,Neill,Dugald,ndugald1j@gmpg.org,Male
2379b6d4-0c8b-477b-9bdc-b93d289e954c,Carline,Minchell,cminchell1k@godaddy.com,Female
d4e19b69-34a7-489f-bcc8-32b349edd9dc,Terrill,Nears,tnears1l@ed.gov,Male
cf26925f-6dbf-4b24-a219-80ea6ed8a51d,Hort,Drogan,hdrogan1m@miibeian.gov.cn,Male
d983e2a7-2fd6-4389-b85b-016fb70dab47,Claudelle,Otley,cotley1n@twitpic.com,Female
7e68f5d3-5f6e-4d38-8cc0-c379da433e2d,Pascal,Tilbury,ptilbury1o@mit.edu,Male
e69e49e7-d7d1-4f0d-941c-1364681a1441,Gregg,Tibald,gtibald1p@issuu.com,Male
f6600fb0-d40f-4339-951a-139d19b41583,Hildegaard,Marsy,hmarsy1q@google.com,Female
b4e79401-09c2-4369-89b8-d0bdd216ea36,Karel,Bohler,kbohler1r@smh.com.au,Genderfluid
75838402-7faf-40bf-a42b-2e80fdbc09a5,Hakim,Paschek,hpaschek1s@furl.net,Male
daa0c3b2-e5af-4db0-9a0a-a2f950065a23,Concordia,Goldwater,cgoldwater1t@mozilla.org,Female
0882eba7-9ac5-4285-b902-6109390cc27c,Chico,Gauchier,cgauchier1u@w3.org,Male
9ba36199-72a7-4666-98df-dbf329422ac6,Lynn,Casine,lcasine1v@php.net,Male
a958812a-d4bf-4f68-9142-fdf178e0607c,Alain,Dust,adust1w@vinaora.com,Male
f47a1fa2-1545-40d9-b2c6-f5128f7d67f6,Billy,Battyll,bbattyll1x@tripod.com,Male
6a959b3f-2ba3-4c35-92c3-19faac049685,Laurie,Naismith,lnaismith1y@cnet.com,Male
5d773352-88f7-4582-b17e-856003c33a85,Che,Gon,cgon1z@rediff.com,Male
ef52f520-f042-47a3-af77-0f66f241123f,Parry,Mackrill,pmackrill20@adobe.com,Male
cd65f2d9-1c97-4d72-8c45-d80b73e0d8af,Bradney,McCaughren,bmccaughren21@ftc.gov,Male
9d8e6376-318b-4634-bfe5-cedcbb1a5b95,Bea,Tatum,btatum22@github.io,Female
4c82c46e-33ee-4919-8290-c026f0527952,Spencer,Whal,swhal23@hubpages.com,Male
f9e58c0d-2a05-4f39-8af1-f0db9a4f220b,Nonie,Goadsby,ngoadsby24@dedecms.com,Female
27c9ac31-a156-4b8d-933e-f9c1ad324031,Hirsch,Garrow,hgarrow25@imageshack.us,Male
dcb114ce-8dd7-423b-a1cc-ae733d64abb9,Blair,O'Loughane,boloughane26@about.com,Male
31f4a132-f737-4583-8948-06bcbe010277,Evania,Tibols,etibols27@naver.com,Female
58d63e09-d0c0-4ad4-8fe7-8f6e80de34fa,Delphinia,Jewel,djewel28@telegraph.co.uk,Female
5c2b7b85-288e-40c1-b5a0-394ce47b957c,Stephine,Ashelford,sashelford29@cocolog-nifty.com,Female
0aa71754-e754-4db3-8b37-0bccfa481e80,Aimil,Tenby,atenby2a@ow.ly,Agender
e47ca680-0ccd-458d-9851-bc4617cccffe,Moses,Ubach,mubach2b@goo.ne.jp,Male
8bc53cf3-ca5b-49cd-a163-07409ae7e52a,Dar,Guslon,dguslon2c@salon.com,Male
54a6c672-37cd-4dfb-b8b1-695a6e142168,Amabel,Burree,aburree2d@facebook.com,Female
b454f4bd-448a-459f-aab0-386ef4d45ed5,Isador,Biaggetti,ibiaggetti2e@apache.org,Male
dc7035e8-6ec9-4684-af0f-1abb1d081808,Aguste,Roxbee,aroxbee2f@51.la,Male
53e4f332-a122-48f1-b1f6-fca81f77d261,Les,Warfield,lwarfield2g@psu.edu,Male
6faa7e61-d819-433b-a97b-7d59ba31280a,Anitra,Storm,astorm2h@godaddy.com,Female
aa32bfe9-a935-4094-a30f-f71eed38a8b9,Maria,Staley,mstaley2i@census.gov,Agender
9f046de6-6241-4fe3-a2ff-0c96e59083b2,Lynnette,Matson,lmatson2j@reverbnation.com,Female
4422eaab-9132-47db-8549-98008b792b68,Sapphira,Ion,sion2k@alibaba.com,Female
a5ab5646-71ef-4e67-9820-f700b752357a,Horacio,Peeke-Vout,hpeekevout2l@mtv.com,Male
07f4b518-1b5a-46c2-99c2-3006a4d757fd,Matias,Harradine,mharradine2m@bravesites.com,Male
925923aa-e48f-4742-88ad-4e0c483639af,Marian,Kiddell,mkiddell2n@forbes.com,Female
3d5cda21-2712-4ca1-86ab-b4e156e62c93,Felix,Kynan,fkynan2o@symantec.com,Male
82f9c7a6-3798-4231-87b0-a3128e9db87d,Augustine,Mateos,amateos2p@irs.gov,Female
cb9dfb6e-7918-46af-b318-9ea7ea394161,Chrissy,Blease,cblease2q@go.com,Male
269f1dbd-182e-45f7-8be5-edcd813e6129,Delora,Houston,dhouston2r@cisco.com,Genderfluid
c8127373-93f7-4807-bc03-3df394891e5b,Uri,Hawsby,uhawsby2s@weather.com,Male
ddc2f84a-e082-4643-a483-0e7eccd81701,Patin,Beynon,pbeynon2t@domainmarket.com,Male
bc1aae2a-33fd-48aa-acbd-1452315a3ba0,Vernen,Kiezler,vkiezler2u@google.de,Male
a452bfd4-825d-4fe9-876b-7e8c4c0d8011,Casi,Postles,cpostles2v@t.co,Female
9cde118a-cfc2-4ba3-8184-0d8eaa4b9e26,Zonnya,Dryburgh,zdryburgh2w@moonfruit.com,Female
5c06c11f-bd19-4b9a-a1f7-b6c57965e8b6,Susan,Sailes,ssailes2x@oracle.com,Agender
dd1dde07-8f3b-4af6-9606-1fe4735ffbab,Franklin,Richley,frichley2y@princeton.edu,Male
24cbe407-3331-4b72-8a04-08da27279831,Leola,Hathwood,lhathwood2z@wix.com,Female
7f929135-cd87-4e91-823e-e35be751bbe6,Monti,D'Ambrosio,mdambrosio30@1688.com,Male
38ea3332-1c82-4c6e-9352-737709592ea2,Shae,Baudon,sbaudon31@dagondesign.com,Male
e1c457e1-f1dc-4855-addf-6d42bfd798bd,Harwell,Geraldez,hgeraldez32@ucoz.ru,Male
4cc3f25c-46f6-4d7c-b6bc-79a0a389c4fb,Tarah,Wedmore.,twedmore33@behance.net,Bigender
3bf9720c-317d-431a-9b39-dc8dda700cae,Adrianna,Bedbury,abedbury34@apache.org,Female
05682d7b-9252-4b4e-8a07-a6fb03db3924,Hadlee,Trymme,htrymme35@skyrock.com,Male
2c2d05da-f8f1-4a80-9eb7-f0b709eab8e1,Crystie,Toner,ctoner36@technorati.com,Female
6e558e27-0ac8-4276-9cf5-f5befee907eb,Barbabra,Rankcom,brankcom37@behance.net,Female
f55eef0f-ad0f-4e8e-b3d0-458c73259d05,Debera,Ommanney,dommanney38@paypal.com,Female
b7ccd116-e66c-4cf8-884e-e44f419c1a5d,Pammie,Teliga,pteliga39@linkedin.com,Female
bd501b38-6a34-47c2-931c-6b53ec3610f3,Hobard,Strognell,hstrognell3a@wordpress.com,Bigender
c9019e42-b945-4ae1-be0f-801b1af48cab,Kari,Kinleyside,kkinleyside3b@opensource.org,Female
4064f8e3-32d6-4a15-a32d-5cb70aeef023,Filia,Kleinstub,fkleinstub3c@cdc.gov,Female
d5078091-f929-45cd-a931-a7b67f2ab840,Carmelina,Lorenzini,clorenzini3d@sitemeter.com,Female
72528b7b-993d-41e1-b986-7db618459463,Ellswerth,Christoffels,echristoffels3e@mit.edu,Male
ee19fc95-89d8-40b2-9203-7b8a50692789,Nancey,Burchell,nburchell3f@youtu.be,Female
7ce15183-8d65-4f8d-9163-e2536f70cbba,Debee,Marquot,dmarquot3g@desdev.cn,Female
18ef1167-49f8-4f76-ae94-ad1032e828eb,Erhart,Ert,eert3h@eepurl.com,Polygender
e5d05b46-4019-474e-82f7-540bf53be4ca,Madelin,Langlois,mlanglois3i@nasa.gov,Female
613671ad-5117-4376-be5c-87217ee4e6d6,Tasha,Ratcliffe,tratcliffe3j@facebook.com,Female
f9a96a5d-978c-4602-9ad0-ed2d94fcc815,Chandra,Niesel,cniesel3k@google.fr,Female
ded21783-42d3-4b2f-b0f8-7c9bdef8a401,Sergent,Whereat,swhereat3l@hexun.com,Male
b8ae652d-be73-4cd8-81e1-f089843c1075,Anni,Stanley,astanley3m@mysql.com,Female
a8e377ce-fa68-4e02-a159-87a17fe53651,Fowler,Drinnan,fdrinnan3n@a8.net,Male
ed15be7e-3666-457d-beb7-19a09f649ef2,Muffin,Blackesland,mblackesland3o@cpanel.net,Male
18fd809a-6cd2-4a76-bf62-6454e66cc279,Jeanne,MacAdie,jmacadie3p@vkontakte.ru,Female
cfe5acfe-89c5-41fa-a318-d05622171925,Alena,Hallowes,ahallowes3q@marriott.com,Non-binary
c27b6104-d86f-450d-825c-750b068b3e06,Raychel,Biddlecombe,rbiddlecombe3r@economist.com,Female
a6b3e9fa-59cf-4073-9e37-9a7f6661c256,Jobina,Roddie,jroddie3s@unblog.fr,Female
99f9a710-ddad-4d62-b27e-179cfcaf0ae9,Ruby,Pinner,rpinner3t@newsvine.com,Male
0bfccec8-cef2-4b96-9bf9-27e2163a1080,Ransom,Loomes,rloomes3u@theatlantic.com,Male
9e577923-68cd-4d96-9db4-f58e7db080ae,Tommie,Poppleston,tpoppleston3v@google.ru,Male
3a55a1e0-0ec0-4e2c-a12b-6da16b9ab5c6,D'arcy,Simionato,dsimionato3w@nature.com,Male
e8071121-3dd4-480f-9045-4fe95ff58158,Candice,Arnell,carnell3x@altervista.org,Agender
1de0145b-1e11-4648-ae23-928d650fae3b,Dagmar,Mesnard,dmesnard3y@fotki.com,Female
2812b0dd-5ff8-4b95-9a87-776f8d822ddb,Silvia,Chataignier,schataignier3z@pen.io,Female
94370705-17c9-4352-80ce-956ef16a9a07,Gwenore,Attride,gattride40@paginegialle.it,Female
7888d5f3-1344-4ecc-ba7e-48366b5a657f,Merna,Pepineaux,mpepineaux41@seesaa.net,Female
29b578f3-0f3f-418d-bbe5-23fd96a11b74,Reginauld,Battson,rbattson42@dyndns.org,Male
d081574d-78f2-4e00-a496-8c3b6598439e,Dottie,Alliberton,dalliberton43@arizona.edu,Female
3cea807d-8469-48e1-a4f5-0beae7f3fa62,Nerti,Stitle,nstitle44@cocolog-nifty.com,Female
79dd8c5c-ffed-4b1a-9605-9110bf7ce50d,Benita,Dibnah,bdibnah45@domainmarket.com,Female
958963d2-2ddb-49d8-9e9b-6ba120fd0c27,Trstram,Frosch,tfrosch46@xinhuanet.com,Male
c86336a3-1759-4e6b-9dc9-7ae3faa5e8f5,Conant,Eneas,ceneas47@163.com,Male
82cad8e6-a705-4f07-9d6f-7c26b31e1392,Ambrosi,Tether,atether48@usatoday.com,Genderfluid
cd18308d-118b-4e13-be69-878ca89fb8fd,Rem,Hartfield,rhartfield49@slate.com,Male
d39b1908-e9d4-487b-8c21-e52db66287b7,Kimble,Galfour,kgalfour4a@nationalgeographic.com,Male
939ed11b-8e04-49f6-8cf6-9cdcf4d800fc,Emlen,Praundlin,epraundlin4b@last.fm,Male
bf356ff5-84fc-4c15-a644-29e21247dedf,Suzanne,Woolfall,swoolfall4c@instagram.com,Polygender
e66b03a0-8c8b-4f58-b3a7-2e274d5b862d,Uriah,Hale,uhale4d@goo.gl,Male
104f3948-5335-4312-9e99-cc36230bf5e3,Wendy,Mepsted,wmepsted4e@npr.org,Female
ee90604a-fd7a-4415-b929-190145db31d0,Pyotr,Seint,pseint4f@ibm.com,Male
1745cbfb-37c7-4d88-9e78-a8a0298d11ed,Nealson,Pagin,npagin4g@bravesites.com,Male
d73ecd13-aa69-49f6-b9c1-4e923f434604,Nicola,Spender,nspender4h@go.com,Female
4151f79c-9f7c-422e-b346-b57c69ca611f,Liv,Kops,lkops4i@earthlink.net,Female
820b94bc-b4b7-48ab-8fd1-a10e8d0a749e,Kingsly,Huzzey,khuzzey4j@fastcompany.com,Male
6f65f924-3551-4e5a-8cb3-45ee9ef7f0a4,Gratia,Bebis,gbebis4k@dailymail.co.uk,Female
0c119874-5d2d-4636-98f9-cb33ee68e45d,Regine,Achromov,rachromov4l@discovery.com,Female
3b89d023-8d8a-4618-a2f3-f30088619fe8,Ringo,De L'Isle,rdelisle4m@elegantthemes.com,Non-binary
b254625f-342a-4987-a6b5-b385e30dcb49,Mufi,Cornthwaite,mcornthwaite4n@marriott.com,Female
28686783-d266-4768-9720-78489aabb638,Gail,Hammell,ghammell4o@imgur.com,Male
f6fe4a54-5ab1-4766-9d42-ce3b8800e533,Biddie,Wickrath,bwickrath4p@psu.edu,Female
96b00e15-ea20-4783-ab3f-18477a86f04b,Horace,Ragbourn,hragbourn4q@lulu.com,Male
db264f40-ea84-48ee-a211-156df819d81c,Rhea,Noddle,rnoddle4r@jugem.jp,Female
4e45c65a-6e67-4acd-9c21-8b1d3d655a06,Rosaleen,Hunstone,rhunstone4s@nps.gov,Female
a7573789-f732-4591-8af4-826a11c18431,Levi,Sawrey,lsawrey4t@sina.com.cn,Male
1c668d96-a058-4880-9ec3-019bb30f98f8,Athene,Alcoran,aalcoran4u@sun.com,Female
bd9cf42f-5f83-491e-ac49-8128174c592b,Ado,Mackilpatrick,amackilpatrick4v@taobao.com,Male
7105e03e-fdbd-45c8-a569-8827416455e0,Marys,Bycraft,mbycraft4w@usa.gov,Female
d3eb17a1-f7d3-4cee-90e5-db737f38c9af,Zachery,Airton,zairton4x@timesonline.co.uk,Male
44b2fe11-2dd0-4a80-9f0d-8ecab72904c9,Aland,Tumioto,atumioto4y@addtoany.com,Male
0d825563-cc61-42c9-b6bf-95c171145215,Jacquelyn,Boise,jboise4z@cargocollective.com,Female
7b435657-a239-4369-ba92-7be8fd16a767,Vyky,Goracci,vgoracci50@ezinearticles.com,Female
de73a4a7-3fe8-4dc4-b0e4-235bb1143af6,Odele,Newcomen,onewcomen51@biglobe.ne.jp,Female
d3316f92-a878-4010-9de3-74da7c6b1cef,Hurley,Alti,halti52@printfriendly.com,Male
5a55b0bb-bca4-456e-9484-00a34f308168,Erena,Paxforde,epaxforde53@163.com,Female
37fd4318-bf2c-4728-8223-6f14663026b7,Gypsy,MacAndie,gmacandie54@dailymail.co.uk,Female
d2795857-f167-4016-886c-b1c9ca698e13,Axe,Cressor,acressor55@amazon.co.uk,Male
9e54c97f-bb77-4ca8-bd14-aae8feeb5709,Buck,Peyton,bpeyton56@taobao.com,Male
c82e1311-64b2-4aba-8525-79c9ac9af160,Diahann,Blaylock,dblaylock57@angelfire.com,Female
35767c7f-a098-46f2-bf66-1ea5f8ed289f,Ciel,Hanny,channy58@adobe.com,Female
d78764f5-8e45-4b9a-a9f0-dcb662f752c9,Piotr,Serraillier,pserraillier59@google.com.br,Agender
b7e5e069-c9a2-4842-aea2-814ed0ef883c,Vergil,Patience,vpatience5a@nifty.com,Male
0e21ce94-ef82-443f-a632-89379009a081,Wenda,Pally,wpally5b@t-online.de,Female
5683ae5f-5474-4631-bd11-3b8de9b4746c,Thaine,MacGaughey,tmacgaughey5c@parallels.com,Male
b2f1629e-44cc-4b83-ae8b-23ad700400d9,Myrtle,Maun,mmaun5d@ifeng.com,Female
5252cc25-974a-4210-bef4-70a7bd2cae94,Constantin,Grugerr,cgrugerr5e@google.cn,Male
a7ac9da5-9136-46b8-ae6b-7e4d5cea825c,Amil,Kearsley,akearsley5f@1688.com,Non-binary
b602d1a7-25a8-470d-8f50-d8fd8556b5d2,Bonnibelle,Blamey,bblamey5g@time.com,Female
44345f96-38e4-43eb-8720-6d7182f3c5f7,Miguela,Lammertz,mlammertz5h@gov.uk,Female
f218a73c-093e-4830-af66-b880cc25ab0b,Abigael,Leppo,aleppo5i@addthis.com,Female
5956c4ed-b66f-4f2c-b13d-56b1b9228ef2,Griselda,Brookton,gbrookton5j@google.pl,Female
e587870e-652a-448b-81f9-83ffd8471344,Evy,Wardhaw,ewardhaw5k@pcworld.com,Female
c8c578fb-f067-4fdc-bb86-b02a0c2ca8a1,Iseabal,Culverhouse,iculverhouse5l@hatena.ne.jp,Female
0f9468f1-7ac3-4418-891f-9712d8de4999,Cy,Rubbert,crubbert5m@bigcartel.com,Male
c54ab689-f7c0-413a-be84-9faa7a0efae5,Kevan,Dodworth,kdodworth5n@washingtonpost.com,Male
0a98e24c-7412-4819-80c7-f9788b2086f4,Legra,Silversmid,lsilversmid5o@ihg.com,Female
05f4db27-5298-4c9d-9238-598822a582da,Zacharias,Borris,zborris5p@pbs.org,Male
1cfb594e-0c07-414e-bf47-6b577c406111,Bentlee,Lovelady,blovelady5q@pinterest.com,Male
f64533ac-c580-4a70-8f94-1936df977e1f,Lenora,Utton,lutton5r@nbcnews.com,Female
6ac5cca5-64ff-4f58-b18f-6094fc3ac7fe,Deonne,Ahrens,dahrens5s@wikipedia.org,Female
9da7c020-8550-49f3-928f-5cd283503830,Ogdan,Cockerell,ocockerell5t@forbes.com,Male
dab6216e-ce3e-4df5-b214-fbdfd890c7c2,Derek,Deas,ddeas5u@live.com,Male
e5b8e9d5-25eb-4d6c-a007-7be1cf2f7b96,Pail,Accomb,paccomb5v@networksolutions.com,Male
e20265e8-f2c2-4f23-add7-0614ff2adbad,Syman,Akast,sakast5w@statcounter.com,Male
36d12943-5375-4970-b0ee-993118af59e9,Sumner,Veall,sveall5x@businesswire.com,Male
1db14527-3e74-4337-be80-f5a0374bdbe6,Brade,Doctor,bdoctor5y@ihg.com,Male
bc6652c9-3092-4af4-a987-4e739bb09442,Nerte,Scudders,nscudders5z@istockphoto.com,Female
04a97fbc-4be3-47e7-b374-bc76e6f5659c,Rubetta,Jeal,rjeal60@icq.com,Female
9bb9f428-1231-4545-af9f-73670bd86ae2,Vivie,Keets,vkeets61@wikipedia.org,Female
53fba2b3-03fa-4a7f-976e-5566026af7d2,Jens,Rogge,jrogge62@vimeo.com,Male
3d84f37b-cd3a-4060-a010-a1e29f2b7e13,Dacie,O'Connor,doconnor63@cbslocal.com,Female
81cb7dae-29dc-4d58-9fa0-efb3213a542a,Dennison,Gilfillan,dgilfillan64@engadget.com,Male
dd7c9f28-ba76-41fd-b017-c2b6a4832283,Gwenny,Ludovici,gludovici65@eepurl.com,Female
9e7b0dd9-3fb5-4615-bf7f-0336de4fdf60,Chloris,Dighton,cdighton66@ocn.ne.jp,Genderfluid
7e058038-af5b-4832-84d5-b1c2b6917b86,Dorise,Yanuk,dyanuk67@illinois.edu,Female
fe1f6702-9190-41b3-90bc-f5abbb0385cf,Lib,Betun,lbetun68@miibeian.gov.cn,Female
b341a0b2-4ea5-41dc-923c-1dffb2ea9318,Goraud,Noulton,gnoulton69@smh.com.au,Male
72a32ab6-b2c7-4058-a3b6-b3dc259102e3,Sarina,Sinnock,ssinnock6a@facebook.com,Female
3ee4c2ac-ef5a-4503-9e72-03ff298d283e,Ryann,Lubbock,rlubbock6b@studiopress.com,Female
f5be9e96-aec2-4f69-81d8-5383036376d9,Elisa,Marquez,emarquez6c@hp.com,Female
071c51f6-bdd5-4bdf-b991-9a4f705075c2,Nicolette,Thireau,nthireau6d@time.com,Female
6f3240f5-15ed-46a9-9753-b46186f3eff4,Lila,Willows,lwillows6e@tinypic.com,Female
6ded28dc-6b3b-4ab0-b4f1-efaaa9f4f828,Jen,Sutterby,jsutterby6f@clickbank.net,Female
cf00191a-3cc4-439e-9819-62d68125fb89,Dixie,Crosbie,dcrosbie6g@ezinearticles.com,Female
616c912e-62bf-41e1-96a9-bc1bb2206217,Price,Furzer,pfurzer6h@sakura.ne.jp,Male
dfbbc1ed-87ba-4611-a385-ff8c02489772,Rutledge,Dowles,rdowles6i@sohu.com,Male
c2e4fbd7-a2db-4306-a598-087382aa6b5a,Emilio,Dunmore,edunmore6j@cpanel.net,Male
ef7b9dfb-d56a-4233-b32b-583d0cf0e737,Rubie,Carlisle,rcarlisle6k@a8.net,Female
99f3cdcb-e073-4bc6-8a22-d5054fb4f7db,Caril,Grove,cgrove6l@abc.net.au,Female
f1b3afa2-e61f-40b2-ab4d-00237519933e,Paige,Ashurst,pashurst6m@geocities.com,Female
b63993d9-74a5-40f5-83d3-6eecef9ae2b4,Wynnie,Scotter,wscotter6n@artisteer.com,Female
5be5a5da-25e9-4b86-b613-074af9540dea,Heloise,Edmondson,hedmondson6o@tripadvisor.com,Female
e3fa58e1-6056-4306-84f4-62cddcb64e64,Gay,Oglesbee,goglesbee6p@tripadvisor.com,Male
259bd9a5-abc2-4fee-8bf0-e5a528de9dd8,Cesaro,Longwood,clongwood6q@businesswire.com,Male
b3311142-e01f-40b6-a2dd-535db8501692,Patrice,Sparhawk,psparhawk6r@dropbox.com,Female
5b8448de-9243-4a77-841a-33fbb6e81d33,Roselle,Abbison,rabbison6s@cafepress.com,Female
47e34133-269f-41c7-9ade-1704f18f6a9d,Bette,Jameson,bjameson6t@biglobe.ne.jp,Female
9acfac44-2082-47f4-b767-439fea72b1bd,Kira,Biermatowicz,kbiermatowicz6u@wunderground.com,Female
7484a436-ecde-46fd-bbec-9ded48c7237b,Chip,Kubek,ckubek6v@bravesites.com,Male
59609630-19fd-4aa1-9baa-d6c77a55424b,Marcille,Pahler,mpahler6w@naver.com,Female
795fc5a3-7ebf-44ba-adc6-a5fbd6a1caf7,Bond,Witsey,bwitsey6x@wordpress.org,Genderqueer
6b4a1139-d889-49cd-ac95-69ac798a9c09,Bowie,Vigurs,bvigurs6y@oaic.gov.au,Male
d4d186a2-c9b7-4820-93eb-c88b980c81c9,Alfonse,Beeson,abeeson6z@amazon.co.jp,Male
04cad0e3-9b69-48ba-bc69-c8f15de2a673,Stavros,Timms,stimms70@163.com,Male
57b969b9-c10b-4f1a-83fc-569862369630,Ardra,Low,alow71@ustream.tv,Female
82c1db8d-de1a-4329-be45-734bf52fc3ae,Dorri,MacMenemy,dmacmenemy72@goo.ne.jp,Polygender
044ec71e-73ed-4116-b888-353a29d6be19,Doreen,Mularkey,dmularkey73@homestead.com,Female
247f7765-b287-496f-a334-7a333613305f,Lucinda,Spittle,lspittle74@netlog.com,Female
979111bd-03f6-4c71-9843-8f8c81743b5c,Tobe,Prahl,tprahl75@epa.gov,Female
37c983c6-9867-4082-b9fd-81b2c55aad6e,Lillis,Brydon,lbrydon76@yahoo.com,Female
2805315a-95c4-40ae-bf59-a2793d03b2a8,Mehetabel,Vyel,mvyel77@nsw.gov.au,Female
5cf78e49-29e2-4291-a615-c1a83c966ec5,Constanta,Ipsly,cipsly78@seattletimes.com,Female
13121824-4bb6-4e2d-a694-e2b207f52d5c,Cameron,Degoy,cdegoy79@answers.com,Male
6b401414-2b6a-4ca2-86c1-9adb1d2bb35d,Eberhard,Pechold,epechold7a@hud.gov,Male
93cd2386-3c79-422c-abd4-95fa615efb8f,Hallsy,Dreger,hdreger7b@discovery.com,Male
6eca587c-d101-4dfc-9075-3ed3f8eca8dd,Cristabel,Charville,ccharville7c@naver.com,Female
9ecac76b-90b5-4080-9631-3c424fdc9609,Irene,Wollrauch,iwollrauch7d@usda.gov,Female
d90c3924-8c59-4e94-9573-351702c493d6,Raddie,Wymer,rwymer7e@dell.com,Male
57ccb7d2-4234-4d12-9d9a-32b743bd1edf,Gaby,McHale,gmchale7f@fastcompany.com,Female
52fbe113-1154-48c3-b4b6-ea6cf9e8ad3b,Aloin,Corness,acorness7g@guardian.co.uk,Male
62c967d6-2404-4a53-be9e-1c910604d619,Whitaker,Basnett,wbasnett7h@woothemes.com,Male
6754504c-5a5b-4344-84c0-abba6706ad1c,Mohandis,Kernaghan,mkernaghan7i@economist.com,Male
0c86ef5a-f418-4c02-9c56-a3eccba80d6e,Krishna,Wintour,kwintour7j@yandex.ru,Male
842069b4-0cb2-44b2-aeab-2188dcee77db,Ophelie,Sweatland,osweatland7k@google.pl,Polygender
6a93bbe0-635a-49b6-b87c-380972eb3bf1,Sharia,Gillford,sgillford7l@webmd.com,Female
45001df9-39a2-4bb7-afa0-87bcb4c940c8,Dorise,Stoven,dstoven7m@goodreads.com,Genderfluid
e8f1eb63-a0e1-4356-a308-3294ad5f72f4,Porty,Sorrill,psorrill7n@census.gov,Male
be356d06-d457-47df-8683-202d4d3173a8,Clementius,Whiteman,cwhiteman7o@qq.com,Male
ace211dc-5660-437a-abe8-c2cb3567d22d,Jacques,Cutmere,jcutmere7p@wiley.com,Male
aea738df-883c-45f1-ab66-607a3feb8e36,Kai,Kix,kkix7q@histats.com,Female
302084f6-005d-4bc9-81ea-da8b449b789c,Son,Wrotchford,swrotchford7r@forbes.com,Male
ecc3bf6d-e9d8-4df6-a7f0-22fe1972d158,Nertie,Cornell,ncornell7s@ifeng.com,Female
0572703e-c996-473f-9433-5a5dc7c97990,Marge,Ozanne,mozanne7t@fema.gov,Female
2ff0055a-2099-47e5-84b4-672e63f41361,Drake,Kemmis,dkemmis7u@intel.com,Male
5e5520cf-5b5c-4972-b642-ee3c95af725b,Marnie,Westerman,mwesterman7v@addthis.com,Female
135a495e-0a22-4ef6-a0d9-74f51e4178b0,Teodoro,Alesio,talesio7w@com.com,Male
cc7b248f-198b-453a-9b7b-05e06c917a09,Sibylla,Shoorbrooke,sshoorbrooke7x@etsy.com,Female
28890d83-78c0-487d-921d-20687ca5e2b6,Arlen,Riccardelli,ariccardelli7y@discovery.com,Male
670b3bf9-f108-4a23-9631-5b85f1657f69,Hynda,Powton,hpowton7z@springer.com,Female
16fc5072-8f75-4b98-b902-4d83f9b3a0f5,Sharl,Casier,scasier80@japanpost.jp,Female
8377a2f7-1fd2-4b27-8915-da69821930d0,Derek,Kellogg,dkellogg81@reddit.com,Male
96dfc6bd-4ee1-4cf3-8fd5-c090d15a9e22,Marijn,Stearnes,mstearnes82@jimdo.com,Male
211a56ed-56cd-4a4a-a935-d5b82ce1434a,Hobart,Blackater,hblackater83@upenn.edu,Male
f194cfd1-5d8f-42df-841b-74a6479736b1,Kelby,Creasey,kcreasey84@1688.com,Male
9fa720a3-79ff-4137-a963-5ff6aded47c9,Loydie,Windebank,lwindebank85@cdc.gov,Male
120730c9-fa39-4d19-8a60-3b00a9f19d79,Ross,Winchcum,rwinchcum86@g.co,Male
a8f5ebdf-3313-4cd7-95ef-1be8ad8a0147,Ivie,Durban,idurban87@ftc.gov,Female
b5c6ddd6-ecb6-4c3b-a4ac-e886566d1e44,Lyman,Van der Velde,lvandervelde88@auda.org.au,Male
f639ebe2-95df-41dc-a7cf-e21b8601ff81,Orland,Behling,obehling89@zdnet.com,Male
b6941f80-036d-44b4-8591-f26dcf5aba5a,Erminia,Kynnd,ekynnd8a@berkeley.edu,Female
d661af4f-8ebd-467e-b1a9-d138b6d90e82,Talya,Dreigher,tdreigher8b@canalblog.com,Female
f0a05c52-525e-4e22-b24b-8e53d8f7ef37,Darryl,Balden,dbalden8c@china.com.cn,Female
e775ffbf-a5e1-4823-b1c5-4649a83ad800,Elden,Benstead,ebenstead8d@google.com.au,Male
a71d1c73-7cee-4da4-a85e-0c7e4f24784d,Kamilah,Gauson,kgauson8e@google.co.jp,Female
fbce0270-952f-4671-8b7a-a8b0d95716d8,Tanney,Tremble,ttremble8f@ted.com,Male
8c7d425b-d38e-4eaa-9d0d-8462a9fa8922,Odilia,Skene,oskene8g@mysql.com,Female
67a532a8-5d6f-4dcd-bd5e-ecca29c4be8a,Noe,McGready,nmcgready8h@ftc.gov,Male
503d622b-8a72-4b63-8d22-0ee279c05717,Anjela,Facher,afacher8i@miitbeian.gov.cn,Female
07407a36-e576-491e-9862-08f72de9f8af,June,Townsley,jtownsley8j@theguardian.com,Female
08853137-da14-4872-be0c-3eb96fe275d7,Stanley,Salamon,ssalamon8k@list-manage.com,Male
ea449148-dbda-43a6-954d-489113c464fd,Desmund,Ockenden,dockenden8l@histats.com,Male
c101e0c3-3f71-4e51-b70a-4881bb24c0f6,Roma,Halwood,rhalwood8m@huffingtonpost.com,Genderfluid
24560b72-ec71-4f82-82a4-c101ddc818ba,Judie,Basset,jbasset8n@paginegialle.it,Female
43c63050-b31b-43c9-a974-7856aa4c5a12,Eve,Groucutt,egroucutt8o@wikipedia.org,Female
3bdf4330-954d-4c84-a8b2-8a40e24d109a,Theo,Benting,tbenting8p@netlog.com,Male
0693afc1-38d2-4fb9-abf1-588f6176bf46,Normy,Jurzyk,njurzyk8q@twitpic.com,Male
58b06d82-d017-4c71-8964-831d97ec5956,Pippa,Dictus,pdictus8r@is.gd,Female
45cdccad-c723-4c0a-90a4-21e8df156575,Ham,Puzey,hpuzey8s@walmart.com,Male
45538e0f-1671-46c4-a55c-f416b42a12b5,Cristobal,Mendoza,cmendoza8t@dailymotion.com,Male
4f091271-bb79-4238-b26b-f5c7fe2131c9,Catina,Light,clight8u@apple.com,Female
e7082c12-ab33-46fe-93f6-bef90f807b77,Myrah,De Ruggero,mderuggero8v@jigsy.com,Female
c0ace3d8-34d7-473e-b946-1d74468c1aa0,Dill,Yon,dyon8w@istockphoto.com,Male
dbcf6c16-a6c0-4aae-9a60-48496610b7bb,Valentino,Noye,vnoye8x@blinklist.com,Male
15ec127b-8381-4207-9d34-8698ffb7b323,Petrina,Fetherston,pfetherston8y@last.fm,Female
b5c74b6b-7c12-4d0d-a80a-8aa37936fcb2,Danya,Carnew,dcarnew8z@cdbaby.com,Male
82d4c7f1-18dc-4037-98a7-9581daf080d0,Gerick,Cancellor,gcancellor90@bing.com,Genderqueer
a8fa8cda-85dd-4bd2-a296-16c6d99b5d6c,Ginny,Farraway,gfarraway91@netlog.com,Female
00611e92-c2a5-421b-9104-7df6405d0152,Marty,McBain,mmcbain92@liveinternet.ru,Female
d7411d51-d7e4-405a-8759-ee8b214988cc,Kath,Kerwen,kkerwen93@jugem.jp,Female
0071b3eb-2a79-4bc5-b875-8b6212e13ee8,Rhetta,Bowra,rbowra94@upenn.edu,Female
4ffce8be-6a4c-488e-80dc-6266f1592ef6,Lonnie,Santon,lsanton95@acquirethisname.com,Female
2c0dd76c-8888-4db7-8bd0-305d6804b94e,Myra,Dutteridge,mdutteridge96@wired.com,Female
e7facd25-61d2-4661-8aa2-d4dc1dcc8c7b,Orsola,Durnford,odurnford97@yelp.com,Female
865f1c80-a755-458d-80ca-2de5331d29e1,Chloris,Cherryman,ccherryman98@yahoo.com,Female
8082b569-a026-4e8e-80f9-e61c2bf1f4ac,Issie,Elleton,ielleton99@mtv.com,Female
50ee2fc3-530b-4aa8-9480-ea5b210ca431,Marlowe,Dowears,mdowears9a@rambler.ru,Male
7d853226-4767-4e18-b3e5-0d0c90ddc77c,Eugene,Jelf,ejelf9b@yelp.com,Male
cc11e599-4960-46ba-ac0c-2c3309218098,Luis,Dimitriev,ldimitriev9c@usatoday.com,Male
e647e53a-49ef-4d44-913e-64e4e6f1d955,Gabey,O'Cahey,gocahey9d@time.com,Female
055470ea-7903-4b10-a35a-1752a516678b,Ewan,Klementz,eklementz9e@sun.com,Male
710941a1-8b3d-42f2-b327-c9d6dfee4de8,Niels,Meharg,nmeharg9f@yale.edu,Male
90bbff38-11dc-4ddd-bfcf-8cd5b91d2653,Patsy,Luck,pluck9g@admin.ch,Male
9ed846ae-de2c-45b0-bc6f-1f9f95b90a9c,Carolynn,Nolleth,cnolleth9h@state.tx.us,Female
6d1bdbeb-a231-4d42-aff8-f3570862933f,Jonie,Rennolds,jrennolds9i@hp.com,Female
ee0e4270-a850-4407-a0b6-7c5699022c42,Netta,Bulloch,nbulloch9j@free.fr,Female
0347847f-6c79-410c-8d7d-2c9762d0edf2,Enrico,Kearton,ekearton9k@dion.ne.jp,Male
0a73e209-abaa-4bab-a06a-72ce1a203649,Adara,Chestney,achestney9l@smh.com.au,Female
7ebba316-1ef6-47d5-92a0-b9710202fbec,Roslyn,Debold,rdebold9m@microsoft.com,Female
44b22142-c51b-4e84-a2f4-986cbc30eec8,Elmira,Cockaday,ecockaday9n@china.com.cn,Female
1ef10557-1ae3-4d2a-925a-2b3d9298fbec,Duncan,Bayns,dbayns9o@state.tx.us,Male
fdd19b4d-d8c1-4ef2-8047-00c2ae4b4067,Pyotr,Maroney,pmaroney9p@mapy.cz,Male
e6811c6c-c45e-43f0-b869-a6b313fa263b,Donnie,Kemmey,dkemmey9q@twitpic.com,Female
f7c81cde-cc5d-4486-b003-41bc9428464e,Kata,MacRannell,kmacrannell9r@vkontakte.ru,Female
24486baf-ac69-440a-b653-aa8e99099968,Tawsha,Fieldsend,tfieldsend9s@youku.com,Female
97358b70-8711-4f5a-98b0-ca6e36a1c7ea,Eugine,Silvester,esilvester9t@youtube.com,Female
f59d1c9a-fbbe-49eb-9760-fa00910788de,Eugenius,Odgers,eodgers9u@clickbank.net,Male
9c3da7e3-ce19-46df-b246-3af51a0f74bf,Godfry,MacGibbon,gmacgibbon9v@aol.com,Male
231c9088-f676-41a4-ba2d-2787f0d74c4a,Clea,Haward,chaward9w@flavors.me,Female
ec50362e-6480-4874-a847-2bfd26511689,Valentine,Esmond,vesmond9x@furl.net,Female
02ea5b24-e8a5-45cc-bba2-04288b78d6eb,Letisha,Loney,lloney9y@dailymail.co.uk,Female
5b3fdd85-c0de-4dc7-8431-9932b137e67b,Wenona,Morling,wmorling9z@census.gov,Female
207a5f98-b527-4bf3-bbbc-4bbdd4a84e08,Neda,Adnam,nadnama0@netlog.com,Genderqueer
6c2c5bb7-ec23-4449-a7d4-02dd65304875,Gillian,Conklin,gconklina1@mozilla.com,Female
ba0b3910-5b0f-43fc-947e-63feef0d0d72,Kory,Strodder,kstroddera2@bbb.org,Male
099744e6-f43f-4d3f-9a4e-8445397a2faf,Willie,Saynor,wsaynora3@github.io,Female
acee1132-98a5-4dc6-bab3-8dae220e6751,Kirbee,Scranedge,kscranedgea4@bbb.org,Female
93fb5458-ad94-473c-b2da-d3b55ed2a92b,Bancroft,Scrivenor,bscrivenora5@marketwatch.com,Male
e45cd345-fd80-48a0-93fa-1176bb1ddd11,Dar,Bryer,dbryera6@homestead.com,Bigender
50b4e43e-265e-4590-be06-cacd380e5235,Wilmar,Leslie,wlesliea7@npr.org,Male
68ca18e1-9f1d-454d-8ea4-f9ab6f5cbdd5,Sibel,Philpault,sphilpaulta8@soundcloud.com,Female
7c234ee4-10d1-4a8b-9585-9e76fb2d4b7c,Kayle,Iwanowski,kiwanowskia9@geocities.jp,Female
04d52784-a33e-4a14-af39-e617000f0885,Kirk,Philippault,kphilippaultaa@yellowbook.com,Male
4c63a2bf-0c5b-46c7-8d9f-eaa65ea8a2e7,Dedra,Copestake,dcopestakeab@eepurl.com,Female
fbf8b00c-dc15-40e4-8fde-5b77aedf73d8,Deeanne,Fullegar,dfullegarac@infoseek.co.jp,Female
98abd1be-9000-4967-befe-9b05af989e3c,Hallsy,Friedenbach,hfriedenbachad@howstuffworks.com,Male
4365457d-071d-4f5c-be11-666e636b3a65,Alida,Whiston,awhistonae@blogs.com,Female
19e6de62-6c9a-4440-9f4a-9e8e1ff396b9,Tabby,Gawke,tgawkeaf@ihg.com,Genderqueer
adcfae2c-5f77-4d30-8774-8cc003739e78,Dulci,Lemanu,dlemanuag@clickbank.net,Female
b678d10b-90a6-4597-8038-75f1bf065fc4,Andy,Rabjohn,arabjohnah@bluehost.com,Male
33956605-ea3a-4f5f-84f5-8d5f78ac23b2,Ardyce,Loddy,aloddyai@amazon.co.uk,Female
334701fd-b933-4810-96f7-59bb1f0f3780,Leroi,Buckner,lbuckneraj@shinystat.com,Male
e1d79dd1-a506-466f-80f7-2dfdcf41e171,Ursulina,Parffrey,uparffreyak@vk.com,Female
58fc6c98-8787-43cb-b5c4-93ee33bf2c97,Alistair,Diem,adiemal@shutterfly.com,Male
e2858902-56e7-41eb-afa0-31feda63dd5f,Albertine,Bearcock,abearcockam@nsw.gov.au,Female
92a8d6d3-5054-4faa-9d23-1df8eaa9bdf8,Irvine,Realph,irealphan@wix.com,Male
25f1c84c-c8e3-46d0-b73f-b24d3b1718ae,Leese,Gianiello,lgianielloao@vk.com,Female
657edb51-d754-4f81-9172-24ea32938d8c,Graig,Cramb,gcrambap@fotki.com,Male
c02bf40e-e3d8-4c74-93e9-a9521d9796ff,Jeanelle,Ollerearnshaw,jollerearnshawaq@zimbio.com,Female
693bdbfe-ea79-483e-aef2-869881dd9199,Roley,Altimas,raltimasar@mlb.com,Male
f703be77-1dca-4611-b238-eb285d439b6a,Sondra,Clayfield,sclayfieldas@youtube.com,Female
9b6d327f-cc4a-4ae5-baef-fbd84efdf31c,Mack,Ingles,minglesat@unesco.org,Male
68c7f47f-0440-4c7d-925d-2535677f2b51,Lenci,Twinning,ltwinningau@arstechnica.com,Male
c3f2a2db-1a7b-4cb7-ba79-690e2c9a9ecf,Gilbertine,Bayley,gbayleyav@360.cn,Female
52a5d542-2813-47b4-917f-f17d7c74f18b,Cybil,Stranio,cstranioaw@bbb.org,Female
38ab500e-7f27-4ade-87b1-dd5786d917a9,Alli,Munkton,amunktonax@adobe.com,Genderfluid
f4939a50-f1ed-467b-8313-5f2828f4dc81,Odey,Gilardone,ogilardoneay@aol.com,Male
24bd4940-82be-4e69-ba32-b2fb99871f35,Verge,Kynnd,vkynndaz@github.io,Male
89925823-ffa0-4ed5-bb4b-d9a35e46f68d,Chere,Pfaff,cpfaffb0@buzzfeed.com,Female
532f606c-a01d-4ac6-9a67-0fbad981755d,Leelah,McAdam,lmcadamb1@eepurl.com,Female
14608ad4-a05c-467c-b945-c0e676d520e0,Grady,Oloshin,goloshinb2@taobao.com,Male
250f3543-101f-483b-a941-4bb4f16e888e,Sherrie,De Hailes,sdehailesb3@hubpages.com,Female
2c05f049-c3c3-4d17-ac26-5f5f2efce21d,Stavros,Meier,smeierb4@macromedia.com,Male
97a8ad9d-8f74-43a5-a8a7-02b58ea0f896,Filmore,Northage,fnorthageb5@fda.gov,Male
af80a45d-3f0e-479c-b062-302d950909fa,Doe,Biernat,dbiernatb6@imgur.com,Female
f2cecd7d-1ea5-44d8-b68b-72e9dbfdb553,Freeland,Christley,fchristleyb7@tiny.cc,Male
98d61a69-fe99-4f9e-8e3a-2627f417efc6,Carmela,Fallen,cfallenb8@google.com.hk,Female
db6df0c6-6ed6-4538-a3be-9472f4008cef,Dieter,Tranter,dtranterb9@shop-pro.jp,Male
d2d5afd2-3dbf-445a-8a36-fcb3918e483d,Brittne,Hastler,bhastlerba@gov.uk,Female
83e3b74b-8409-4121-bee6-5eda260f95ad,Meredeth,Gladebeck,mgladebeckbb@a8.net,Male
674ab76e-42cd-42a0-ac70-5ce5fa40d681,Phillipe,Haking,phakingbc@accuweather.com,Male
c403d2cf-e5cb-4a84-ac6a-b439f848198b,Deeann,Basterfield,dbasterfieldbd@wordpress.org,Female
147da040-f991-4097-9232-1267ff338981,Daphna,Hundal,dhundalbe@dion.ne.jp,Female
0de970be-b447-4e3a-8d1b-2880009f59a5,Salvatore,Layton,slaytonbf@alexa.com,Male
4aaa1edc-56d5-4e41-bc62-63d510adaa82,Theressa,Burdas,tburdasbg@amazon.de,Non-binary
0d927eb0-097b-490f-a838-c9ef1efc89fa,Kayle,Whitington,kwhitingtonbh@alexa.com,Female
4ebb13f8-7348-48ea-b910-ae36c56168c3,Sarena,Christiensen,schristiensenbi@netvibes.com,Female
ee251ea0-310a-4e50-9f36-1b599448a205,Clem,Everly,ceverlybj@hubpages.com,Female
b7eda925-42c3-4cc8-831d-b76041383266,Sibyl,Gerritzen,sgerritzenbk@t.co,Female
c2ae76f9-eaf4-40b2-aca7-a13602990fd9,Barnebas,Odcroft,bodcroftbl@seattletimes.com,Male
df764322-c521-4e31-8bb7-99e102246059,Wilhelmina,Benettini,wbenettinibm@springer.com,Female
34eb8384-41c3-48a1-9c6a-953b334dd02c,Gaylord,Cappel,gcappelbn@topsy.com,Male
c8110c4b-588f-4bd5-85ae-7a6fbf999a17,Tanner,Minget,tmingetbo@springer.com,Male
25b612b4-dc7f-4393-859c-fa61fdceffe3,Ardene,Lipscombe,alipscombebp@simplemachines.org,Female
e1f576b4-cac7-4fca-9445-49af1aece41a,Rey,Carl,rcarlbq@npr.org,Female
96199cb9-ad9b-4f31-8797-b2775c12f9ba,Collette,Wreiford,cwreifordbr@ted.com,Bigender
41545436-21b4-45c7-9148-95cdea9b9250,Reynard,Mizen,rmizenbs@who.int,Male
649c6505-afe8-4ee3-b2c4-1d784f056373,Hernando,Leatham,hleathambt@w3.org,Male
ddfddad9-28a4-4163-83fa-47af061e7f69,Neala,Filippi,nfilippibu@miitbeian.gov.cn,Female
549cf926-6707-49f3-bfa7-5644276def4a,Sigismund,Litterick,slitterickbv@mit.edu,Genderqueer
219b4eb7-defd-405e-a356-56dff0b6fbef,Shir,Blumfield,sblumfieldbw@ihg.com,Female
c578a2e6-cfe7-47ba-89e9-716cb866aa16,Anissa,Leachman,aleachmanbx@baidu.com,Female
e3160e3d-b852-4b4e-b6aa-056b4038b123,Mose,Romeril,mromerilby@latimes.com,Bigender
5cd5c76f-fefc-4794-87de-4b5d87c45448,Tedi,Vear,tvearbz@google.ca,Female
9b87383c-3ba3-45e6-8a8d-b53abc123be2,Evey,Hearl,ehearlc0@aboutads.info,Female
11a82206-ee37-4279-8cda-6b0b2b12e634,Vicki,Boldry,vboldryc1@slashdot.org,Female
11d220c8-5133-4b3e-ad89-df08ae3dcd87,Myriam,Plewright,mplewrightc2@microsoft.com,Female
436f917b-b42f-4d2e-bd39-fe807f7ad2db,Collin,Terne,cternec3@mlb.com,Male
9e308b78-4e99-47e6-8aa9-4283ce7da65a,Andree,Iacovini,aiacovinic4@scientificamerican.com,Female
b8cf2462-704a-4974-9190-8e45a02a2b2c,Nevins,Harriskine,nharriskinec5@wufoo.com,Male
c769b9b9-643e-48eb-9e96-ce5aa6db6cb8,Kathye,Eagleton,keagletonc6@sciencedirect.com,Female
1d5b3d00-a5e2-447f-918b-007990bd4fcc,Kennan,Carbert,kcarbertc7@comsenz.com,Male
80d62951-69fd-45e4-a0f1-699e77f4b2b8,Mervin,Fackney,mfackneyc8@umich.edu,Male
34b961e4-9f32-4683-9cae-c91a23c14a91,Rodge,Gateland,rgatelandc9@miibeian.gov.cn,Male
479bc771-c47a-4120-b897-4276763ecca2,Jerrome,Feye,jfeyeca@instagram.com,Male
48112abd-737a-42aa-886b-332f24b6eacb,Renard,Laven,rlavencb@seattletimes.com,Male
f88bf73e-679e-4746-9864-f90fe0b56144,Ezmeralda,Battill,ebattillcc@histats.com,Female
eb95bb5b-2c98-497e-8982-a7ef7f0cd6f2,Sean,Dafter,sdaftercd@bravesites.com,Male
0ccaafa1-40c6-4c60-8651-09565f199ba5,Heather,Hanley,hhanleyce@yandex.ru,Female
a6c66ad3-ff07-4d30-92f4-6c1b819e8633,Neill,Driffield,ndriffieldcf@paypal.com,Male
f2bd7c24-7998-4743-961d-6029b545a2f3,Henrietta,Gronaver,hgronavercg@statcounter.com,Female
1ed973a3-b5e4-4a0f-a8e9-e93369aebec1,Marylee,Bowshire,mbowshirech@guardian.co.uk,Female
2a8561a2-f887-4522-a87b-7dcf8d3a84c8,Georgianna,Durek,gdurekci@ocn.ne.jp,Female
c1e6186a-5121-46ce-b4bb-6a61464d94f5,Christalle,McGuirk,cmcguirkcj@biblegateway.com,Female
7c162b6d-610b-4ce8-9f0c-099036a62aa1,Tabbie,Witten,twittenck@geocities.com,Female
a9204f4b-0cce-4e10-81ad-a98445cf4745,Corabella,Welbeck,cwelbeckcl@tripadvisor.com,Female
01353215-9cdc-4a22-85ea-cdf142c3e10e,Cort,Stratiff,cstratiffcm@ustream.tv,Male
a84f20c0-56c4-455e-acef-7c714c9096aa,Patrick,Harrington,pharringtoncn@cbsnews.com,Male
d0e38437-2940-4138-84c6-76e2dcc343ee,Theobald,Kondratenko,tkondratenkoco@bbb.org,Male
0aef2648-ac3d-4648-9407-0368b4d67721,Dedra,Rostern,drosterncp@godaddy.com,Female
2b4ec121-3432-4f1c-bd25-e6d2b7526515,Alwin,Georgel,ageorgelcq@opensource.org,Genderqueer
408c591e-d907-4d03-9206-fe001f169f7f,Corena,Stoop,cstoopcr@homestead.com,Female
b5a43183-545a-47bc-9d07-d061b9a29bd7,Nahum,Fancet,nfancetcs@prweb.com,Male
e956fe55-4139-4350-92a2-cc31771828d8,Myrwyn,Peers,mpeersct@blogs.com,Male
dabdf5d3-eb69-438b-9f21-9400a12b0ddf,Alfie,Rolinson,arolinsoncu@usa.gov,Male
5a8273c9-4999-4e12-aedc-0e9abbf8e8bf,Wilhelm,Levins,wlevinscv@pbs.org,Male
0565956a-1976-4ad3-a248-d53afb599c54,Janet,Suero,jsuerocw@hc360.com,Female
2a621a9c-2e63-46bf-8e13-4345a1cdbb58,Nat,Ainsworth,nainsworthcx@usatoday.com,Male
d993761f-69f2-49a7-ae6f-4ebf55ffdadb,Madison,Ariss,marisscy@gmpg.org,Male
907a5c8d-5fa0-43e5-8190-1575c8db05de,Zea,De Roeck,zderoeckcz@jalbum.net,Female
26a01932-8553-44d3-8e69-23b12201d2f1,Gordy,Roddie,groddied0@networkadvertising.org,Male
71193099-6033-4e07-beca-1734b153cd2a,Baudoin,Toomer,btoomerd1@nps.gov,Male
5841fd1f-249f-4a19-ba69-c584d23d05b3,Dannye,Corre,dcorred2@cpanel.net,Female
5c1898fd-9b09-4619-91b2-f36d49f06b3c,Marven,Ramsdell,mramsdelld3@tamu.edu,Male
1ab75c65-f9fe-4ab3-9d32-bc09e36ce642,Jeth,Cicchinelli,jcicchinellid4@phoca.cz,Male
fcfe3b35-d827-43a8-b027-37f108f04d57,Cristy,Carder,ccarderd5@nationalgeographic.com,Genderqueer
f1037295-02cb-4385-a77d-c23fe44368d6,Corrianne,Grinikhin,cgrinikhind6@house.gov,Female
95a9cf5c-8e44-40e6-81b7-fb3353928bd3,Else,Klinck,eklinckd7@bloglovin.com,Female
1f184875-24e5-4d67-a707-612f663f00a0,Jonathon,Mixhel,jmixheld8@miibeian.gov.cn,Male
af72d29f-68d9-4994-aaec-bf3caee7a577,Jefferson,O'Lochan,jolochand9@1und1.de,Male
2805b2b1-139e-465a-be09-bfa365473475,Jeannine,Sutherby,jsutherbyda@marriott.com,Female
485790d7-7081-4fff-b4df-b3df63d0550f,Frazier,Gilchriest,fgilchriestdb@mit.edu,Male
1e86e671-530e-411c-bef7-07291b1955a5,Nerte,Caulwell,ncaulwelldc@goo.gl,Female
db962f2f-db94-4ca6-8f20-00ca3ba43f41,Maible,Thomesson,mthomessondd@wikipedia.org,Female
328ff8da-f639-4f1a-b346-fd3d61b63e03,Adam,Lawdham,alawdhamde@hatena.ne.jp,Male
25a86274-8957-4558-9487-409a646edacc,Rustin,Creddon,rcreddondf@sbwire.com,Male
19598e54-e370-4215-bd1e-616260f61d02,Wit,Sutherns,wsuthernsdg@plala.or.jp,Male
361359ae-153b-48e8-a7ce-8e9a502828b3,Iago,Terrington,iterringtondh@yellowpages.com,Male
1ececb3b-f6ee-45a9-bfb2-8e6235499843,Kittie,Zelner,kzelnerdi@hostgator.com,Female
fa21b993-c523-4844-8fec-f39825777127,Deonne,Trimme,dtrimmedj@chronoengine.com,Female
455eae92-96cd-4dc2-93ee-b73d3d9e738b,Delaney,Louca,dloucadk@clickbank.net,Male
048a5a9d-0965-42f1-9ed5-1282eb74ad28,Delbert,Bodiam,dbodiamdl@behance.net,Male
4e5168cb-7941-4798-bc8e-752288e72226,Pete,Keough,pkeoughdm@hostgator.com,Male
52787241-7454-48a2-885a-dc90cf351a0a,Say,Shottin,sshottindn@privacy.gov.au,Male
6b11ecda-868d-4233-82e5-8006bdab4236,Modesta,Gumbley,mgumbleydo@yolasite.com,Female
ba2b75be-b14f-4655-a7e3-12c807b10bc6,Jamal,Hansill,jhansilldp@dailymotion.com,Male
ec47812f-3049-4543-bc00-832a0503a57a,Collie,Niezen,cniezendq@unc.edu,Female
cee85039-97ae-447d-9993-3a79c30a9630,Kassandra,Brownscombe,kbrownscombedr@narod.ru,Female
44759c10-25c3-4103-a92f-4983b6d48b1c,Bartholomeus,Edser,bedserds@mail.ru,Male
935b364b-7532-49de-b055-64b1ee4be0fc,Terri,McHardy,tmchardydt@adobe.com,Male
a55d5f70-25ab-488b-8fba-13f02e7fb142,Selena,Tumber,stumberdu@theglobeandmail.com,Genderqueer
14953bc9-0b9a-4f43-9a92-e4776dd87aed,Salem,Stuckow,sstuckowdv@exblog.jp,Male
2358a5da-60c5-4ec6-b854-a5cd45ff66d2,Malachi,Bygrave,mbygravedw@prweb.com,Male
633a3876-4b8e-4491-b096-683588dd0b11,Fenelia,Siemons,fsiemonsdx@blogspot.com,Female
129442a6-a2bf-47d5-9abf-46e0487e42b1,Karim,Meadway,kmeadwaydy@berkeley.edu,Polygender
cf8db45e-5609-4470-aa7d-a007fb1fcded,Adelbert,Brigge,abriggedz@geocities.com,Non-binary
bbcaa015-a535-49b3-94b4-827812ad6f4b,Alaine,Arthurs,aarthurse0@123-reg.co.uk,Female
01cc8628-123b-4200-bc0a-c980ad93975f,Bianca,Mozzi,bmozzie1@bloglovin.com,Female
f7c32d16-f079-4560-bd8d-37fced47cb47,Evyn,McMurray,emcmurraye2@bbb.org,Male
b47bb5c1-714d-4333-aa2f-9fcf5fa1dd3f,Tanhya,Marven,tmarvene3@weibo.com,Female
1c31f3f0-8c2e-4301-b4b9-aff39672a502,Mozes,Osbourn,mosbourne4@spotify.com,Male
178651ab-968d-429a-bc80-512405caac1c,Bradley,Debrick,bdebricke5@wikia.com,Male
eb367214-fd7c-4d3c-82e9-90771b92cf71,Hamil,Mailey,hmaileye6@forbes.com,Male
c75c37de-cfc2-44d4-af87-89054ca1418d,Justinn,Newark,jnewarke7@live.com,Female
ded00138-6c5d-4bc0-aeb2-3162589a9289,Lucilia,Whitnall,lwhitnalle8@pinterest.com,Female
43fd6b99-62bc-4f3a-8135-bbd0563652cc,Clementine,Hatchard,chatcharde9@state.tx.us,Female
9a356a14-ef6e-48c9-9992-5ac4ada91bf3,Marlane,Brogan,mbroganea@china.com.cn,Female
d252b6de-d2b0-436f-8d51-172ba709835c,Emlyn,Stalf,estalfeb@creativecommons.org,Male
261059c6-820b-48e5-8dae-fbbfa9e9126d,Wolfgang,Hubble,whubbleec@yahoo.com,Male
493dc906-6280-415d-809d-42a01f5de7cd,Ursa,Rosengart,urosengarted@e-recht24.de,Polygender
657ee4c5-6938-4e6f-904d-ba1cec661cea,Isidore,Shortell,ishortellee@deliciousdays.com,Male
80cb8f60-4ef4-4ff1-9a51-6589db98f54f,Sterne,Clawe,sclaweef@wikia.com,Male
a9490b30-9682-4a94-b7b3-f8580926bf6c,Donica,Callf,dcallfeg@instagram.com,Female
4c6e7f52-906d-41ee-850c-69045b4a09f6,Sax,Juris,sjuriseh@creativecommons.org,Male
95770684-d534-4b59-a947-5b23733c4808,Birgit,Reignard,breignardei@ucoz.com,Female
e3fa6bfb-d8b2-485e-bd02-6b79145f567a,Melva,Posnett,mposnettej@salon.com,Female
64011aad-f0bb-4d80-a0d6-a29c74ed3a09,Brannon,Hacon,bhaconek@technorati.com,Male
cd7461bd-b581-46ac-9563-82cf09d05aa9,Thekla,Jachimiak,tjachimiakel@so-net.ne.jp,Female
fa3062cc-c264-4843-864e-c33a0fc2bdf5,Sayres,Measures,smeasuresem@wikia.com,Male
1716d142-95c7-45af-ba4b-bfa8ce28c309,Ruddy,Letixier,rletixieren@sciencedirect.com,Male
22759120-c23b-42af-aed1-3cd71ff3ef98,Coraline,Parade,cparadeeo@spotify.com,Female
5af552e1-7767-4282-9d34-cb38161cac72,Spenser,Brommage,sbrommageep@bbb.org,Male
73b64ef7-422a-4a13-a57c-66a774bd678b,Ev,Soames,esoameseq@mysql.com,Male
81770b9f-14d9-4a3b-bfea-12e11c4b3af4,Alberik,Marke,amarkeer@friendfeed.com,Male
49889bd4-bc5b-4d84-ab50-0e423362d322,Berri,Tapley,btapleyes@si.edu,Female
b9a0057f-1b8d-4707-ab47-aad1d77ee0a6,Ede,Rosenberger,erosenbergeret@amazon.co.jp,Agender
89d2085b-9557-4f63-96bd-152a898594ad,Britt,Cassely,bcasselyeu@mediafire.com,Female
e1bf8c61-469e-46bb-8288-5c4a316003a1,Myra,Neave,mneaveev@constantcontact.com,Female
e2fe922d-5507-4a5e-bde8-c49052092b2d,Lilla,Brightie,lbrightieew@craigslist.org,Female
d0850583-a84a-4aa9-83f4-9f64586f9095,Sanderson,Binner,sbinnerex@mtv.com,Male
2ed958a4-8432-48d3-9961-9fa2873d2a71,Saidee,Dear,sdearey@reuters.com,Female
0e902cfb-fc3c-4ad7-8969-5d440d58ab63,Mannie,Blas,mblasez@ycombinator.com,Male
88bbc990-9db1-4236-af1f-ff0a9c12b10f,Mano,Ehrat,mehratf0@google.de,Male
6522170a-e59e-4b50-8f58-a8ad210757e8,Kellina,Ramsdale,kramsdalef1@state.gov,Female
5805b9cd-daeb-4245-8986-31a7353ebbad,Gustie,Guilloux,gguillouxf2@stumbleupon.com,Female
6fbb06ae-0773-4bbc-92fb-46978c26d547,Ruby,Archell,rarchellf3@blogs.com,Male
626dcc53-11cd-46ed-abcc-a40611ccc4e5,Jase,Calafate,jcalafatef4@cpanel.net,Male
309de4e7-8c22-4b3e-abe5-6a1be5b738b8,Gustavo,Adie,gadief5@washington.edu,Male
6644e79b-d9bb-4d1a-88ee-cdab94af6690,Janette,McCaig,jmccaigf6@pcworld.com,Female
36c377eb-5635-4daa-8d7c-f64575e440b0,Ekaterina,Rosenwald,erosenwaldf7@icq.com,Female
65dd042d-10e4-410a-a157-671e8789ffab,Benedict,Canet,bcanetf8@tmall.com,Agender
2fd80fa8-d68d-4193-bf9a-a6043ab65ae8,Ambur,Quilligan,aquilliganf9@privacy.gov.au,Female
228ce2db-81dc-4885-a56f-60a702e89257,Brittani,Feldhuhn,bfeldhuhnfa@cafepress.com,Female
58070a3f-cba4-4b07-941d-d55afb504aa8,Danya,Guirard,dguirardfb@booking.com,Male
a41472e6-ffba-4cc5-9760-3adf9a44c5a0,Stirling,Parsley,sparsleyfc@skyrock.com,Male
7a95c341-4e80-4e09-8d1f-5591d57da5ad,Judas,Clutheram,jclutheramfd@google.ru,Male
621f0cc8-f032-41d5-b3ce-ef82e58208ef,Sarette,Fallens,sfallensfe@cornell.edu,Female
ecf9f32a-ee46-4a3c-a9b3-9317919112de,Douglass,Shorto,dshortoff@discovery.com,Male
2b82dcb1-d8b3-4ab8-829c-81132f526249,Floyd,Stonhewer,fstonhewerfg@smugmug.com,Male
3dea12d4-cc01-43cc-b44f-23eeea8aa676,Louis,Lokier,llokierfh@storify.com,Male
f6df9502-20e2-4028-9ac1-995120aec57d,Aviva,Coathup,acoathupfi@csmonitor.com,Female
40f4853e-8642-4ce5-98b9-bc42ee92694d,Bernie,Von Gladbach,bvongladbachfj@icq.com,Male
cb7b06e9-0717-410e-ba33-44016d05a69f,Augusto,Selwin,aselwinfk@usnews.com,Male
cfb2114c-b340-42a9-a42d-48a08eb1fc3b,Arte,Manthorpe,amanthorpefl@sina.com.cn,Male
5c54860e-ccfb-468f-81de-996efc9d5d5b,Siusan,Garratt,sgarrattfm@icq.com,Female
0e4a82eb-a9c7-457b-9048-b4bbc3a596f9,Jeremy,Bulfit,jbulfitfn@webnode.com,Male
9a08a164-673d-45b1-b161-ab2f894907c7,Nara,McGuffie,nmcguffiefo@toplist.cz,Female
cbbb5880-5960-4fd1-80d3-cbe402f0fbcc,Kelsi,Everley,keverleyfp@pcworld.com,Female
ec907cb9-16a0-4853-b48d-0e4e5486516c,Jodi,Willes,jwillesfq@bluehost.com,Female
b09f2203-0281-48a6-be09-7af4dd593f80,Ambrosius,Jorat,ajoratfr@posterous.com,Male
282bed8d-7ae1-44bf-8505-c66e70b46df6,Wrennie,Hasloch,whaslochfs@cmu.edu,Female
40a39dd9-8172-429a-9fcd-dcd5bfa90116,Walker,Szymanowski,wszymanowskift@bloglines.com,Male
c846d559-0e29-4a07-9ba0-9e1696868a16,Zacharie,Behneke,zbehnekefu@businessweek.com,Male
a495e322-bd22-479b-856e-f99843441b34,Andromache,Astling,aastlingfv@cocolog-nifty.com,Female
634092cc-e7fd-461b-8722-40f3a0a093d2,Yehudi,Franceschino,yfranceschinofw@foxnews.com,Male
adb94906-83c4-494b-8e82-030a9da9dd68,Austina,Rizzelli,arizzellifx@ftc.gov,Polygender
4abf7401-21f8-4540-9eb0-d69d48ce7af5,Harrietta,Tollett,htollettfy@simplemachines.org,Female
3e9ba51f-f47c-40d7-9ef3-ccefc2ad2098,Beatriz,Melby,bmelbyfz@mozilla.com,Female
adb8e26c-b0ee-48ce-b6b0-ab7784ae17d2,Tomi,Puckey,tpuckeyg0@house.gov,Female
723b54e4-e4a2-4e60-8d7c-846cba993bb1,Alexia,Checci,acheccig1@over-blog.com,Female
1b694b9b-563e-4f74-9ab4-5921afef0431,Gale,Phillis,gphillisg2@canalblog.com,Female
3d682fcb-5c3f-4dfc-b561-ca6ff3212bd9,Rowland,Bernetti,rbernettig3@blogs.com,Male
e91329b3-d9ea-4d51-97ba-6b5818546844,Hubie,McIlhone,hmcilhoneg4@wix.com,Male
541f1479-ad49-4641-917b-1c95f96cc6ce,Vale,Josipovitz,vjosipovitzg5@princeton.edu,Male
47365798-32b5-4039-9ff5-98757dad2bcb,Cherlyn,Medford,cmedfordg6@answers.com,Female
3fa76edb-a31f-4eb5-b152-48970539ef3c,Annabal,Wickwar,awickwarg7@fotki.com,Polygender
cb85150c-cdc2-44fd-ada9-fc2f8ae05a21,Tymon,Aaron,taarong8@addtoany.com,Male
dc574091-ead9-4b97-b787-4ef38ce6b30d,Perle,Mathon,pmathong9@cbc.ca,Female
7bdd64a6-5726-4488-887f-604f2ea5c21c,Rowney,Cregeen,rcregeenga@unicef.org,Male
896367df-2ad6-4d63-bc0e-c78949810e35,Jan,Souness,jsounessgb@fastcompany.com,Female
6f86090c-a5a0-41a8-80bd-e83af5c94274,Ignacio,Bohlje,ibohljegc@ed.gov,Genderqueer
51a53b7b-abf4-41b8-8843-7ec3d8532a91,Ford,Corrigan,fcorrigangd@mapy.cz,Male
ddb50c83-17e1-4ef0-a0fa-8c2759df88f3,Robbyn,Pedley,rpedleyge@godaddy.com,Agender
ab98be86-094e-4974-8973-cfef34252737,Matthew,Severwright,mseverwrightgf@fema.gov,Male
a7bcdc88-e213-4f0d-90f6-0fb450c590d4,Alexina,Titmarsh,atitmarshgg@diigo.com,Female
2dab5a5b-3869-4d50-aeab-a1cf92e0fbf9,Agace,Damerell,adamerellgh@senate.gov,Female
54769629-aa92-4358-a7ae-815092ab77c7,Martha,Jumonet,mjumonetgi@va.gov,Female
699420f6-2e27-4765-85bc-4c78c9ee3c71,Wilow,Patsall,wpatsallgj@squidoo.com,Female
173c9d4d-92ef-455f-a136-cdc23f6426a7,Maddi,Inglis,minglisgk@tmall.com,Genderfluid
e3edf8f6-387f-4504-bcb0-510b478707d0,Dalton,Rignall,drignallgl@wufoo.com,Male
9f774476-c78b-4585-952d-642bea27a464,Sal,Szanto,sszantogm@wsj.com,Male
807415c0-0f01-445b-a984-8bc12f5b7c18,Leah,Clitheroe,lclitheroegn@privacy.gov.au,Female
d87378a9-3eb7-4c2c-9380-205eedcae9ce,Wat,Walklett,wwalklettgo@posterous.com,Bigender
fcb946de-cc69-4dde-91b1-cef9f357a8d9,Estella,De Mico,edemicogp@slate.com,Female
76dc46cf-e3f5-4a21-93db-ce7c508455df,Kerk,Force,kforcegq@yandex.ru,Male
4bbcacc3-73df-4185-a5af-85081dd86977,Dierdre,Chart,dchartgr@skype.com,Female
5aa8afa2-b818-4948-8aec-899468a06b8f,Adolphus,Jarrell,ajarrellgs@cyberchimps.com,Male
a2e89a82-8e88-4e89-959a-0ebf3efcf3fc,Juliane,Le Port,jleportgt@ning.com,Female
181b6f1f-a01c-4bef-9273-919360db1918,Gale,Whitman,gwhitmangu@joomla.org,Female
bd4ef974-7526-4518-8488-95c528085899,Simone,Wartonby,swartonbygv@netlog.com,Genderqueer
78ab67f5-2fba-407a-a842-cbeed6a11dce,Torrence,BoHlingolsen,tbohlingolsengw@wordpress.org,Male
ec2924a0-1c02-452f-bb47-da13e19aeab5,Micaela,Kerton,mkertongx@intel.com,Female
09e55c7e-d42e-4fe2-ae1b-52a357a4d73c,Othella,Lyttle,olyttlegy@admin.ch,Female
d3d80c12-a11b-42b5-96eb-3af3f7d8e9a3,Alicia,Uccelli,auccelligz@last.fm,Female
6a42f069-a2fd-463f-b191-19a171665319,Benjamin,Bulford,bbulfordh0@alexa.com,Male
a44222d7-4176-4bb0-ba59-80c305c36bdc,Griswold,Skillington,gskillingtonh1@jalbum.net,Male
f9a38dc3-b89d-47a7-9e2d-fcef4b7fdd4e,Jehanna,Ludlow,jludlowh2@bbb.org,Female
c43251a8-f78d-4c11-bdf7-1284533596a7,Donalt,Reek,dreekh3@hao123.com,Male
7d59e0aa-0f83-49ba-919a-f90f45a05d29,Linn,Aysik,laysikh4@networksolutions.com,Female
74d0daf7-afae-482c-8864-d40e6754d18f,Aurelea,Brayson,abraysonh5@last.fm,Female
34665600-434b-4764-a1e2-7d781a9f5c6f,Ailbert,Kuzemka,akuzemkah6@dion.ne.jp,Male
3714c079-06ad-4c39-b59d-fd0ff1b93ed2,Ulrike,MacAiline,umacailineh7@hexun.com,Female
6a286224-2818-41b9-8e16-ef9ff4b7bab9,Kelsi,Rainsdon,krainsdonh8@sciencedaily.com,Female
a5dc4aff-e8c8-4edd-bb07-93200572babd,Davon,Stickells,dstickellsh9@163.com,Male
c2c0ba32-a72b-457f-87da-52e5a11a923a,Cordy,Mulford,cmulfordha@ezinearticles.com,Male
c9f3e5bd-5d8d-46b3-8c53-191ce7e75319,Margot,Willavize,mwillavizehb@newyorker.com,Female
0d55e0f1-7507-43b0-9ec9-9f061fa33c3c,Mercy,Jagoe,mjagoehc@imageshack.us,Genderqueer
083d0481-a879-4bcb-bb3c-392f55e8fda1,Budd,Ducarne,bducarnehd@ox.ac.uk,Male
e466ecdf-5527-423d-b875-ea6e919abd3f,Audi,Illidge,aillidgehe@abc.net.au,Female
107db963-299a-407e-b9ca-2829bafa028f,Xenos,Avrahamov,xavrahamovhf@alibaba.com,Male
bc63048c-b956-46a7-9e9a-bd0464655f61,Nerti,Ference,nferencehg@wordpress.org,Female
795af5c2-d5c7-40b3-8da2-db705e0bfb0c,Maximilian,Kedie,mkediehh@kickstarter.com,Male
d6568605-d7f9-4d21-9efc-589bb1f2123f,Ingrim,Sellen,isellenhi@github.io,Male
60b5eba8-ce90-4ae8-b70b-69e10bc69aa3,Isiahi,McGow,imcgowhj@epa.gov,Male
9365432f-7379-4f71-ab43-218fe60cfcfc,Dalia,Bourdas,dbourdashk@webnode.com,Female
d2605309-ef16-409b-9029-61e05dd8a192,Emmet,Lawlee,elawleehl@nymag.com,Male
9d4df93d-4ad0-4f41-8bdb-daca83f5df7d,Paula,Woolland,pwoollandhm@booking.com,Female
2c7ebf42-3e19-4752-bc70-3b579c4a8c1e,Jarid,Gheorghe,jgheorghehn@wiley.com,Male
a136a187-d5d1-40ac-b9b0-26c25d436e0a,Rick,Aguirrezabala,raguirrezabalaho@github.com,Male
cfc4c210-7eec-4717-a619-280e1e7d9e5e,Gizela,Robic,grobichp@cisco.com,Female
58b0c428-9da5-4987-b2f7-2bfdecc6a1bd,Marie-jeanne,Rydzynski,mrydzynskihq@sbwire.com,Female
52b94dcf-11b3-415c-ac30-d1e515a077c5,Mitzi,Grimsdell,mgrimsdellhr@gov.uk,Female
8395f1de-9ef9-49ec-8853-5fff787eb03c,Onfroi,Glennon,oglennonhs@nifty.com,Male
44b0098c-8806-4181-88a4-e4dee442e85a,Rodrique,Hampstead,rhampsteadht@redcross.org,Male
154470ec-abf1-401b-a950-1eb31da4e19a,Uriah,Pechold,upecholdhu@behance.net,Male
11b0ea61-f1a6-4dd8-9c55-c17b5cc43689,Hashim,Sinderson,hsindersonhv@devhub.com,Male
9d014fb3-abcf-460c-b86e-69a2c4306a46,Noak,Goare,ngoarehw@nih.gov,Non-binary
d2db671e-a6c1-49b3-b7ef-08558529dd7c,Lulu,Huntington,lhuntingtonhx@stumbleupon.com,Female
79d1afaa-6b6a-4cf9-a1e3-e5a8833aaf70,Elga,Nornable,enornablehy@wufoo.com,Female
a2e558a0-6a1e-466d-bea6-841844157c7d,Josie,Kernocke,jkernockehz@dailymotion.com,Female
62134fda-3e34-4d92-88c6-3e649ef3edbe,Latashia,MacKeller,lmackelleri0@paypal.com,Female
783255b4-7918-41b4-8c95-b0fd6f23fa00,Lelah,Lie,lliei1@berkeley.edu,Female
1b791f84-eb78-4a0f-8d00-4ca8c3bc3554,Shari,Bum,sbumi2@dot.gov,Female
22f7b102-2fa5-4e9b-b6e9-c7a3c5e3ad91,Marie-jeanne,Leele,mleelei3@twitter.com,Female
3179b278-9901-40a5-a0f5-198169052602,Julieta,Seneschal,jseneschali4@theatlantic.com,Female
1e6806a9-04ba-4781-9f66-ca418b3cfc4f,Chickie,Deave,cdeavei5@prweb.com,Female
6582c984-f2bd-4820-86fb-b2a2a28cc588,Ruth,Esh,reshi6@independent.co.uk,Female
26abad24-b2b1-4805-9c08-b1e84d8d3cde,Ruttger,Ayliffe,rayliffei7@pcworld.com,Male
cb8e74bf-7bdd-44cb-b758-27473f4e9de4,Nance,Gillebert,ngilleberti8@wikispaces.com,Genderqueer
93e42e90-06cb-4cac-98a1-eaed5d82ac23,Geneva,Hayes,ghayesi9@people.com.cn,Female
f03de91f-0d4a-41fc-bfbd-469315615ce6,Elissa,Doring,edoringia@shinystat.com,Female
2d8e5fb7-4076-41be-afac-8beaad02fcd7,Victoria,Stiell,vstiellib@dot.gov,Female
ec856776-08e3-43d5-9b07-d4cc6642344d,Grove,Corkett,gcorkettic@purevolume.com,Male
bec81304-a41b-4a6b-a4aa-c12b55c9a2d8,Collette,Tanman,ctanmanid@slate.com,Female
4f3fe358-a083-4f03-bb24-59763950abc5,Janith,Satterfitt,jsatterfittie@oakley.com,Female
03952dbf-e889-4c0b-b2bd-c16ebcc0213e,Dore,Jameson,djamesonif@so-net.ne.jp,Bigender
1d9e108f-3b56-4eb1-8fea-a0d7f9f117c5,Eleonora,Bremen,ebremenig@t-online.de,Female
1e432931-e6de-4332-ac82-6f9e9360b910,Kendricks,Tames,ktamesih@csmonitor.com,Male
fbb65c1c-e40e-4bf7-a9f6-974b52709fa7,Malvin,Tugwell,mtugwellii@microsoft.com,Male
c8ef93d3-5df5-44b5-8126-1243f93666ce,Leone,Gaven,lgavenij@friendfeed.com,Genderqueer
d8ea5158-69f9-4902-aef8-01eb4f0a2db2,Amelia,Eddowes,aeddowesik@oakley.com,Genderfluid
3d9391ad-00b3-4b4e-af48-a7ddad872b99,Aggie,Honig,ahonigil@usatoday.com,Female
77a57ad0-60c6-423d-a9a3-568ce90fb6d2,Kamila,Benterman,kbentermanim@friendfeed.com,Agender
9c6e2251-4489-4212-bf62-3276253f589e,Daryle,Schultheiss,dschultheissin@people.com.cn,Male
0bab51b1-d50b-4827-a857-9f0a6a157584,Minette,Nevinson,mnevinsonio@cmu.edu,Female
c4b91ee7-a036-4576-9816-b1bdcf247d44,Diana,Ingold,dingoldip@lycos.com,Female
3b556b94-ccd8-4ee5-a3e0-c4aa4b3a1b2f,Darren,Bohan,dbohaniq@utexas.edu,Male
8411ec1c-fac9-402a-b3f4-b665e0fad279,Clevie,English,cenglishir@friendfeed.com,Male
04a24452-d70b-41ad-b29b-2f89968f98c8,Selina,Trustie,strustieis@prnewswire.com,Female
f708b993-b6e0-406e-a05d-22a9271f0a97,Hope,Lippo,hlippoit@flavors.me,Female
a50da446-5688-47f4-96a7-afc7f7f732df,Had,Stanway,hstanwayiu@purevolume.com,Male
9e3c9236-5a33-4491-a386-2765124b772e,Kerrin,Tofts,ktoftsiv@flavors.me,Female
89b587b2-7953-4122-82a6-cdf26ce9cde4,Tedi,Sheather,tsheatheriw@redcross.org,Female
636ac86b-cca5-4fbd-93bd-6bbeb898fae1,Mickie,O'Leary,molearyix@phpbb.com,Male
6ab163cf-7d77-4909-b757-6d2464687080,Damiano,Somerville,dsomervilleiy@comsenz.com,Male
85fe6ae5-5bda-478b-b1ed-0fd1629f1aec,Carroll,Antwis,cantwisiz@wikipedia.org,Female
c1d14c91-526a-4f1a-8e6c-3d72e7a8d0f9,Darrel,Bygott,dbygottj0@elegantthemes.com,Male
6d36391d-81da-429f-a787-b4b86ef04deb,Hurley,Doodson,hdoodsonj1@zdnet.com,Male
b525a4c7-955f-4cde-add4-9dfc69f7da5d,Jerry,Millins,jmillinsj2@mozilla.org,Female
a81ae467-4216-4f17-82f8-9b13eee14635,Bride,Keemer,bkeemerj3@fema.gov,Female
b441b0fb-8cf2-48da-9afd-ac185512a1e8,Claretta,Castanaga,ccastanagaj4@about.me,Female
f088154f-c78e-43e4-af69-39bfb157a793,Adan,Bright,abrightj5@wikispaces.com,Male
f063f596-2041-4360-9f25-813dafe087bf,Shalom,Drought,sdroughtj6@seattletimes.com,Male
a596b717-bb47-4890-9faa-b2d74dd8fc1b,Benedick,Zannuto,bzannutoj7@fema.gov,Genderqueer
e3c85fc2-7d5b-4c45-84a1-bb2e721af7e3,Netti,Willoughley,nwilloughleyj8@gmpg.org,Female
022b6276-1771-4282-a5bd-bc1b0ff0bcc8,Ikey,See,iseej9@china.com.cn,Male
725c2353-8c80-46ae-a439-ff143be396f8,Bret,Antonchik,bantonchikja@nsw.gov.au,Agender
79a013f8-5c13-478e-8b20-bc3e3613128e,Phylys,Brearley,pbrearleyjb@dedecms.com,Female
bd8f621d-3b5c-4d99-8a6d-b925d6905373,Merry,Krysiak,mkrysiakjc@ucsd.edu,Male
7ddfa3d0-1d05-491b-b23e-9fa226441090,Colas,Thorn,cthornjd@ning.com,Male
e04cb077-6020-4769-a8da-d4de6014a291,Deedee,Glenton,dglentonje@infoseek.co.jp,Female
7829b08e-fbae-4f0b-8201-a95e232553e2,Forrest,Heaysman,fheaysmanjf@google.it,Male
0f480d45-f476-43d1-bbc1-64f8a8e19f84,Che,Montgomery,cmontgomeryjg@chronoengine.com,Male
bedf8218-718a-4050-b51a-0c3e511cde62,Rosmunda,Siggers,rsiggersjh@bizjournals.com,Agender
e33ddb68-e734-4976-9a61-4dc70f719951,Bradan,Pixton,bpixtonji@ifeng.com,Male
abb323ec-eb25-4502-8c94-f329fdd19bbc,Ruddy,Charters,rchartersjj@cnbc.com,Non-binary
98f49f02-45bf-4a02-a1c8-38031f00b9b6,Collen,Bowker,cbowkerjk@forbes.com,Female
ff07b150-7c94-4f44-b2a8-8e64e29873e4,Ranna,Standbrook,rstandbrookjl@hc360.com,Female
4bd455c6-eb2f-427a-9acb-4b3f2213c645,Armstrong,Armin,aarminjm@123-reg.co.uk,Male
0c951048-454d-431b-b4b7-d21b4473bcf6,Griz,Cullotey,gculloteyjn@issuu.com,Male
69bc1f87-4f30-42fa-b32f-00f7e2d3cd96,Corty,Kiraly,ckiralyjo@hexun.com,Male
40dc5ca6-7cf6-43c2-aa76-b74130ea6aa3,Helyn,Bottleson,hbottlesonjp@weebly.com,Female
d1f370a2-b57f-4bf6-8753-d9a6105fa83a,Benita,Schulken,bschulkenjq@livejournal.com,Female
a524046c-5f2b-4e0f-84ad-772b12bac344,Ramsay,Idle,ridlejr@domainmarket.com,Male
595f9495-7631-481c-9a08-257893686eee,Farrell,Stainsby,fstainsbyjs@tamu.edu,Male
590976f1-a939-4a3a-8e07-87aee7d63998,Teirtza,Tombling,ttomblingjt@fema.gov,Female
ba1cc409-a784-4591-ad0e-1014807fa646,Bink,Thorndycraft,bthorndycraftju@squidoo.com,Male
774fa1e0-d8eb-4cfa-86df-22928ec0043c,Gwyn,Belhome,gbelhomejv@disqus.com,Female
b994bd20-58ed-42c8-8ba4-0bfe3464fc97,Ronda,Philott,rphilottjw@nyu.edu,Female
ce776064-b1f4-4b70-8ebb-931e2fae3073,Felisha,Habercham,fhaberchamjx@wordpress.com,Female
d4778fb7-f36e-4c5f-8713-4f346e96dd8e,Dur,Lawrance,dlawrancejy@redcross.org,Male
c4cbce9d-2202-4290-aa8e-0f793401833d,Simeon,Schule,sschulejz@alexa.com,Male
01a8487b-9f3a-4bdb-a3ca-8020eecf20b5,Weston,Redan,wredank0@digg.com,Male
b3baa793-a8f7-42f3-9aaa-a957bacfc3e6,Sollie,Finders,sfindersk1@earthlink.net,Male
3fbae255-225f-4a19-9c15-3461144e4627,Jeannine,Lippiett,jlippiettk2@yelp.com,Female
7a2f3d01-54af-4082-ba39-ebdab4ae4762,Idell,Matt,imattk3@so-net.ne.jp,Female
03292922-f8c8-4cdd-8784-56aa821c678f,Tann,Roskelly,troskellyk4@studiopress.com,Male
b688f06c-1703-46be-a374-2cb0f389d180,Sinclare,Skippings,sskippingsk5@etsy.com,Male
6cdc0bbd-a576-40da-92f7-d77c7becbfbf,Dannel,Lante,dlantek6@imageshack.us,Male
05af6105-a8ce-493f-84c3-28532753712b,Florida,Beaven,fbeavenk7@mozilla.com,Female
d4c41aca-c240-4485-86e2-08a4722212df,Karil,Ikringill,kikringillk8@gmpg.org,Female
d5f025ca-ddeb-42f4-aac6-5e31a02a6290,Colin,Bittlestone,cbittlestonek9@123-reg.co.uk,Male
17795c2e-6f83-46e7-8459-88a580bb716c,Orion,Janoch,ojanochka@buzzfeed.com,Male
1adef265-9adc-4ffc-9084-f79bba874b83,Marjory,Cruden,mcrudenkb@gizmodo.com,Female
a5afef10-e806-4a00-9e48-cb62f4aaf893,Jorey,Lockyer,jlockyerkc@miitbeian.gov.cn,Female
17aada72-ea18-481b-a057-43c4bbecd7b6,Delphinia,Spalding,dspaldingkd@nbcnews.com,Female
7d8d54a6-c0ef-40ce-ad79-2a0403dc2271,Ingamar,MacGibbon,imacgibbonke@dell.com,Male
426b2c5c-2af5-4992-85cf-688d35abad72,Sisely,Sidery,ssiderykf@wordpress.org,Female
0dd795d0-b65c-4002-bde6-a0408d4b4828,Teodoor,Elloy,telloykg@baidu.com,Male
72989f65-29df-49d2-910a-5c8f967b3482,Gregor,Menichillo,gmenichillokh@ebay.com,Male
5c93b4a8-6b26-40c7-9d4a-094e51a2808f,Abram,Ferrai,aferraiki@diigo.com,Male
c0343db2-4a33-48ad-b8f9-de4180b34ba9,Aldon,Povey,apoveykj@timesonline.co.uk,Male
3f7ff0ee-f424-47fb-8777-ea03816b4628,Edwin,Milmith,emilmithkk@mit.edu,Male
3bcc3ef1-e410-420f-b96c-5ba36fc4ec4b,Andreas,Yurinov,ayurinovkl@naver.com,Genderfluid
b4d17a6a-f90b-4ce5-b3bb-8d17375478a4,Coop,Leon,cleonkm@devhub.com,Male
d1c9e9ac-abfe-4488-9194-55d9e33c079e,Belicia,Keeri,bkeerikn@xing.com,Agender
f14e21f9-79d2-4e1c-88a9-06c82d07d415,Wayland,Spellesy,wspellesyko@quantcast.com,Male
2b4110f4-10a4-4196-8264-c614d2ba10fb,Joyann,Kindleside,jkindlesidekp@wunderground.com,Female
60036dcf-b299-427a-a06f-f4f75ae7daea,Avrit,Aveline,aavelinekq@creativecommons.org,Female
33c355a1-d912-4d9c-97e8-df3f8857f256,Reuven,Genty,rgentykr@usnews.com,Male
3f9c6355-c1fd-48f4-8abe-1a0de220d9c2,Sander,Bentham3,sbenthamks@theatlantic.com,Male
1437d612-227e-4f3e-9cb9-f2fb7fceddf5,Charley,Satterlee,csatterleekt@oracle.com,Male
d6e91177-ee2b-4ecc-afa5-c0e2644852c3,Joni,Leavey,jleaveyku@mlb.com,Female
4a7c76d6-92b2-4026-8a0c-ba57d9a1084a,Alvy,Kinnon,akinnonkv@jigsy.com,Male
68800bf9-7bbc-4551-be34-f1329fb0111e,Dale,Featherstonehaugh,dfeatherstonehaughkw@pbs.org,Female
203f86a1-7b38-4df6-b9c7-6d31ed1553c4,Carmel,Tothacot,ctothacotkx@hexun.com,Female
01b88d61-fa04-4423-b8bd-cd92a910fb1f,Cirillo,Tiddeman,ctiddemanky@phpbb.com,Male
4831f192-48a4-4581-8f89-1547b4aebbc3,Addie,Smart,asmartkz@accuweather.com,Male
c55c0f10-f7a0-4b20-843f-a87b9be033df,Ingemar,Bevis,ibevisl0@wisc.edu,Male
913edd36-39d0-488a-b2d5-b4d375463068,Callida,Itzkin,citzkinl1@sciencedaily.com,Female
7c3525ac-de58-4a70-bd56-1ff0bdd4af52,Estrellita,Reding,eredingl2@webnode.com,Female
0b8be80b-0732-4b4c-8f5b-d8960338be09,Elsinore,Goosnell,egoosnelll3@accuweather.com,Female
7f5faa1f-3a57-4b8c-b9a8-b75362c189f2,Blondelle,Janacek,bjanacekl4@uol.com.br,Bigender
1a0f4fed-bad9-4cf0-a816-0aaadcebb69d,Worthington,Le Floch,wleflochl5@simplemachines.org,Male
405e41fc-3883-40d3-bc6c-a755d36d306e,Charmaine,Longmead,clongmeadl6@e-recht24.de,Female
02617a0b-1f19-4591-b295-92956ea97cc0,Erroll,Romand,eromandl7@friendfeed.com,Male
57053d9b-cf9d-4cd1-b988-d1a893122cc5,Marita,Caldecot,mcaldecotl8@tripadvisor.com,Female
a0752b89-cc09-4934-9fe4-35381052d51b,Piggy,Rollings,prollingsl9@theglobeandmail.com,Male
dec1eb20-79e4-4868-8d5a-b70d1e0fc3c1,Derril,Readmire,dreadmirela@smugmug.com,Male
940b73dd-3815-461e-a65f-64e2299c09bb,Sancho,Wardesworth,swardesworthlb@opera.com,Male
342d75df-cfde-47ea-985a-85399ece0a82,Benita,Blackley,bblackleylc@virginia.edu,Female
e5e405a1-9ed9-4c68-b9a0-610ad3538027,Vivia,Wolfit,vwolfitld@answers.com,Female
f547d992-a556-4f85-9044-89324489466f,Burlie,Bredbury,bbredburyle@thetimes.co.uk,Male
584418b2-eef2-4210-8186-c8e22c6e15b5,Guglielmo,Parramore,gparramorelf@soundcloud.com,Polygender
210fa649-2f75-4068-99e6-095343cf80e9,Massimo,Wellsman,mwellsmanlg@dyndns.org,Male
72278896-a581-4448-92eb-1caf8bf3c82a,Cara,Dyzart,cdyzartlh@nydailynews.com,Female
081be18f-08e4-497f-9478-bd91f9b00674,Javier,Rampton,jramptonli@auda.org.au,Male
60bc7736-dc5a-4094-a225-99914d774509,Katy,Howard - Gater,khowardgaterlj@house.gov,Polygender
08f52e68-3fec-4797-8c6f-21a9bdffbac2,Denny,MacQuarrie,dmacquarrielk@howstuffworks.com,Male
901f17cb-79a7-4c80-9353-fdf1d4074110,Lamar,De La Hay,ldelahayll@addtoany.com,Male
43d0c2f9-2f21-4536-91ea-fd4f84134d13,Dorry,Irnys,dirnyslm@statcounter.com,Female
32f8bddc-c993-488c-9b29-c4e01006ac75,Aldric,Yirrell,ayirrellln@pinterest.com,Male
2ab31b1d-3d6a-4935-8af5-1e9a6c2415ee,Allyn,Binney,abinneylo@friendfeed.com,Male
2f3741e5-92ff-4643-9a9f-6bb56639b4da,Langsdon,Rodwell,lrodwelllp@csmonitor.com,Male
d2991a01-8390-433d-9d52-77fe38c64146,Philip,Gerssam,pgerssamlq@so-net.ne.jp,Male
4965ae9a-d564-444f-9e08-df930bc6af96,Karrie,Rosling,kroslinglr@businessinsider.com,Female
e9004d8b-15e4-4ba0-a7f0-da7f7f25738b,Simone,Stalman,sstalmanls@latimes.com,Male
a63df572-9ee7-4247-8b2e-258beaa41fb1,Zared,Baynom,zbaynomlt@friendfeed.com,Male
765944b1-3632-41b2-94e7-ef8c2e6d06de,Abie,Danielovitch,adanielovitchlu@cargocollective.com,Non-binary
4020d92c-d1dd-4c61-bb45-34d24ef62a2e,Jonathan,Haggart,jhaggartlv@ft.com,Male
1528fb13-cec6-40bb-a4b5-bc7e6cc8fe5f,Rayshell,Keay,rkeaylw@cmu.edu,Female
d762fa30-eea8-4e73-9003-e0f417520124,Teri,Payze,tpayzelx@biglobe.ne.jp,Genderqueer
257370a1-67db-4f57-b3b8-e2e41127a8b8,Chantalle,Boliver,cboliverly@surveymonkey.com,Female
4b4cb40e-0fdb-490f-b315-c3c58facd944,Patty,Redfearn,predfearnlz@uiuc.edu,Male
81e16456-ea41-4bf5-bac7-7c5e89453e79,Tristan,Lillow,tlillowm0@sogou.com,Male
c7440fdb-80b5-4c52-99c9-b7315ef11f49,Urban,Luno,ulunom1@blogger.com,Male
19739cbb-1a0e-4d56-89e3-568740ff38d4,Casey,Tenney,ctenneym2@about.com,Male
956d3a28-7960-42f0-b851-dd0a14cff329,Justine,Orans,joransm3@japanpost.jp,Female
1a5b4241-11d8-45b2-8cf2-9da199bd13f3,Marion,Munford,mmunfordm4@usgs.gov,Male
8c8201fd-ffc5-426e-9924-aecd63cb50cd,Daveta,Astridge,dastridgem5@weebly.com,Female
ad92690c-9fad-4f7c-aa2a-4ac46454ca85,Taylor,Keates,tkeatesm6@blogspot.com,Male
fbbdd1f0-c5a3-439b-8da5-984c162a6b55,Koralle,Laird-Craig,klairdcraigm7@foxnews.com,Female
f84e788d-7f2c-4dca-823d-666a1087460c,Keriann,Trynor,ktrynorm8@ning.com,Bigender
9dc1553d-676b-4586-b7f6-8dc32441099a,Noel,Gilberthorpe,ngilberthorpem9@cnn.com,Female
3ffd3d3a-fc16-4665-a5a2-fe37376286a7,Arly,Brammall,abrammallma@ed.gov,Female
db76a6b0-12af-4926-b184-47b12fd08bfd,Odo,Haddick,ohaddickmb@netlog.com,Male
a96b4df5-284d-46b1-9dd1-5cee52188f2f,Idalina,Pudner,ipudnermc@google.ru,Female
b1fc9eaf-0ebf-4021-9cdb-a677c965aede,Adolf,Sayce,asaycemd@oaic.gov.au,Male
b381e45b-ddd8-4307-ada7-6f41e42fe312,Raymund,Kemwal,rkemwalme@mtv.com,Male
d7e784c1-6fbd-4373-9e1e-6b67bb2c1720,Maurice,Balls,mballsmf@psu.edu,Male
006e3441-c94a-441d-9d22-d1d66b1184dd,Clemmy,Probets,cprobetsmg@tripod.com,Male
f292a088-553f-4dd4-b48e-2f02255b8c86,Astrix,Ragdale,aragdalemh@last.fm,Female
a4bdc88a-6d48-4ee6-a66c-b0f67117585e,Darcy,Minigo,dminigomi@mapquest.com,Female
730904ae-d68b-4d37-b49a-765c4d1fec4b,Bab,Duggleby,bdugglebymj@dedecms.com,Female
66526e89-78f8-47dd-bb22-2244058c521b,Tobie,Edler,tedlermk@wsj.com,Male
bcafde63-4d29-4578-a47d-d472f646b3c5,Adriana,Turtle,aturtleml@netscape.com,Female
0826b819-db40-4dd0-ae6c-f3bd36734938,Ambrosius,Chessun,achessunmm@china.com.cn,Male
2f3f1a83-9da0-4213-98c6-c7a38f9e273d,Delcina,Streather,dstreathermn@live.com,Female
8af20d2e-e7c1-422f-9b86-a9e5250b3504,Tadeo,Greim,tgreimmo@who.int,Male
addcf674-5977-4ac1-a56f-8414c75fe571,Corri,Winsor,cwinsormp@1688.com,Female
81124ae3-dbbf-4de2-99ac-1d3734fcdb8c,Bertha,Twamley,btwamleymq@e-recht24.de,Female
a643c244-0f4d-4453-81f5-b9e89c6b99a8,Verla,Hannigane,vhanniganemr@senate.gov,Female
67c6784e-f06f-4b23-8089-74b485728402,Zora,Bridgett,zbridgettms@indiatimes.com,Female
1909e75b-263e-4d1b-8720-3eb2010e7a96,Dimitri,Blench,dblenchmt@w3.org,Polygender
5b251894-183c-4dfe-a44d-756ee12a7d1b,Shari,Halbeard,shalbeardmu@go.com,Female
4d6c1de5-11b5-4467-ae48-6ace84747f64,Constancy,Spowage,cspowagemv@vkontakte.ru,Female
df2cb4b7-6cff-417d-aaa1-86dec462a695,Towny,Dawbury,tdawburymw@google.ca,Male
07352214-6850-4ace-9606-02cfb0f71238,Riley,McGookin,rmcgookinmx@soundcloud.com,Male
c4aba4dd-ca5a-4988-a10d-1313b751fcf1,Zane,Kliemann,zkliemannmy@wired.com,Male
5a3d5950-2b9f-4948-aaa9-11289ea393b9,Mabel,Cafferky,mcafferkymz@shutterfly.com,Genderfluid
30d63fb6-3133-46c6-8a71-4298a0cd35ff,Wain,Lovemore,wlovemoren0@geocities.jp,Non-binary
8f603ba2-b324-4638-b4a9-a9e90dc85645,Dannye,Agglio,dagglion1@usa.gov,Female
08e5594e-5d37-4153-ab7c-7f854cdf678a,Hedwig,Videneev,hvideneevn2@bluehost.com,Female
ecc7e5c2-bef1-4542-8161-aef74834ade0,Guthrey,Percifull,gpercifulln3@ow.ly,Male
df28ab0f-877c-425a-8232-ef95cbf41d09,Eli,Elgee,eelgeen4@163.com,Male
2f35ae57-7094-4723-957f-fb624ed79c2c,Jasen,Gilliam,jgilliamn5@histats.com,Male
04a73ae3-a583-4680-b4c8-2eaf77eba8d9,Adlai,Tuppeny,atuppenyn6@miibeian.gov.cn,Male
85e3ffc2-50b7-4ddd-9aeb-dd2bb49ab8c1,Zandra,Raoul,zraouln7@joomla.org,Female
d0d8ca4b-c7b7-4d84-8c5c-eaa90f93b754,Tallou,Jacquemet,tjacquemetn8@arstechnica.com,Female
267b3905-ffba-4d12-85bd-316c467a8eb3,Brigit,Beckett,bbeckettn9@hexun.com,Polygender
cc600250-8bdd-432d-982f-3ba1b1a0335a,Marietta,Gipson,mgipsonna@squidoo.com,Female
fb972257-6f25-42a8-b6ce-f3fa6bdab8be,Elias,Dashper,edashpernb@cornell.edu,Male
aa285724-b49b-4c3c-8fa0-700f46204b4e,Adolpho,Robers,arobersnc@ask.com,Male
f0a61e09-5855-45c3-b7b7-0616f5dd2625,Wynn,Redington,wredingtonnd@multiply.com,Female
d42c4809-667d-45e3-941a-df542e72a574,Arney,Dimmack,adimmackne@deliciousdays.com,Agender
65aa5d8c-74a7-4db8-9228-7bdb9d9532e3,Jimmy,Degoe,jdegoenf@networksolutions.com,Bigender
b66a3073-78bf-4bd1-8444-dc015981764f,Nonah,Oakhill,noakhillng@yahoo.co.jp,Female
e8c89bab-952e-4ad2-ac01-b743c073c327,Ernest,Rankin,erankinnh@businesswire.com,Male
5c63f22a-c3c4-4c0b-8c37-5fee2f3c0237,Karleen,Juleff,kjuleffni@storify.com,Female
81fc843b-f7cd-465b-86c7-7f23e9106c02,Melina,Gierck,mgiercknj@wired.com,Female
5ed23504-31ec-415c-91a2-51a4dca20f23,Rowe,Fevers,rfeversnk@java.com,Female
046523f6-16a7-4c1d-8e1d-5784d4b140bd,Nicko,Klass,nklassnl@google.co.jp,Male
12a779ed-90b2-4be8-ae1b-e3656e188250,Noni,Sergant,nsergantnm@cisco.com,Female
e1fab29b-0131-4e7d-a4e8-8f5af09fafec,Otho,Gillham,ogillhamnn@blog.com,Male
b4da6be6-3c32-4472-9ef1-ed0da5bbf376,Mame,Blowne,mblowneno@deliciousdays.com,Female
bb130cba-2914-4f5f-9996-5adc2fd30bc7,Rudolph,Daveley,rdaveleynp@freewebs.com,Male
64d2ddd6-fd0a-4565-aaab-24f50dd1d92f,Blondie,Gile,bgilenq@usatoday.com,Female
5d9c8710-ec79-46d6-84e5-a9b617eb8838,Ibrahim,Meaking,imeakingnr@bbb.org,Male
7400c566-cbc3-4dd0-af85-742e07ae1b41,Nathanial,Hasney,nhasneyns@statcounter.com,Male
d6f257e5-c0ac-44db-ab1a-5a724c7ac9bd,Margareta,Issakov,missakovnt@illinois.edu,Female
df7d70a1-cd93-44c2-ab16-dfabccf2955b,Sindee,St. Louis,sstlouisnu@hhs.gov,Bigender
ee08ee1f-e751-42ae-8054-60e3eaaefcf2,Franciska,Chicco,fchicconv@flickr.com,Bigender
22102a34-ccba-4471-93b9-f3476f36f22b,Amby,Glavis,aglavisnw@msn.com,Male
ab482c69-6063-4fa8-a4eb-5157a475796f,Sofia,Lorie,slorienx@google.fr,Female
50c638ef-a783-4ed4-807e-baff5213b27c,Jo-ann,Lehrahan,jlehrahanny@wordpress.org,Female
e28e9113-3742-45e8-afcf-10f81989af77,Valentijn,Oseland,voselandnz@so-net.ne.jp,Male
c4e20da0-382e-41bb-8c9f-68cd8c954aba,Perry,Titcom,ptitcomo0@seattletimes.com,Male
c70e8e43-47df-42ee-8824-cb562cfe0fd1,Archibold,Mardy,amardyo1@redcross.org,Genderfluid
9287d828-cbce-4688-bd5c-95d77ad9e2c2,Maitilde,Devall,mdevallo2@google.com,Female
57da5244-20ee-4024-a4fc-38bd2f762442,Clemmie,Kleinlerer,ckleinlerero3@reverbnation.com,Female
5ccb6350-ca77-4d45-bef3-3610c1821dc5,Hestia,Pilpovic,hpilpovico4@netlog.com,Female
d5d275a6-e0db-4067-8f8c-dbe3a54e8a1b,Matthew,Huff,mhuffo5@yale.edu,Male
aa25ae70-3c60-4cec-8814-8eb482fc59bb,Pearle,Cuskery,pcuskeryo6@hp.com,Female
261a1ba0-2ee2-4699-bfc9-34d8bad7e534,Thurstan,Spilsted,tspilstedo7@springer.com,Male
e4ce5829-a5f1-4c8d-a050-370041ed1714,Corey,Ferriman,cferrimano8@umn.edu,Female
8dd270ce-d9d8-48f6-b9a0-d1a0551d07dc,Marika,Blaxland,mblaxlando9@sourceforge.net,Female
1967e174-8251-42fa-8e1b-5fd9f320515f,Erminie,Scoines,escoinesoa@howstuffworks.com,Non-binary
b7dfe196-f2f7-4062-a6e9-3129f75a436e,Flinn,Scotson,fscotsonob@istockphoto.com,Male
e7876a48-dae1-49a4-9415-f07f6325756f,Becki,Pentelo,bpentelooc@nature.com,Female
b7a96f76-07fd-4bed-aace-3046c89e93ab,Vanya,Wyard,vwyardod@google.es,Female
e1198331-9b59-444b-9613-4daacc6a6783,Franny,Kneeland,fkneelandoe@myspace.com,Male
adfbc819-e521-44a6-8a4d-7472f9cb1771,Aubert,Kinrade,akinradeof@admin.ch,Male
a42a8cbe-9027-4594-b2fa-705dba160eab,Bartholomeo,Beach,bbeachog@eventbrite.com,Non-binary
54f05f4c-05dc-461c-967a-24ee10089030,Sammie,Fallanche,sfallancheoh@pinterest.com,Male
e82538f1-8a5f-415b-8300-dde1d3169de6,Galvin,Zucker,gzuckeroi@myspace.com,Agender
720a2ac1-08d4-4769-a502-18e8cbc8e518,Zia,Wibberley,zwibberleyoj@mediafire.com,Female
fc5f08ee-f0f6-43d4-932f-d8d499ffb3a3,Locke,Engledow,lengledowok@salon.com,Male
6fdd1132-cd06-4a49-9440-47f3907864d3,Tobiah,Huggin,thugginol@who.int,Male
375d759a-08dd-4232-b40f-5a449350a46e,Culver,Francey,cfranceyom@nhs.uk,Male
ece89d6e-848d-4211-a42f-06d92dbd2170,Russell,Guitton,rguittonon@epa.gov,Male
46ab3a16-fe2a-400e-a681-a97fc082e474,Tibold,Ruscoe,truscoeoo@shop-pro.jp,Male
fef8f392-fd51-49ac-91c4-ddfda8d63ea5,Rey,Dangerfield,rdangerfieldop@reverbnation.com,Male
c4cf201f-4ec3-40fe-b197-68a69d6db85b,Gaile,Chittock,gchittockoq@indiatimes.com,Male
145a2a02-81da-4830-b16f-d876e443f9c1,Denis,Baldree,dbaldreeor@usatoday.com,Male
80195972-1d51-4c16-bed9-3f9257c804af,Wald,Flory,wfloryos@webs.com,Male
5a4e7264-8fc8-4e14-8e55-6b70ab54029f,Caty,Gowrich,cgowrichot@nydailynews.com,Female
b5f20bd2-4d13-425e-9452-1c6d621ac94c,Lev,Attwooll,lattwoollou@ucla.edu,Male
e4d02711-3311-410f-bb61-d6fea52de1a8,Marline,Sporrij,msporrijov@oracle.com,Female
36cce858-6005-4909-af47-66f576de684e,Camala,Edwins,cedwinsow@rediff.com,Female
edd11351-378f-46c1-830e-97ac8887b441,Noak,Menlow,nmenlowox@histats.com,Male
2621deea-55b8-46ad-8b80-0f7b9a8c1bad,Don,Coultous,dcoultousoy@admin.ch,Male
57041c45-bfee-4c4f-8b92-7d7ec55920fd,Glyn,Cayton,gcaytonoz@paypal.com,Female
91ef7a22-0f1e-4ece-a302-c30a6d30b3c8,Xavier,Ribey,xribeyp0@gnu.org,Male
5ca6a659-5948-4f8e-a420-f7453570ec18,Garold,Mursell,gmursellp1@harvard.edu,Male
50085548-452d-4290-972d-abfd54e42d47,Renard,Houlworth,rhoulworthp2@people.com.cn,Male
38305195-f81a-47a3-baf3-ed31ed85618c,Gina,Grout,ggroutp3@fema.gov,Female
16ebae38-aee1-4733-b994-3df913c1993a,Ron,Rumble,rrumblep4@nsw.gov.au,Male
071269c6-8a87-4d6d-9cbc-33195121ff4a,Nickolas,Borgne,nborgnep5@samsung.com,Male
b58839e9-0b1e-47c9-85d2-b5d1ca7cb66f,Cindy,Demann,cdemannp6@dedecms.com,Female
37a50c0a-b7b5-4085-95f7-5c4e701bc86e,Taddeo,Rigmand,trigmandp7@cdc.gov,Male
91164391-9182-4948-b9cc-f0f5cfe8768a,Hilda,Penwright,hpenwrightp8@slashdot.org,Female
2896adb7-9423-4f81-9d46-81e67ec44a96,Ellene,Bastow,ebastowp9@mediafire.com,Female
c9bcc1f5-4ee5-45dd-a819-2e6abe4d6983,Marthe,Hooban,mhoobanpa@webmd.com,Female
4835bde5-d95e-40ad-a4b3-135f1177723d,Ettore,Matkin,ematkinpb@seesaa.net,Polygender
5cc80d5d-4764-4d08-abf1-51a8acef5895,Westbrooke,Toe,wtoepc@rakuten.co.jp,Male
ed3ccbd6-8f9e-4b7b-8e56-1f9b333b1a51,Luz,Lauks,llaukspd@hc360.com,Agender
44270cb2-8258-46aa-9acf-d57a8dc1ca99,Worthy,Lethby,wlethbype@usnews.com,Male
635dbd9c-1234-46d6-905a-30913239526a,Renae,Mazonowicz,rmazonowiczpf@ameblo.jp,Female
35ac1cf6-9a2f-47b9-80c4-947d9d5229a3,Larry,Fritter,lfritterpg@whitehouse.gov,Male
70d778a6-d042-4d92-acb5-d1930131a2fd,Trudi,Jobern,tjobernph@hexun.com,Female
7cf74937-4d98-43cd-82d5-cdcabc959784,Annabela,Dedman,adedmanpi@altervista.org,Female
29110f13-9b06-4fc4-8b54-6bf5f604b7de,Kylie,Caines,kcainespj@chicagotribune.com,Male
955b5c69-a3d2-4cec-adb8-252133bf5150,Vanny,Geekie,vgeekiepk@blogger.com,Female
56eecc4a-be27-4ecc-a50e-ebbd690cde4f,Hartley,Stoeckle,hstoecklepl@w3.org,Male
760400a5-6962-4457-8288-779deab2e4ff,Glynn,Ladbury,gladburypm@hibu.com,Male
0a606ba2-88d9-4730-b7af-b85c865aeb7b,Davida,Black,dblackpn@unblog.fr,Female
b2cd5347-d3d3-41c4-b541-fec6d4ab74ad,Kane,Ullock,kullockpo@hugedomains.com,Male
53975912-b1d0-4838-8343-2d7b6f3aa499,Humberto,Vigours,hvigourspp@pagesperso-orange.fr,Male
69474ad1-731f-4e4d-8d1d-acabbfaa093a,Hazel,Rubinovitch,hrubinovitchpq@netvibes.com,Male
fbf5eed1-bb2b-4e0d-9d52-46cdeda9692c,Ritchie,Furmedge,rfurmedgepr@rediff.com,Male
67773dbb-3499-4bd5-bd56-51f1f3c6341c,Morty,Bromet,mbrometps@who.int,Male
6d1c6ca7-a60c-47fc-948e-b31b8ed7dafe,Dominik,Stammer,dstammerpt@zimbio.com,Male
add5cc99-5545-44e0-9085-07b95f0d38a4,Chelsy,Cordelle,ccordellepu@sourceforge.net,Female
ecf3a43f-e0cf-4582-87ee-4c667db5f81d,Bartholomew,Gandrich,bgandrichpv@etsy.com,Agender
ea90c2ab-6a0f-4309-ae34-4553967019e7,Alexei,Congreave,acongreavepw@cnn.com,Male
bf571229-ff65-4b31-ad3b-4f32c0207f7d,Fey,Fluck,ffluckpx@fda.gov,Female
4880c2d9-b73b-4c1c-817d-4ffc38b11438,Vidovik,Eilert,veilertpy@irs.gov,Male
708f8589-381d-46a2-a90a-cc6abb298ac6,Tiertza,Hadgraft,thadgraftpz@google.de,Female
1a5a13b7-e3fc-4db8-a871-135a2f519f17,Lydie,Minigo,lminigoq0@google.ca,Non-binary
3eabd437-d495-4c92-be57-82bc9ba61d36,Abbye,Jozsa,ajozsaq1@amazon.com,Female
442b68b9-6b34-4e8d-8429-662e1d1d26e8,Teodoor,Kildea,tkildeaq2@dion.ne.jp,Male
0dc8b988-2932-4f6a-98c6-bdb202ca6d2a,Mariellen,Lampet,mlampetq3@nba.com,Female
ab0385fc-e643-4921-925d-623f61e38f21,Di,O'Connor,doconnorq4@economist.com,Female
6ec52ddc-f95f-429d-8498-875efefd2a95,Jobye,Fernandes,jfernandesq5@pagesperso-orange.fr,Female
5529550f-67d6-48cd-987e-45faa138e481,Lois,Huban,lhubanq6@usnews.com,Female
f130e5bc-d5b8-4b73-879e-f2036da9e623,Magdalena,Remnant,mremnantq7@phpbb.com,Female
a609477f-6336-4a74-b0c0-c3142b114454,Debee,Puttick,dputtickq8@google.co.jp,Female
cc562a83-8047-42f8-b42d-4f88216602f1,Gregg,Culpen,gculpenq9@ocn.ne.jp,Male
973e3e9a-21fe-462d-b7be-5a5edceefb22,Jabez,Luna,jlunaqa@ameblo.jp,Male
99c35d35-b293-4ad9-9549-0f49dd70fb6d,Erma,Rockcliff,erockcliffqb@bloomberg.com,Female
23427540-847a-4c01-80ef-ed18d7d682ed,Teriann,Rodson,trodsonqc@bizjournals.com,Female
1316b25f-e8a8-476b-ab9f-647a17d1bc21,Yetta,Jirousek,yjirousekqd@wired.com,Female
1ea7c521-75d1-4034-8c2f-b2307f6926d1,Rad,Houseley,rhouseleyqe@google.es,Male
3360e814-eb76-4ca2-9148-5772c3926bc7,Sammy,Candelin,scandelinqf@amazonaws.com,Male
410fb382-533f-45f8-82ee-1b3b0fdaec04,Maximilianus,Dash,mdashqg@sfgate.com,Male
71534a75-6096-4f8a-b701-07a32612c9aa,Findley,Bendin,fbendinqh@discuz.net,Male
e50755b4-cba4-4295-b639-304803c6d6f1,Sophia,Eadon,seadonqi@netscape.com,Female
b6cb3615-9c59-42a9-87be-a52c652193a0,Euell,Gooder,egooderqj@artisteer.com,Male
2c2486c5-fdf3-4af9-b010-c22db27397e6,Ethel,Pietzner,epietznerqk@columbia.edu,Female
932b9127-ab8c-458a-b1b6-e369c1449be5,Nikoletta,Tompkinson,ntompkinsonql@bbc.co.uk,Genderfluid
fc11b371-f263-4015-99be-9e3cac437eb8,Carmelita,Whitmell,cwhitmellqm@furl.net,Female
fcfb7e3e-601e-437c-b337-0537e9bf4a96,Samaria,Ondrus,sondrusqn@xrea.com,Female
c5ae677d-53ee-4478-91c5-86894bef8233,Skippy,Strover,sstroverqo@yahoo.co.jp,Male
fd79460f-8821-40e4-b54c-449db2cbd15f,Marlane,Eastcott,meastcottqp@vk.com,Female
59201d05-13c1-43f0-a1e1-c19b5cc6a1de,Abram,Mell,amellqq@engadget.com,Male
3e51ad72-3fd0-4d0e-b85f-b57cb1214a4d,Mikel,Blinde,mblindeqr@apache.org,Male
962fc23e-e313-401b-b3bb-88f3786c5529,Gillian,Rikel,grikelqs@canalblog.com,Female
80c2fd0f-3f7b-43e5-bc37-f05a62c497d8,Westleigh,Earengey,wearengeyqt@miitbeian.gov.cn,Male
e7ffe11b-ed0f-4904-8a95-3d9ab450bcd9,Britte,Hoggin,bhogginqu@wikia.com,Female
094aa68a-8fe5-4794-b077-e85b2a17ec5a,Sandra,Sharpous,ssharpousqv@example.com,Female
fbad91b2-0497-447c-b673-c2ff239ce587,Dre,Lownsbrough,dlownsbroughqw@networksolutions.com,Female
3f496cc1-9ba6-42c0-9ab6-008133bbd3c7,Chanda,Collman,ccollmanqx@acquirethisname.com,Female
a94f80d7-ab1e-40fb-a14c-08ebda87b06a,Mel,Paler,mpalerqy@gizmodo.com,Male
0664a4f9-d2dd-48f0-89e9-c0a7733b6c91,Laurianne,Ruit,lruitqz@netlog.com,Female
04631df7-4f1e-4a27-b518-7d3f7ab6eb93,Lori,Scutchin,lscutchinr0@hud.gov,Female
a2946455-f8eb-4b20-ad1d-0a68277bc6b1,Lombard,Clotworthy,lclotworthyr1@oaic.gov.au,Male
33bb76b5-31fa-4391-b446-36e27b14fef0,Reeva,Julien,rjulienr2@tumblr.com,Female
686e48ee-fc21-4175-a745-f6d25fd3de63,Thornton,Bartalucci,tbartaluccir3@bloomberg.com,Male
19beb99c-f519-41bc-9998-34bef534dfd9,Jarrid,Dilliston,jdillistonr4@mysql.com,Male
3962d964-d024-4623-adac-585117cdfe50,Gris,Polden,gpoldenr5@engadget.com,Male
0942cf16-e766-4f64-8e67-35e476ac18ee,Gardie,Verheijden,gverheijdenr6@guardian.co.uk,Male
510d2d76-1f02-4796-affe-3b6815533dc6,Tasia,Kid,tkidr7@skype.com,Female
ad6df9d1-5262-4053-9055-3d945971f8fa,Judith,Berns,jbernsr8@typepad.com,Female
78086543-36e9-49f9-8b23-75e3e71437dc,Sheffield,Glentz,sglentzr9@answers.com,Male
f42b2fc6-1e94-4ff0-84ae-3e000ee9c364,Fonsie,Boffey,fboffeyra@apache.org,Male
aaa2bbeb-4bb6-4856-82ce-3520e9791bc3,Myca,Deekes,mdeekesrb@oracle.com,Male
dfdcc857-f63e-4e3e-b145-d3ab55e7779e,Sunny,Pakenham,spakenhamrc@delicious.com,Male
8a58954b-d228-4e72-bac2-4f4bd298be1a,Trenna,Ewbanck,tewbanckrd@yellowpages.com,Female
ab217247-6877-4908-ae39-ca585d124f86,Lynette,Symms,lsymmsre@yolasite.com,Female
ae092693-5f29-4f8b-a15f-1a762bdef50a,Pippo,Chicotti,pchicottirf@hugedomains.com,Male
2a80e6f3-dbb7-4935-ba26-6b60312b79c3,Roxanne,Gosselin,rgosselinrg@statcounter.com,Female
f5054fe9-a04a-4817-a44b-c8615842bc13,Andre,Tilt,atiltrh@nifty.com,Male
f953fc93-5875-4738-ad09-68e690b7d401,Turner,Lennon,tlennonri@shinystat.com,Male
8116e78b-f63b-469e-80fe-9a820c8de912,Melinde,Craker,mcrakerrj@vinaora.com,Female
13f253f9-f857-46be-a538-25d16e2e61cf,Garfield,Benet,gbenetrk@hibu.com,Non-binary
3ec9dedc-9211-4de2-a33c-07783dfea2df,Jill,Brookes,jbrookesrl@scribd.com,Female
4b23bd69-bc93-492a-b6bf-70c7a779a61a,Jonathan,Meakin,jmeakinrm@washingtonpost.com,Male
c1744157-39fe-481c-9824-8deccbebc7c8,Krisha,Clausewitz,kclausewitzrn@tamu.edu,Male
74760ca9-a919-4c35-9113-91165058ee7a,Jack,Buglar,jbuglarro@soundcloud.com,Male
f99f93e5-4654-4bec-b906-57dc352282a5,Kingsly,Mewrcik,kmewrcikrp@thetimes.co.uk,Genderqueer
42c2194e-86b9-484b-85dc-e86cf2033f7b,Kippar,Timmons,ktimmonsrq@ebay.com,Male
91d98b19-5f59-44c0-afe5-89ea123ccef5,Chip,Crippin,ccrippinrr@yolasite.com,Male
