id,first_name,last_name,email,gender
2e8bb535-3d33-47ff-9c96-4e39cc41d1b8,Jacynth,Davage,jdavage0@cbslocal.com,Female
958e309c-9b93-497b-87bc-927eb1cd1c0e,Jean,Partridge,jpartridge1@ucsd.edu,Male
2de9e2ad-0c11-4595-81c9-c261f82838f4,Rubie,Judron,rjudron2@prweb.com,Female
1469c598-6e62-453e-9e15-dbbfb3b690de,Papageno,Rushton,prushton3@tmall.com,Male
bf45b701-7f2a-40e4-96dd-b689a7d982c9,Chantal,Stonary,cstonary4@economist.com,Female
5b55f652-97ea-44a1-9a7e-21670d66c476,Catie,Radwell,cradwell5@digg.com,Female
ed003873-61ae-4548-9369-fff002490a46,Alaster,Hoyle,ahoyle6@sogou.com,Male
4de21e2a-dc45-4332-9d08-9b6a68cada48,Llywellyn,Rodenburg,lrodenburg7@deviantart.com,Male
5dab1290-25b7-4b28-b05e-171e6b7d6d57,Blaire,Well,bwell8@google.cn,Genderfluid
7917976b-24eb-4094-8109-46c830cbf917,Jacquelynn,Gilks,jgilks9@admin.ch,Polygender
5606bf95-77e3-4e61-b992-c42fcb33bfec,Erena,Eastway,eeastwaya@miitbeian.gov.cn,Female
1e3760d0-373d-472b-b37d-1ba854bdd91d,Burty,Arkill,barkillb@apache.org,Male
b7d2e683-a447-4e30-9415-e57635b13d5a,Selma,Demongeot,sdemongeotc@elegantthemes.com,Female
21995c8c-eb06-46bd-a2be-106272c683bb,Rawley,Pipes,rpipesd@last.fm,Male
e349251a-d4b9-4067-92c9-dc7fb146558f,Shellysheldon,Surridge,ssurridgee@ezinearticles.com,Male
2ff2add5-d37a-45ba-826b-699aa3497076,Zsazsa,Lamperd,zlamperdf@newyorker.com,Female
1b30c8db-de61-4e5c-9bf8-2c4f9f0d93e2,Modesty,Walcher,mwalcherg@gizmodo.com,Genderqueer
5d9c8e73-b929-4eb5-94ff-f02613edd1ce,Fraze,Heineken,fheinekenh@wunderground.com,Bigender
bb8806c1-d6f1-41ff-a06d-486ccc277f7e,Evelin,Zorzenoni,ezorzenonii@youku.com,Male
d1da07ef-16ba-4150-9993-6bb521006722,Madelyn,Fallanche,mfallanchej@imdb.com,Female
7b1040eb-e6bc-4ae3-80ae-bfb6ace05fbf,Wyn,Mehaffey,wmehaffeyk@wired.com,Male
610cf7bd-636c-420b-9819-314d3445d1c0,Karla,Aronoff,karonoffl@shop-pro.jp,Female
c13b2c44-d55b-4fca-b2fd-43f2556c1946,Kearney,Alvar,kalvarm@soundcloud.com,Agender
c84ccfee-7906-4251-a8ee-69240c130682,Blinnie,Zorer,bzorern@google.ru,Female
f43f7ec9-db34-4718-b4b7-a9f62ad20612,Wesley,Worgan,wworgano@biblegateway.com,Male
0a379c79-d509-4cb1-b2a7-1545c33dc492,Adolph,Hollow,ahollowp@de.vu,Male
d75c239a-0ab5-46cc-bb4e-db2b96df1f0f,Glendon,Hammatt,ghammattq@wordpress.org,Male
7f067fc5-d9c4-42ee-9460-69bc4f5b7b69,Gwenny,Etheredge,getheredger@bandcamp.com,Female
0eed4b46-7af0-4a4a-8f2f-22d739cb3077,Rafe,Jelly,rjellys@sohu.com,Agender
91dd45ec-a74f-4474-a6bc-c2d61fcf4bac,Regan,Parrott,rparrottt@ft.com,Female
53201499-7443-45b8-8854-4485c7135333,Aurelea,Sisson,asissonu@buzzfeed.com,Female
7d297d75-93c0-46aa-9c11-ee88127cacf8,Julina,Lamacraft,jlamacraftv@ustream.tv,Female
b399898b-28c9-4110-8d66-2f828a4dfe52,Tabbatha,Belford,tbelfordw@xrea.com,Female
7420da8e-b79c-4707-9389-ab7c1ca1dc08,Fidole,Ketcher,fketcherx@ezinearticles.com,Male
2dbf7e78-abaf-4c0f-9dd1-2d64c4b877ec,Sula,Heustace,sheustacey@princeton.edu,Female
c7fe656a-7e0f-42a4-a3ac-89d4c1939bb3,Carly,Bridgewater,cbridgewaterz@cpanel.net,Female
8b21537a-5338-43b3-a288-744dfdeebcd7,Shandeigh,Rosedale,srosedale10@joomla.org,Female
c97855f1-7b95-4a5e-96b8-34e077aae6c9,Kasper,Stangroom,kstangroom11@macromedia.com,Male
34d5ebab-43db-4306-bd48-6aca59503368,Gaylord,Loraine,gloraine12@github.io,Non-binary
084ee927-d282-45b1-8856-b9013eb00c75,Basile,Trippack,btrippack13@privacy.gov.au,Male
a8baf63c-8d67-44ea-ac5a-0cfb6f186bd9,Alaric,Iannelli,aiannelli14@prnewswire.com,Male
75958f9f-9063-4917-bb80-6ac1659d2784,Mitch,Biggen,mbiggen15@free.fr,Male
cf2b049d-ea8c-400b-a915-28e46d9d5974,Reta,Carnie,rcarnie16@redcross.org,Female
a0796846-4062-4d87-89d7-077a9144fc91,Clim,Larmouth,clarmouth17@loc.gov,Genderfluid
0eb5dd00-7c07-4d84-b383-6897e95b355b,Roscoe,Parkins,rparkins18@columbia.edu,Non-binary
1a455bda-e72c-41b6-9dbc-60e4bb413c91,Sigfried,Gutowska,sgutowska19@wufoo.com,Male
c3bcc97a-5156-48b8-ad3f-088ace230581,Hendrick,Dohmann,hdohmann1a@diigo.com,Male
803862c5-1d0b-4833-a5c4-ca1b09f9d009,Teri,Reedman,treedman1b@mysql.com,Female
b1b70b97-1856-4291-8b41-110660b0a448,Elbert,Reijmers,ereijmers1c@biblegateway.com,Male
b9bc1aec-0ea9-47fc-bc3d-411ab18bf05f,Emmeline,Curedell,ecuredell1d@unblog.fr,Female
ee6a2f31-aef7-48dd-a481-8a266f107d37,Hirsch,Wenzel,hwenzel1e@archive.org,Male
4984a687-8090-429c-8633-d54d41a1a9f1,Nata,Kennler,nkennler1f@wsj.com,Female
f95148b1-da86-4bbb-893b-41a40e9f21cc,Vanessa,Bartoszinski,vbartoszinski1g@macromedia.com,Female
8630647e-dfcf-4bbd-ade2-c845566420c2,Bartholomew,Probbings,bprobbings1h@reverbnation.com,Male
112f02e4-a0e5-4d3f-a8ce-666a5a9e31ba,Raymund,Lamblot,rlamblot1i@skyrock.com,Male
7388972b-b3c8-4ead-a72f-53df015ffb82,Diego,Wombwell,dwombwell1j@163.com,Non-binary
7b34a8f0-708d-472a-bbba-d08b9652e262,Rochette,Noton,rnoton1k@mail.ru,Female
fc9e1ea2-e72f-4540-81e2-702aeec62513,Dante,Abbet,dabbet1l@columbia.edu,Male
bf62961b-6f75-4844-8df5-e4e0ccf14e6d,Alf,Stodart,astodart1m@theguardian.com,Male
0bfbf907-4f72-412d-84a1-e98033cba42c,Clevie,Robson,crobson1n@barnesandnoble.com,Male
613f2f1c-ee06-40ab-90ae-0aefdbff4768,Yuma,Lenihan,ylenihan1o@hud.gov,Male
4ad6f2ab-dfe3-4b55-9038-dad2c0b3acc5,Beatrix,Larkin,blarkin1p@ezinearticles.com,Female
11e23cd0-e4c0-4c37-816a-ed57c6a2f0bc,Skip,Samber,ssamber1q@prweb.com,Male
fed5b9ae-c082-4205-bc81-cfef304f7c3d,Elvis,Arch,earch1r@artisteer.com,Male
e6f23254-224c-4fdf-899d-05d6ed95a7e5,Taddeusz,Valerius,tvalerius1s@ibm.com,Bigender
d7488c1a-bd1f-44ba-a84c-2dbd7cbb45e2,Bernadette,Adenet,badenet1t@ucoz.com,Female
4ea5492e-3320-40d3-b6e1-dd5583dcdaf7,Keely,Winning,kwinning1u@slashdot.org,Female
ed2953a1-a8a8-4827-a223-ffa610305b40,Rex,Dincey,rdincey1v@scribd.com,Male
c1111664-e82b-491f-9378-69121c4822d7,Shannan,Hanbury,shanbury1w@fda.gov,Male
0c355ace-e2ba-4782-9627-8e300c3561d8,Jerrie,Core,jcore1x@livejournal.com,Female
c7ddd528-0386-40bf-b7c7-2d6e12c8e522,Agata,Pavia,apavia1y@vinaora.com,Female
0d32aa32-ba68-4b0c-8bf7-c10e082d294c,Kareem,Hacard,khacard1z@fda.gov,Male
c1811639-abaf-45a4-9eca-76884899f679,Jakie,Swinn,jswinn20@uol.com.br,Male
038e366d-441c-4457-b841-5f15c77a9729,Stepha,Reder,sreder21@phpbb.com,Polygender
6d11874d-8c4b-4c56-a6c2-849349cbf488,Rikki,Saxon,rsaxon22@artisteer.com,Male
959534d2-d310-43f3-b7b1-6e87e860a6ad,Lillian,Lanchester,llanchester23@wix.com,Female
c468c2ad-3e4a-4994-89c2-7561cd2149b6,Ethan,Dumblton,edumblton24@privacy.gov.au,Male
03af14b7-2bcb-429d-a5a5-9f948d5bfc2d,Avrom,Simchenko,asimchenko25@yellowbook.com,Male
751dfb35-19f7-41da-bea9-873eed96b2aa,Shirlene,Dron,sdron26@digg.com,Female
31d9d3ae-3485-41af-b623-e40edc1a8599,Odele,Tomsu,otomsu27@auda.org.au,Female
3ffe9fbe-5df6-4de2-8b86-4668da9b6cef,Salomo,Edeler,sedeler28@webeden.co.uk,Male
5c76975b-d981-4fba-96fe-28e00b044ba6,Virgina,Moody,vmoody29@blogtalkradio.com,Female
ed1e8d57-2d61-4a8a-9b7a-d5954f50f8f6,Rab,Padly,rpadly2a@free.fr,Male
0747cc82-7754-4a5e-95dd-e88dba73a213,Eddy,Greenset,egreenset2b@pcworld.com,Male
7671de2b-7223-46ce-8b46-3cbe8cb5b3f6,Kipp,Dufer,kdufer2c@51.la,Male
71c473ff-c01e-4b84-ae2c-070b955bdacc,Walsh,Bodker,wbodker2d@gmpg.org,Male
43797678-840c-4159-9d5d-ea7ba240c09b,Birk,Dayce,bdayce2e@surveymonkey.com,Male
76cbe20e-b133-49ab-9fa1-f5f76fdc66fe,Cazzie,Lappine,clappine2f@ucsd.edu,Male
c5b4075d-2f9a-43c7-8a75-a59076f4a05f,Vinnie,Soggee,vsoggee2g@ning.com,Male
b43e09ce-80b4-47ac-83ab-d8c55a3ab721,Bruce,Belsher,bbelsher2h@skyrock.com,Male
484cc6e6-0525-4244-b72a-4043fe873a93,Lethia,Benam,lbenam2i@360.cn,Female
ddf4128d-56c4-4295-b951-b743ce54b6a6,Cam,Blois,cblois2j@freewebs.com,Female
e2bf86d5-cab5-4d6f-be29-767b73243890,Margeaux,Galgey,mgalgey2k@twitpic.com,Female
2c8f9236-9051-4159-a7d1-75a48e3df840,Hallsy,Tuffrey,htuffrey2l@t.co,Male
6791bbb5-44ab-46f0-bd9c-b18021db9cfc,Laurella,Izat,lizat2m@google.ru,Genderqueer
e4a71c0c-099e-4fa5-b717-d7b110cf3d19,Caryl,Morey,cmorey2n@is.gd,Female
6dff62b5-3054-413d-93ff-eeb8618416da,Baillie,Bowness,bbowness2o@illinois.edu,Male
ea1e7115-52dd-48b7-b432-6592bdd2b069,Kelsey,Hurkett,khurkett2p@cbslocal.com,Male
e1d8f13e-62a3-4872-9078-de0d244ca843,Emmalynne,Berardt,eberardt2q@latimes.com,Female
d1b4a693-a7ec-4c11-8de6-deccb3ce4559,Gipsy,Overy,govery2r@ucsd.edu,Female
64008e4e-7aa9-4a15-b122-90fa6380bed7,Jo ann,Comport,jcomport2s@yellowpages.com,Female
f61acdbb-5f34-4c7d-bbdb-7a787c7c77b5,Murray,Finlator,mfinlator2t@businessinsider.com,Male
a52c18fb-cafb-4ce2-bbe5-e8fd2751e78a,Kayla,Upchurch,kupchurch2u@blogtalkradio.com,Female
03998622-c5aa-40ee-8d8d-754ef2194c85,Kassi,Dorrins,kdorrins2v@cbsnews.com,Female
c08548cc-e5d6-4c03-918c-d83704d03dcb,Jordan,Havenhand,jhavenhand2w@fema.gov,Non-binary
396a091b-839d-4407-bd79-4e4f702dc2ef,Brett,Knotton,bknotton2x@senate.gov,Male
948190a4-c429-4426-b794-7ee9dd775b6f,Colman,Bampkin,cbampkin2y@youtu.be,Male
6772b7ad-1a33-4c8b-a022-350c9b566f9d,Aimil,Slyne,aslyne2z@epa.gov,Female
673d7b57-74fa-4054-8927-c4cf9580f579,Marillin,Cabell,mcabell30@linkedin.com,Female
53b43ac3-93c9-46eb-93a9-3d96d732b58b,Nowell,Di Ruggero,ndiruggero31@blogger.com,Male
8de1551c-129c-4a8b-bcc1-53841ce279da,Gussie,Orys,gorys32@goo.ne.jp,Female
54dbbca6-6a84-41f0-bc31-00d2dd64b17e,Osgood,Henrot,ohenrot33@histats.com,Male
c8563cd5-9d87-454f-abdb-bc92b94da1f4,Charlena,Timms,ctimms34@timesonline.co.uk,Female
1424a493-b8b0-4a96-8c2b-3196e785959b,Selena,Teaser,steaser35@sitemeter.com,Female
0f4fdf0a-49b5-44dc-9f26-cc53fd06e59f,Faina,Tarbett,ftarbett36@intel.com,Female
97b0d9e5-0593-4a0b-9b7a-383c51a023b5,Templeton,Mowsley,tmowsley37@weebly.com,Genderfluid
cdf737d0-b53a-47c4-a4ea-4399c2457d3a,Fred,Bent,fbent38@homestead.com,Male
0cb21fa3-7d4b-4e28-b2f8-c43454775518,Elene,Patry,epatry39@eepurl.com,Female
e4dc94ab-2425-4701-b603-95fbe48e00bc,Tiphani,Palphramand,tpalphramand3a@friendfeed.com,Female
cb7f0ce6-8aef-46c9-877e-a17c8935b649,Ann-marie,Faircley,afaircley3b@cpanel.net,Female
97b27a30-a9cd-49b7-8087-00a23076bde7,Lisle,Gayton,lgayton3c@ask.com,Male
66ad3b77-5f3f-4c02-8e39-f89d899b3a37,Tonye,O'Cannovane,tocannovane3d@etsy.com,Female
eefd7e93-8508-45fd-a704-91dd63b82535,Dulcea,Bevir,dbevir3e@blogtalkradio.com,Female
63efe5a5-129f-4690-a394-9322c9128b1c,Gwyn,Brignell,gbrignell3f@51.la,Female
7440f17d-bf5f-40c1-87ac-bf1aca4c39b0,Trev,Gettins,tgettins3g@hatena.ne.jp,Male
bf1687e0-ad14-4c64-9db0-a79d6d68935f,Verne,Soppitt,vsoppitt3h@mail.ru,Male
0bfc7941-c737-4ccf-a31b-876d151a5284,Tera,Eglese,teglese3i@slashdot.org,Female
66896bbf-d88c-452d-98a4-4ed8a8f0c309,Christian,Yglesias,cyglesias3j@ehow.com,Female
6225e9fe-8820-4708-b02e-59723b1f5f31,Christalle,Kliemann,ckliemann3k@friendfeed.com,Female
7cca09a9-5cc7-4eb7-8038-b014de372ed2,Garnet,Lissimore,glissimore3l@dropbox.com,Female
293a0dfe-826f-4c09-8e74-d99565bb9b18,Aube,Corradi,acorradi3m@hp.com,Male
685930f9-0c2e-4d74-926e-bbc35ea568ef,Cheryl,Ousbie,cousbie3n@boston.com,Female
c8f83fde-8efe-4db3-8e9b-8628c0d17053,Ara,Boulstridge,aboulstridge3o@artisteer.com,Male
dd404f4a-f71c-4a52-a9be-8ad653f709e0,Kore,Dacres,kdacres3p@hugedomains.com,Bigender
3a420d6c-2a99-471e-8363-496304af7ede,Aggy,Alexsandrovich,aalexsandrovich3q@usgs.gov,Female
1e571bf3-cd01-4f8f-a865-ae6005860ed9,Farah,Jaycock,fjaycock3r@digg.com,Female
542e653c-a24d-4ba9-bff4-1aec3bdbf073,Leonore,Corde,lcorde3s@youtu.be,Female
c8f35807-19fa-4647-989f-0daed843b8e7,Rivkah,Ledwith,rledwith3t@ted.com,Bigender
bc7c2c7b-ea2a-4410-93f7-09edac8cfcfd,Rochette,Perigeaux,rperigeaux3u@tiny.cc,Female
85f6f5f5-3bb5-455f-86f5-8fdf5bae8875,Lorin,McGivena,lmcgivena3v@youtu.be,Male
bb7d5a11-347c-4e92-8fb0-5fa3bf433b37,Shelley,Castledine,scastledine3w@theglobeandmail.com,Male
8b4b9d59-1432-4214-bb64-9c09c41966cd,Aldis,Lowden,alowden3x@infoseek.co.jp,Male
2b30b823-7cab-41ad-8c8b-330cd13ea65c,Dur,Mashro,dmashro3y@webnode.com,Male
6d3128ba-77d6-401a-84b6-f0c36cea00ca,Rosalinda,Buttler,rbuttler3z@answers.com,Female
e1fa7265-69fb-4f95-b295-7bc16128e734,Chariot,Baughen,cbaughen40@washington.edu,Male
304f5aef-60a1-44da-8694-7046f9f14c84,Kynthia,Kynvin,kkynvin41@chronoengine.com,Female
c63e660e-0e26-4da0-85ae-ceb0857add1e,Lorianna,Macy,lmacy42@stanford.edu,Female
0a8382da-c256-455b-9b24-45cb09b761d1,Marney,Dooney,mdooney43@trellian.com,Female
7306fa9f-29e5-4986-a041-e62567563008,Thedrick,Purle,tpurle44@google.de,Male
9420fb4d-776b-4501-bc19-42f1d93d6316,Port,Weepers,pweepers45@wp.com,Male
18def6ad-c85c-4c77-877a-2a8c2b2f3ba7,Wallace,Hargitt,whargitt46@weebly.com,Male
7a9330d2-6ebf-46af-8187-f36545b924b9,Heda,Bedham,hbedham47@wunderground.com,Non-binary
8127f26c-0290-43e3-af85-5b35ee097ef3,Sybille,Kinworthy,skinworthy48@skype.com,Agender
4c5229e4-fc50-4c58-adbe-832cacda197c,Salli,Zolini,szolini49@fema.gov,Female
2be5f52c-5f55-4869-ba6d-233873de1ccb,Mia,January 1st,mjanuaryst4a@theatlantic.com,Female
ed500e49-2343-4a2f-bc6e-f2ca2f56626c,Karola,Polamontayne,kpolamontayne4b@diigo.com,Female
6ae8ad29-fa0e-4efd-ad4e-1bb2fbdd6c80,Micheal,MacIlriach,mmacilriach4c@vkontakte.ru,Male
153c6329-efaa-4774-b896-4fb17ce14df0,Nat,Seeler,nseeler4d@hp.com,Male
9eeb991f-c78b-4e9e-a107-f4f52dee7365,Antoine,Orrick,aorrick4e@sogou.com,Male
c5807e7f-4fe2-4fa3-a472-e7f577ad44a0,Alfi,Kennea,akennea4f@un.org,Female
5bdcdb3d-c2e7-4bdd-9c15-927ac445496f,Dorian,Wastie,dwastie4g@dropbox.com,Female
d2842a24-7d77-4e13-b1cc-76f1d847c086,Eli,Carcas,ecarcas4h@shinystat.com,Male
66097732-c18c-4ac5-9494-75f1a1402fb7,Saundra,Quilkin,squilkin4i@blogger.com,Male
f73c6030-6d4b-4d1d-b34a-2edb8f04592f,Delano,Pymar,dpymar4j@spotify.com,Male
fb98d324-d2d7-4066-8b58-61341cd3ade2,Romain,Ivoshin,rivoshin4k@squidoo.com,Male
f884c9fd-1495-413b-83aa-828a899d3092,Conroy,Branchet,cbranchet4l@google.ru,Male
faa95291-dcac-434f-9bd3-74948dc555ae,Bordy,Sibthorp,bsibthorp4m@state.gov,Male
23518f9a-c692-48b6-9295-d30124dd07e6,Olvan,Rulton,orulton4n@newsvine.com,Male
b7a5b4b5-a6c7-4ee6-8af6-95414754caa0,Dena,McDuffy,dmcduffy4o@china.com.cn,Female
a20ed423-20d9-4742-bb4f-7dd4f81d70a0,Bald,Jerome,bjerome4p@rediff.com,Male
85c88a7f-7c20-4004-86f1-870f6817f5a0,Davis,Gerault,dgerault4q@liveinternet.ru,Male
3e9fda65-630c-46e8-ab5e-6177feaf5694,Yolanda,Reboulet,yreboulet4r@europa.eu,Female
872b3646-2f89-4807-a4ed-28affb7ff563,Raff,Salvin,rsalvin4s@liveinternet.ru,Male
35e9816a-20eb-45f4-9f73-87f618bae086,Giorgia,Banghe,gbanghe4t@squarespace.com,Female
83f7392c-1c87-4975-a89d-aa9046677aa9,Eal,Swateridge,eswateridge4u@woothemes.com,Male
698c4764-11bf-4b52-8b8f-03bc1f22627f,Elliott,Syrad,esyrad4v@liveinternet.ru,Male
56c7ca1d-e446-486c-9703-d7538b410a46,Jeane,Jarrard,jjarrard4w@china.com.cn,Female
174b0c0f-baa2-4035-84a9-f04403f92f17,Nicolis,Ilchenko,nilchenko4x@blogger.com,Male
d1ca2a9b-8abe-48e1-afa1-c471043cd3cc,Nicholle,Luckes,nluckes4y@goodreads.com,Agender
ef71bf2e-c23f-4c0a-9956-be2a75576a34,Lucretia,Southcombe,lsouthcombe4z@bluehost.com,Female
4cd689c8-1a2a-452c-875f-3a1eeb8d8eec,Germain,Guitt,gguitt50@java.com,Female
7bef70b8-398b-4671-bc35-70f7104d718f,Bent,Risebarer,brisebarer51@reuters.com,Male
d30a0ab2-9186-4cab-ab93-2c78ca73dee8,Timothea,Ralestone,tralestone52@xinhuanet.com,Female
e5a85a75-7726-4ac1-9125-4973181628cf,Zoe,Bernhart,zbernhart53@netscape.com,Female
3c8d5006-9427-4612-bc29-b92599af74d4,Cristen,Bowler,cbowler54@nih.gov,Female
482cd0b4-e8db-4279-970c-61f5e8ebcb2c,Leanora,Balderson,lbalderson55@wired.com,Female
a4c311d5-5a72-402f-8a10-be3bc4c9c86d,Montgomery,Cathcart,mcathcart56@shinystat.com,Male
faf9bd2e-cb39-473b-ab00-f395f55978b3,Kipper,Audley,kaudley57@privacy.gov.au,Male
104fd77a-4f44-4ca7-900e-16e292b8ec83,Giffie,Coonihan,gcoonihan58@unc.edu,Male
c8a1e1a3-0246-488c-b8f9-09d0ebc1d722,Celene,Swaffer,cswaffer59@mapy.cz,Female
65585d51-2b00-4bd8-8f9a-af046c93a8dd,Davita,Baron,dbaron5a@lycos.com,Female
f78d8fca-5d0e-4b61-b94f-eb27e93b7d31,Piggy,Dudleston,pdudleston5b@dell.com,Agender
dbd34070-8eef-4f76-896e-0fa0a0a99a2d,Gale,Brownsey,gbrownsey5c@t-online.de,Female
1bf42fa2-e009-4ed4-a4e9-5d992d1ea9e7,Clevey,Siggin,csiggin5d@ycombinator.com,Male
cca56bd0-fb49-4667-8ee6-a568a7c570e3,Angil,Kivelhan,akivelhan5e@biblegateway.com,Female
68737a16-d692-4812-8fc8-5fc33c81001b,Allis,Hammill,ahammill5f@yolasite.com,Female
ea7c307e-daee-4e58-8560-15a13ab09c6c,Daphene,Todeo,dtodeo5g@hatena.ne.jp,Female
215b1877-4f8b-4203-b153-ab89dd6cd379,Sarina,Gernier,sgernier5h@mac.com,Female
b2b745a6-517d-4b95-90a8-c7987918cdae,Joline,Finnes,jfinnes5i@indiegogo.com,Agender
b6f20140-884f-4a6c-8bf5-a7341a35cc1d,Kareem,Hamman,khamman5j@intel.com,Male
4ab1cca3-9fb0-47ab-a2b3-9b0aed001faa,Hermina,Habbema,hhabbema5k@nytimes.com,Female
ed71fd41-c772-437f-8f9b-fa8631c464ab,Grenville,Juanico,gjuanico5l@cloudflare.com,Male
4024f714-170c-4cb8-b756-ff16c94b6a64,Edie,Gauvin,egauvin5m@theglobeandmail.com,Female
32d0a99d-b152-44ef-af92-f3b1b30510c3,Timofei,Yarranton,tyarranton5n@ovh.net,Agender
f61bc970-f516-4446-b657-1a7920bddbf7,Dianna,Hugk,dhugk5o@purevolume.com,Agender
63cae3f4-1c3e-4d7f-8056-5811c0ccc4ef,Harold,Hutcheon,hhutcheon5p@netscape.com,Male
68117a18-0b48-4057-8ad6-9b97d933e54b,Horten,Ubach,hubach5q@toplist.cz,Male
e898b0a5-32fa-4085-b32e-59806831b3da,Zacharias,Prise,zprise5r@ocn.ne.jp,Male
95a5979a-abc8-4f9d-a95d-7066bf8e7eb7,Tiebout,Lyness,tlyness5s@kickstarter.com,Male
7df3f636-655f-41d7-af91-610a83638621,Mace,Swiffan,mswiffan5t@nydailynews.com,Male
4ac0901d-d5eb-495c-a595-27dbfbe63057,Reta,Allner,rallner5u@forbes.com,Female
1959b875-a21f-4a54-8862-0a1d90214933,Bendick,Plaskitt,bplaskitt5v@marketwatch.com,Male
32562759-ac66-4dfa-97ac-f52a0d0e7551,West,Nobles,wnobles5w@cnbc.com,Male
1aec03b9-1d86-4db1-b4a7-8243a2ccf6fb,Julie,Dumbleton,jdumbleton5x@nih.gov,Genderfluid
92ccd4ee-f56e-43f4-83b7-b000a4fd8add,Gianni,Ridgedell,gridgedell5y@hubpages.com,Male
cee6635e-1f07-44cc-a7bd-ff81be5cf0f4,Gonzales,Sprasen,gsprasen5z@aboutads.info,Male
41857d22-cb3a-4a5a-9a24-34c1bdf9a2a2,Karyl,Ludvigsen,kludvigsen60@t.co,Female
41f4fd00-9d29-4205-b1f1-40a824c15d2c,Lauree,Biagioni,lbiagioni61@dedecms.com,Female
d9524106-f0f0-49bb-adae-d06a66039d1c,Viola,Wincom,vwincom62@histats.com,Female
109e7ab1-a7ad-4448-b9ad-382fa5baaabb,Fran,Ferrelli,fferrelli63@mlb.com,Polygender
d68df866-6c59-4f2f-a051-a1ac1f85988a,Eliot,Hampe,ehampe64@simplemachines.org,Male
fde1b9a9-1dee-4424-911f-db751edc7567,Beulah,Weare,bweare65@walmart.com,Female
51b705cc-1e38-40e5-94ab-a10bc4a59926,Keith,Jenner,kjenner66@nifty.com,Male
47f293de-6b1a-4e70-be46-22bd8b35edba,Che,Pude,cpude67@vkontakte.ru,Male
7837cfad-0ea9-42f7-8b76-4719b4cc73a3,Mervin,Moysey,mmoysey68@hatena.ne.jp,Male
65ea03a6-49da-4fff-8b77-5cfa0183a741,Helena,Cowlam,hcowlam69@wsj.com,Female
6441d284-2131-44b0-b263-64154401369c,Bev,Neillans,bneillans6a@typepad.com,Male
0709243a-85d8-4716-8dbe-ab241683147a,Rosemonde,Leverson,rleverson6b@about.com,Female
6f59c4b3-80a4-4997-876e-6a50e15ed8dc,Karilynn,Dixsee,kdixsee6c@t-online.de,Female
dd432eec-ce2b-457d-8ea7-3809540fee8e,Edythe,Redparth,eredparth6d@flavors.me,Female
35a4e6d1-6ec8-4231-ac0e-1ce09e75afaa,Gawen,Yankeev,gyankeev6e@hexun.com,Bigender
cad18df4-a195-4cd6-97dc-5f1d48125f29,Sula,Sterre,ssterre6f@vinaora.com,Female
2b6eea7c-061c-479b-8091-4b7d303955b4,Crissie,Elson,celson6g@gov.uk,Female
8f3e3993-ff74-429f-b727-1156b227cac6,Andriana,Cromleholme,acromleholme6h@free.fr,Female
e654d429-2ae3-4c0e-8dee-f5a54b605e11,Abram,Errichiello,aerrichiello6i@spotify.com,Male
95a9c1b0-a8e0-47eb-82f7-a7d68770caa9,Manuel,Angrave,mangrave6j@amazon.co.uk,Male
c219f851-062a-4746-bb9a-b896439c40c0,Luis,Simion,lsimion6k@mit.edu,Male
4208bee2-4b91-448b-b1fb-27a00bca3514,Siana,Dunstan,sdunstan6l@gizmodo.com,Female
7cd1232e-6712-4bf3-a3e5-62acd353fa6d,Sara-ann,Jacobsen,sjacobsen6m@nationalgeographic.com,Female
c8c51721-7fb6-4157-9ad5-7358427e19c1,Husein,Craigmyle,hcraigmyle6n@umn.edu,Male
9b2ecb75-ca1f-400e-b368-2055c89448b3,Marcelle,Boltwood,mboltwood6o@nih.gov,Female
6b27ca8f-5830-4b3a-86d7-9ccdcc5e7ed3,Chandra,Jeffrey,cjeffrey6p@columbia.edu,Female
d5bf1f70-8910-4986-b983-d58884e0a54e,Tallie,Clinkard,tclinkard6q@altervista.org,Female
cdb4e718-bf1b-411e-93eb-22db92906684,Cordula,Reynoldson,creynoldson6r@uiuc.edu,Female
41428f7e-0199-45ce-8eaa-0508a82051cf,Wilburt,Dunstone,wdunstone6s@tripadvisor.com,Male
a218fe82-17a4-48c7-9c25-600aefa096a3,Chancey,Critten,ccritten6t@tinyurl.com,Polygender
39d130d3-e817-41b5-9d11-e0ffffa9721f,Royal,Simoncelli,rsimoncelli6u@de.vu,Male
075704fe-12c0-4dcb-abf1-236fa84fab91,Craggy,Cattrall,ccattrall6v@nyu.edu,Male
6a043bbc-afab-49c3-af1c-c7821be447f7,Sigvard,Fitzackerley,sfitzackerley6w@shutterfly.com,Male
cd45c40f-cb04-498a-9385-79b320501476,Delano,Cearley,dcearley6x@google.ru,Male
51ce452f-06cd-4a3f-8e0a-4e84da88697b,Dacia,Suffield,dsuffield6y@imgur.com,Bigender
56074f8a-1c6e-42c5-a6f2-cff0b65c46e0,Nero,Meaker,nmeaker6z@multiply.com,Male
566458ae-dff9-4c08-86ba-8a3bd8e4b761,Pren,Brattell,pbrattell70@who.int,Male
59e86305-341e-4896-a592-1c9ac801bfdb,Alec,Moralee,amoralee71@bloglovin.com,Male
db9a5958-f488-404e-adbb-5d5db13aa85a,Lynna,Petrozzi,lpetrozzi72@addthis.com,Female
47ef239a-e331-45d6-bb18-3dc0f4efe60d,Cori,Raccio,craccio73@merriam-webster.com,Male
d5ca5b0a-13ce-4378-9653-877c93e16ffa,Ransell,Malam,rmalam74@ebay.com,Male
bafa4484-3388-4200-8e98-8c9abda1bee7,Griff,Dielhenn,gdielhenn75@dot.gov,Male
4ea1a018-b9c1-4601-bc55-4a52f619d800,Bertrando,Reddish,breddish76@smugmug.com,Male
4be252fb-ed2d-4029-9812-0d7057b63304,Kelley,Audrey,kaudrey77@issuu.com,Female
330811b0-115e-4eeb-acfc-aacc8134ea73,Rube,Slator,rslator78@ft.com,Male
a1bbb241-c289-4059-93b5-2208278f4703,Gusty,Burchett,gburchett79@cafepress.com,Non-binary
52f51fd0-a9bc-4887-a5ef-c91f97004f5b,Ade,Pattingson,apattingson7a@apache.org,Male
fd879ebe-2aeb-4660-9ef0-604d77009b24,Lizabeth,Alvarado,lalvarado7b@geocities.com,Female
9becda8e-6563-4567-a3e0-b97a7dddb32f,Malory,Atcherley,matcherley7c@cargocollective.com,Female
e2af1235-f174-42be-8411-53cc9aec4e63,Tatiana,Trigwell,ttrigwell7d@ucoz.com,Female
20f318cb-0863-47e9-8c15-bb3d297bcbc9,Jillayne,Tappington,jtappington7e@msu.edu,Female
b3337b86-7ff1-44bc-8045-c2a5d1e67030,Derick,Ellul,dellul7f@mtv.com,Male
92696f8e-fc52-4f10-aac9-f0dd0c2119de,Meade,Davids,mdavids7g@paypal.com,Male
aec1ce46-2952-4150-a676-263f69abe7f5,Kevina,Kneeland,kkneeland7h@amazon.com,Female
8ea079db-b1c7-4db3-b799-adec10428b0d,Wesley,Huddart,whuddart7i@nps.gov,Male
6383d006-3fd5-4c53-a8bd-c01520fe44db,Archer,Mitkov,amitkov7j@gravatar.com,Male
6e7cf669-0239-42f8-9323-56663666217c,Auguste,Belcher,abelcher7k@ibm.com,Female
6a71ff56-e0dc-49f0-b36f-5569140b3261,Herb,Tejada,htejada7l@virginia.edu,Male
e6814277-f96d-4032-abf8-b7c2dc13b2ea,Humphrey,Haborn,hhaborn7m@cbc.ca,Bigender
39319539-85ec-4303-9809-e3b93d9561a6,Aguste,ducarme,aducarme7n@google.ru,Male
447dc527-5aee-4126-b9db-abcdcf66f6c9,Guntar,Seilmann,gseilmann7o@tripadvisor.com,Male
170d98f1-947d-444d-8a4d-50d2b550bf63,Matthus,Vergine,mvergine7p@list-manage.com,Male
8c36e599-aa88-45ea-9303-5e1ef6663170,Claudie,Mc Gorley,cmcgorley7q@ifeng.com,Female
e39c4b82-5000-4cba-9d27-c569dd6543d9,Cass,Caudle,ccaudle7r@amazon.co.uk,Female
9d7676bb-44bc-4065-ac16-24c676aed007,Jerrold,Barnet,jbarnet7s@comcast.net,Male
6fda34c6-a5d8-4772-9da7-f2fadd447ccf,Antonietta,Leel,aleel7t@sbwire.com,Female
26a9c875-2c61-4d86-86b3-de664ce533ea,Karissa,Dornan,kdornan7u@vinaora.com,Genderfluid
5c26fa19-2ae4-4d4f-98c9-c0ef4ad9f08d,Randy,Christall,rchristall7v@google.it,Male
50054e5a-43c5-423f-940f-b2f37e4a4e5a,Normie,Rudinger,nrudinger7w@trellian.com,Male
92624d15-c81a-484c-8006-aea36ee073da,Natala,Pavitt,npavitt7x@yahoo.com,Female
ee2551f4-8107-4342-9aea-932cb07b2aa3,Udale,Vuittet,uvuittet7y@live.com,Male
ef6c30bc-8846-47bb-af5a-9ece5a8729c4,Joye,Landells,jlandells7z@japanpost.jp,Female
a4f50ef7-cb6a-437d-b5b9-2d3e48b7a248,Darsey,Ivanovic,divanovic80@blogtalkradio.com,Female
6442d095-05bb-45f2-ac3c-213f10e6148b,Dorine,Mayor,dmayor81@simplemachines.org,Female
660d81f6-ac3d-47f9-960f-638003e9161e,Ira,Mauger,imauger82@answers.com,Male
7bb46527-cfdf-45c2-937b-669378ad3b7b,Neddy,Giordano,ngiordano83@cargocollective.com,Male
3d138eee-d0f8-4ce1-85b7-5d575db02f1c,Ainslie,Haacker,ahaacker84@deviantart.com,Female
5e492ae3-d0c3-4a13-8e58-5e68086e62d6,Allison,Corona,acorona85@artisteer.com,Female
7d9d716c-2402-4f36-a61f-18c454d6a16d,Antin,Oldknow,aoldknow86@purevolume.com,Male
345a6074-7fcb-4cc8-af07-ed8446f32284,Abramo,Bouch,abouch87@yahoo.com,Male
152e52e4-bcb7-41ed-9476-0b09cdc3d5f1,Clem,Mozzi,cmozzi88@ibm.com,Female
9b16a702-35e2-4f39-b37c-e0f0ff2b66d4,Maxie,Demanche,mdemanche89@sciencedirect.com,Male
fb198c5d-39a9-4247-8590-c6c64b13a5d1,Octavia,MacKellar,omackellar8a@ox.ac.uk,Female
d15e6cfe-ec5c-4351-bfc7-b9831bfe323d,Gil,Neat,gneat8b@cargocollective.com,Male
da9d4935-030d-402f-9e29-0a12f42d92ae,Dirk,Broose,dbroose8c@hostgator.com,Male
cdeb42ff-0d26-406a-ac21-fe384651b2f8,Pascale,Aldins,paldins8d@newsvine.com,Polygender
246ac71c-7a0a-4984-9e33-619a2e4f6a2b,Lodovico,Schettini,lschettini8e@lycos.com,Male
705aceb7-9770-4ce9-8dc4-2f6daa4ff044,Sylas,Blaw,sblaw8f@shutterfly.com,Male
575e230e-f921-40e0-b0be-fa114e006b67,Ashlee,Pennycock,apennycock8g@yale.edu,Female
3cd7072f-fe0d-43f0-96ca-696117ab5628,Kessia,McTavy,kmctavy8h@twitter.com,Female
813bac7f-09d1-4173-8fed-f6b6c1aade5f,Billi,Sloper,bsloper8i@comsenz.com,Female
2c88de4a-5549-4b8b-9434-fa3549bd0e04,Dena,Ewart,dewart8j@ftc.gov,Female
13aa210f-53e0-40be-9e2a-72ace5177f17,Lotta,Cockerill,lcockerill8k@phpbb.com,Female
1d436131-6e0a-43c8-a26d-4b47af9a6e08,Gherardo,Winger,gwinger8l@engadget.com,Male
e8ddc5e5-9364-4e83-b629-797a6f8c6492,Cari,Storr,cstorr8m@hao123.com,Female
1c40db62-9515-4608-b099-bd9de81523c0,Garrick,Kristiansen,gkristiansen8n@so-net.ne.jp,Male
85dd4217-fc37-4843-a1ed-f5738b1dfa78,Hans,Speek,hspeek8o@miitbeian.gov.cn,Male
ca6489bd-fa72-46aa-9ecc-4d9d60c0da8c,Malachi,Lutwidge,mlutwidge8p@irs.gov,Male
f7b4c16e-7f77-49e7-9989-f803d8365dd1,Sisely,Haller,shaller8q@opera.com,Female
af8c85ed-a7d6-4ed9-bebf-a583fffa4e1b,Doretta,Pauly,dpauly8r@hibu.com,Female
28e5eb50-70be-4a73-918f-340f9528ca0f,Creighton,Prettjohn,cprettjohn8s@pagesperso-orange.fr,Male
7c70552a-66fa-44e6-82a6-5a79b2314b45,Francois,Kelmere,fkelmere8t@cnet.com,Male
639ebbe4-f87b-4178-a636-41859c8fa371,Devin,Dickerson,ddickerson8u@salon.com,Male
e2075c01-9375-478a-87fd-a49a48027ac9,Hinda,Muslim,hmuslim8v@moonfruit.com,Female
22b84908-f63b-4b6f-94dc-5599191baf98,Hanni,Spering,hspering8w@bloomberg.com,Female
df397d8a-4554-44c1-a191-cf8e11b574e2,Shirline,Duffyn,sduffyn8x@photobucket.com,Female
1a9f3ad4-8b9d-480c-88a9-654d4a10d2ed,Stacey,Chisolm,schisolm8y@spotify.com,Agender
7793cd2c-ff39-4df4-a55b-b7fe0af15d57,Bobbe,Winram,bwinram8z@sourceforge.net,Female
e39b4d7a-5b5d-4e1e-bd42-bd241f943536,Kippy,Lawlan,klawlan90@icq.com,Male
b4d6150e-8b5c-42e1-913f-420cc1cb6e19,Ned,Dungay,ndungay91@naver.com,Male
bc8453a0-d7de-419d-8990-e925baad8780,Faina,Paulin,fpaulin92@ucoz.com,Female
f1996d4c-af68-4db0-8b77-d501c8de105a,Hilton,McAtamney,hmcatamney93@com.com,Male
615ec558-cdfe-4991-812e-94f4e4133806,Radcliffe,Clift,rclift94@springer.com,Genderqueer
62c88456-d469-43bf-a76d-dcef7788f661,Adlai,Duigan,aduigan95@diigo.com,Male
644c4f4c-a8d7-4738-94b0-e9908d0c1bd6,Orly,Vesque,ovesque96@ibm.com,Female
5232bc0a-5019-47b6-9004-a0eb9fa702cd,Marrissa,McSpirron,mmcspirron97@narod.ru,Female
0c51b5e9-2b26-43fb-ad05-db0a5864c55d,Magdalene,Danher,mdanher98@dot.gov,Female
a30b22e6-176a-447d-b374-8fe30451437e,Alane,Grise,agrise99@google.co.jp,Female
38e66835-9956-4b0d-a405-65fec8b57afc,Lauren,Wife,lwife9a@webs.com,Female
a93e84be-dece-4583-bfbc-f45fd7c0dd9e,Lilla,Reina,lreina9b@narod.ru,Female
9450cc91-a1cd-4d1b-b6b0-f5131c16537f,Zachary,Simmill,zsimmill9c@va.gov,Male
af310a2d-d965-460c-a4df-68c5cba39a99,Gareth,Colisbe,gcolisbe9d@live.com,Male
4560bda4-e66c-44e0-9d51-40355591e6ca,Court,Yakunikov,cyakunikov9e@printfriendly.com,Male
dd6e5292-0c1d-4624-9ee7-71e44d40ea75,Bunni,Grooby,bgrooby9f@oakley.com,Female
05dc796e-bcb1-41d6-bcab-24a6fd7c8bdb,Berget,Dennerley,bdennerley9g@webs.com,Female
dbe2ea6b-2746-4873-a8aa-87de345161a0,Ambrose,Rotte,arotte9h@ebay.co.uk,Male
926599df-c1de-470a-8423-238b32f79509,Sherry,Belcham,sbelcham9i@homestead.com,Female
5581dfe2-6cf3-4a4e-a733-6bf9e5bb452e,Gayler,Goldson,ggoldson9j@icio.us,Genderqueer
56129540-6e8b-46b1-8f34-4f510d091488,Silvie,Aynscombe,saynscombe9k@va.gov,Female
6e66be6e-2da4-4a57-ade9-af84f4870725,Kent,Lumm,klumm9l@army.mil,Bigender
da878c56-a717-4500-ac01-108a2695ff89,Isobel,Tarquinio,itarquinio9m@linkedin.com,Female
d408b562-f7e1-47cb-a122-826fd44572c0,Jocko,Ribbens,jribbens9n@t.co,Male
d3720d59-8508-4190-a761-adf69eda9185,Augusto,Mateja,amateja9o@msn.com,Male
0a623a29-6fce-45ee-9582-a6eed41fc0b5,Prentice,Worley,pworley9p@amazon.de,Male
8762c481-5ada-4728-a79c-62d5625d1b9a,Guthrey,Tillett,gtillett9q@cdc.gov,Male
038f3279-7165-49e8-a09f-4b19e5f36b31,Gilberto,Dolman,gdolman9r@dagondesign.com,Male
ad37b744-b010-4d56-8565-f235fa63459c,Gray,Lovart,glovart9s@a8.net,Male
af0f3968-861d-47d9-95ac-ef44f8d1f361,Rockwell,Broke,rbroke9t@ocn.ne.jp,Male
f3eb8463-633b-4fba-b1e0-944809daa94e,Anatole,Cramb,acramb9u@bigcartel.com,Male
ab17ba89-9c77-400a-b04d-623ff357cfd9,Georgi,Tiley,gtiley9v@shop-pro.jp,Male
086a197c-87b2-43bf-a6ac-e06d432ff17d,Gilburt,MacShane,gmacshane9w@last.fm,Polygender
5d4cb191-507d-4392-9479-af111fadc07e,Rhianna,Hitcham,rhitcham9x@desdev.cn,Female
64fb6e17-ace6-470a-88e4-f0dd8193fdcb,Nicoli,Brotherhead,nbrotherhead9y@sakura.ne.jp,Female
2af64c0c-d0c3-4e85-ab2e-c54e282ee697,Joly,Heppenspall,jheppenspall9z@wikispaces.com,Female
0ecd08df-d124-49ce-bb11-75d2e643823f,Birdie,Brewood,bbrewooda0@yahoo.com,Female
d4f2b3f0-c46d-4572-859f-22f1f727c26e,Cletis,Tipens,ctipensa1@cnet.com,Male
64702680-dda0-402f-88f0-5f50fb30ef49,Shaw,Bulcroft,sbulcrofta2@paginegialle.it,Male
44c3f4b5-bc26-4093-840f-a84b8c39f7ac,Brocky,Brittin,bbrittina3@ehow.com,Male
5b3c2ca6-95b9-40b1-8c73-6d5ff5237359,Mack,McNeilley,mmcneilleya4@twitter.com,Polygender
1d4784a4-cd99-42c6-ba81-1c5a5148d542,Heinrick,Tripet,htripeta5@behance.net,Male
99af183a-36a3-4b10-ac19-174a937c07ac,Mordecai,Jendrys,mjendrysa6@w3.org,Male
4444ae2f-01ad-41be-bbe1-99fe2387c732,Kesley,Huncote,khuncotea7@typepad.com,Female
b5f33485-a4e6-4e24-8038-9ff930c7a81f,Caty,Delgado,cdelgadoa8@bloomberg.com,Genderqueer
73413705-d149-4202-9a12-244aabc65baa,Marco,Fernez,mferneza9@nbcnews.com,Male
b847794f-784e-40df-93d0-5395b1665564,Ricki,Ettles,rettlesaa@time.com,Female
36d057b0-483f-410c-a68c-f272d0002470,Arnoldo,Fullerlove,afullerloveab@arizona.edu,Male
4041c32d-77b6-42cd-b131-d648c61b3f1d,Nicole,Skarin,nskarinac@arstechnica.com,Female
449d3bdf-3338-438d-b892-56e2eac80c8d,Binny,Jacques,bjacquesad@bravesites.com,Female
879a0dd3-27fb-4f8c-92d2-bc7a0231b37c,Corine,Kruger,ckrugerae@google.nl,Female
ffb3f003-1e10-4764-a7e4-0437a0df8004,Cullen,Folds,cfoldsaf@booking.com,Male
48903e8b-db60-4b5d-9abd-3fe2ad34f789,Meir,Pack,mpackag@adobe.com,Male
cfe14054-ca21-41eb-8f0e-8e1fff2a6a9a,Sanders,Jon,sjonah@salon.com,Male
3dbd03cb-221e-4b6d-bb09-24fab99d289c,Isaiah,Halloway,ihallowayai@mysql.com,Male
38e5aec3-043a-4a79-936c-9dcc28f9ba25,Dorene,Sheasby,dsheasbyaj@blog.com,Bigender
5390d8b2-29ad-4259-8e8e-276b85f91252,Alphard,Darville,adarvilleak@bbc.co.uk,Male
ab85d5b3-39e1-487c-ae19-ede5d369af89,Jeth,Henkmann,jhenkmannal@opera.com,Male
ea49640b-92bb-49c7-b1b8-0fbac9d9aba4,Manfred,Janaway,mjanawayam@spiegel.de,Male
aaab0ecc-55a8-4942-bec9-455a81b9be15,Hurleigh,Tyreman,htyremanan@epa.gov,Male
f192465e-c8ea-4c02-8b3b-32a032658f42,Omero,Wardlaw,owardlawao@a8.net,Male
4b7e13ad-f854-49d3-a6c3-0b8f37bee85c,Rowena,Boulstridge,rboulstridgeap@vkontakte.ru,Female
85628bd6-9ed9-4f83-85ff-aa14ac07b5ff,Saudra,Balmer,sbalmeraq@printfriendly.com,Female
6136063a-9039-44e9-8ce3-bee5c7e6a32a,Kienan,Grishankov,kgrishankovar@washingtonpost.com,Male
01785094-b9f9-4efb-89c1-5cf721a28cc1,Meggi,Tunsley,mtunsleyas@smugmug.com,Female
49e841bf-902e-425e-833e-1f85994824ab,Beret,Lilian,blilianat@blog.com,Bigender
cfd99d0b-c8a6-4115-86e2-276e959768c2,Truman,Schimank,tschimankau@baidu.com,Male
fc896c51-1e3e-43fc-bcd0-1eadca48f234,Amaleta,Mayworth,amayworthav@google.co.jp,Female
3a24692a-f1a3-4cdd-8983-6437044b7a72,Henry,Losbie,hlosbieaw@gizmodo.com,Male
8f7d58d6-4504-4922-8071-bd6b6833a5a1,Wilek,Snoxill,wsnoxillax@foxnews.com,Male
d4ecf080-5691-4504-8ede-26fbce4d5dce,Caron,Vonderdell,cvonderdellay@constantcontact.com,Genderfluid
adfa93f4-547b-49ac-ac10-314d6873bfc8,Hildagard,Van der Kruys,hvanderkruysaz@pcworld.com,Female
bd59c0b6-e01f-4725-b734-de95a6c740b7,Collete,Spirritt,cspirrittb0@latimes.com,Female
e37a2568-793e-481d-9489-ada02357eab7,Heinrik,Callender,hcallenderb1@adobe.com,Non-binary
c0393a57-8f5c-4437-8e9b-933eca585ea9,Reagan,Niaves,rniavesb2@sogou.com,Male
19d697a6-0509-4f14-b56c-48502bfd1ed5,Chucho,Ditchburn,cditchburnb3@xrea.com,Agender
70588fd5-ec7f-4579-ac20-b5ab66927cb6,Luella,Brunning,lbrunningb4@blog.com,Female
ddde935a-58ea-4ee1-b377-7e001cfde4e2,Craggy,Trass,ctrassb5@yellowpages.com,Male
26440a93-4972-46ae-939e-a246bf2d15a8,Jeddy,Betham,jbethamb6@goodreads.com,Male
07044b64-0bd7-46a5-8b57-52113dd94a3a,Gert,Chaffin,gchaffinb7@purevolume.com,Female
d3ad3482-4f11-4e73-b9ad-9f478b5917f2,Abbe,Douglass,adouglassb8@pinterest.com,Genderfluid
b3dc37ed-3d96-4385-904c-0eb8cc5a8091,Sandye,Strowther,sstrowtherb9@vk.com,Female
2f7a4fab-6dbb-49df-bafa-5a69a6bb343f,Kipper,Bisset,kbissetba@yahoo.co.jp,Agender
353b2b5a-385e-49dd-9af1-a14ddd7e8ef6,Sharron,Shower,sshowerbb@yahoo.com,Polygender
5853f9d0-66c9-459a-8f9d-3d608869fb3a,Mel,Ucceli,muccelibc@ameblo.jp,Female
2a3c96cc-1f62-4c24-980b-ecdeffb9dc85,Nelly,Gorringe,ngorringebd@kickstarter.com,Female
6d71f142-3abe-4c31-9aad-adf208e50bb2,Tawsha,Yanin,tyaninbe@washington.edu,Female
7cb3650c-466b-4c1e-9699-9f9e6386a5a5,Orsa,Josefer,ojoseferbf@com.com,Female
1dea09c3-f0fb-4907-b238-ea9b3385fe80,Ephrayim,Gatsby,egatsbybg@mediafire.com,Non-binary
270b8fdf-2c66-4779-a11f-329d6ab7be0e,Luce,Lamblot,llamblotbh@miibeian.gov.cn,Male
de3ff1f1-01f1-49a8-bc23-3cce4392d5b5,Tiertza,Petrescu,tpetrescubi@tinypic.com,Female
1fdaf7c9-3dc8-49f2-b5ba-925c1774160b,June,Cantor,jcantorbj@reverbnation.com,Female
7fc7b175-3498-4829-a7a0-b661057197c6,Irvine,Titterton,itittertonbk@ft.com,Male
efcc3bac-ebb3-4143-8c0d-94b7d1ac3365,Irina,Pedel,ipedelbl@comsenz.com,Female
62b333e5-9ba6-4aa7-a7d5-49aad2fdc702,Sebastiano,Grattan,sgrattanbm@tiny.cc,Male
90b2adb5-e246-4afd-bd94-c35084760188,Wolfie,Balston,wbalstonbn@cyberchimps.com,Male
28b59551-a296-4c16-b6b3-edfc6290c737,Garth,Braz,gbrazbo@ocn.ne.jp,Male
b8b08259-1de4-49c9-9c0b-e15d81fad39d,Wrennie,Barbara,wbarbarabp@ycombinator.com,Female
5a7b2d78-0e4b-498e-a635-ffa9e68e82ba,Jacquelin,Nanninini,jnannininibq@msu.edu,Female
cf02427e-a64d-4091-86fa-b9fd1f6e97ab,Arel,Dilawey,adilaweybr@ibm.com,Male
c0efef87-d732-4845-8178-9dad3a477adb,Osmund,Kennon,okennonbs@yellowbook.com,Male
82e1f46c-66a0-43f6-953e-8528c9e28dc0,Reginald,Reijmers,rreijmersbt@state.tx.us,Non-binary
8bb52c61-86ed-4af8-ae23-d13c924e21d6,Dot,Gerritsma,dgerritsmabu@house.gov,Female
3ab30949-9ab3-4a52-8ba0-b6b24acf6471,Lancelot,Biggins,lbigginsbv@npr.org,Male
6d193e4f-2b92-4953-b753-89d7e39a17e7,Row,Sinkin,rsinkinbw@yolasite.com,Female
fd5dea56-574b-4370-a486-8259a4fdcbe1,Kattie,Franschini,kfranschinibx@oracle.com,Female
3abd6912-cd56-4a9b-870a-cefff8f7c6dd,Sheena,Fanner,sfannerby@tripadvisor.com,Female
50c02031-08ba-489a-aa4c-e1d27e6ebf86,Gail,Allwright,gallwrightbz@twitter.com,Male
565802f0-c67e-4190-9586-3f26ff77d54d,Maxwell,Sommers,msommersc0@cdc.gov,Male
c2c98944-2a5f-4e49-95d5-31add0382e42,See,Screach,sscreachc1@twitter.com,Non-binary
deb79367-7316-45b0-bf31-74433a90b62d,Therese,Routhorn,trouthornc2@sourceforge.net,Female
8572ce81-9b3c-42ba-9214-22bd7f78adaa,Jesse,Tadlow,jtadlowc3@webmd.com,Female
f5209c20-6990-4b51-b115-944051939b39,Donal,Rabley,drableyc4@va.gov,Male
8515b6d0-b674-4144-8766-9308798b8607,Oralie,Boughtwood,oboughtwoodc5@nhs.uk,Non-binary
9ae7063b-fd27-4999-87fc-421394294a14,Clemens,Padgett,cpadgettc6@ucla.edu,Male
e0a6df57-7c54-448f-b5e9-feb6b6641972,Bibi,Deverill,bdeverillc7@usatoday.com,Female
cad59b66-5430-4c51-bfd3-f3bd28b3478d,Cory,Bourdel,cbourdelc8@so-net.ne.jp,Male
0a1d38b4-d699-47d7-a863-5671f3ba5042,Briano,Forster,bforsterc9@pbs.org,Male
30f49d9a-f4ab-41a9-b6f1-3873b088d2ce,Penni,Abbotson,pabbotsonca@shutterfly.com,Female
b7e753e4-a1cf-4956-8ecb-615ee25339a7,Manny,Lippett,mlippettcb@blogger.com,Male
a330dc3b-ad46-4255-9f3c-9d5720d767c4,Jacinthe,Comberbeach,jcomberbeachcc@home.pl,Non-binary
5588ec1c-2798-4c3e-99e0-d451b6a4556f,Derrek,Hanna,dhannacd@altervista.org,Male
b50114fe-4408-4626-a013-97348ff496a2,Justinian,Squelch,jsquelchce@house.gov,Non-binary
648438d0-fbd0-40db-9f79-9dc0decad4dc,Mara,Cawdell,mcawdellcf@elpais.com,Female
13ab21a4-6765-41d4-b9b7-bada711437ad,Nil,Hailey,nhaileycg@cpanel.net,Male
9febb1aa-09c7-43df-a89a-4a8a747b5800,Jordana,Halewood,jhalewoodch@hexun.com,Female
303b1940-f7b1-4c5c-af4e-9c15fb658e23,Tommy,Lathan,tlathanci@reverbnation.com,Polygender
34845790-9604-4b69-9acb-552f5b404f5b,Tad,Hayen,thayencj@usa.gov,Male
74e4cfbb-da92-4416-a655-2256f31114d2,Pearce,Ayscough,payscoughck@live.com,Male
3b8ef291-f7bd-4750-8153-80b24da3f4b4,Gordy,Faccini,gfaccinicl@addthis.com,Male
e710bf4e-947f-4bb8-9c6e-5634279c2b82,Venus,Alexis,valexiscm@cmu.edu,Female
d54f2f57-9a1e-4ed0-8952-4e08ca9f8482,Travus,Stoakley,tstoakleycn@independent.co.uk,Genderqueer
1e253dec-7c8c-4d5f-90f1-001fa66fb0a4,Krystal,Windsor,kwindsorco@ucsd.edu,Female
506069ff-2206-4eac-a374-bfac36d3fe99,Buddie,McNaughton,bmcnaughtoncp@parallels.com,Male
3ffee1ce-211b-4994-8bbd-723c9f75f8e3,Fidelio,Misselbrook,fmisselbrookcq@mail.ru,Male
ccf6335f-5ffe-44fe-bec9-ada9f1710672,Sheila,Cereceres,scerecerescr@amazon.co.jp,Female
f18ca164-1985-4277-bab8-ea24b4bf6803,Bevon,Connow,bconnowcs@buzzfeed.com,Male
717f3c63-26fe-4671-984f-8d85a7256a60,Nerte,Jacobowits,njacobowitsct@diigo.com,Female
5d02b163-664c-4fa1-9f0d-100f6182f4a2,Esther,Rothermel,erothermelcu@npr.org,Genderqueer
a4739ae2-bd72-4802-bffe-817a0728861c,Burg,Whellams,bwhellamscv@bravesites.com,Male
c578ca4c-80df-496b-91bf-c5b06c4d23b9,Lissi,Basnett,lbasnettcw@epa.gov,Female
7661c4ff-fa0b-411a-96de-23d6481c1f67,Dan,Meale,dmealecx@wufoo.com,Male
b71915a6-60b7-4ca5-ac85-d3226ce90a07,Town,Dederich,tdederichcy@barnesandnoble.com,Male
b985ad7a-c5c9-4e06-a968-31c91e705d8e,Persis,Peschka,ppeschkacz@usda.gov,Female
f6de0cc6-9ba3-4cb1-9bfd-8823f294a7fb,Joannes,Lismore,jlismored0@statcounter.com,Female
9ebc9e85-1c2b-49a0-8b54-82b9818545b7,Catarina,Schoffel,cschoffeld1@edublogs.org,Female
e3a4c51d-b03a-449e-b060-1172ca226959,Clemmy,Detoile,cdetoiled2@google.co.uk,Male
a0e91cd7-be94-4c34-8f4a-811b5c3d6818,Doy,Macartney,dmacartneyd3@wordpress.org,Male
9423e1ed-1476-4914-8db6-75297959710d,Giles,Niles,gnilesd4@unblog.fr,Male
dafd2a6a-a4e9-494b-898a-2461f964f4eb,Rob,Siuda,rsiudad5@deliciousdays.com,Male
a6d1ab3f-cded-484c-884f-b7b89ca773d9,Kizzee,Schukraft,kschukraftd6@apple.com,Female
5a53271b-33c4-4ee9-b4d0-a666942da89e,Sibilla,Orris,sorrisd7@typepad.com,Female
02104139-3209-4984-adfd-b4a4ec10fd63,Orville,Rozycki,orozyckid8@newyorker.com,Male
c237d3cf-d633-416f-9898-13522603c4d6,Judah,Lindgren,jlindgrend9@amazonaws.com,Polygender
43001088-7400-4445-bdfe-42c9c207b49d,Hyacinthie,Evelyn,hevelynda@marketwatch.com,Genderqueer
402cf6a3-8af8-4533-b5cf-1be1965f7730,Elly,Janu,ejanudb@example.com,Female
25ec7fd5-5ae0-455a-83d7-3feeffb767d2,Job,Elston,jelstondc@devhub.com,Male
e0ad6924-def5-499c-be71-83759d93a3b7,Jonathon,Cousins,jcousinsdd@irs.gov,Male
9d439d3f-7acf-48bd-9ee7-155574c25642,Anallese,Batstone,abatstonede@reference.com,Bigender
5f85d1fe-ddda-49e2-a105-2841a15b47a0,Sarge,Gunbie,sgunbiedf@com.com,Male
8dc0bb0d-5fa0-454c-8cbb-7648ecba2c8e,Theobald,Lorey,tloreydg@jalbum.net,Male
a7dd9768-ed5b-43c7-8c15-fdf99c823180,Yance,Linforth,ylinforthdh@ezinearticles.com,Male
05d46e78-1318-4ec9-a82e-6a89810ae9fe,Ferris,Vasilyev,fvasilyevdi@shop-pro.jp,Male
a4fdc535-88c7-47b3-b163-b88496f32c35,Petr,Earp,pearpdj@jiathis.com,Male
9413f2b3-3953-4c84-9367-a53ece8447b4,Ailyn,Dagnall,adagnalldk@columbia.edu,Female
e62471ee-6259-4d32-86ce-ddbcf1a1d2f9,Sigismond,Dalston,sdalstondl@nature.com,Male
f6bbd8b4-a68e-478b-a2b6-2c93f532c758,Elvyn,Aguirrezabal,eaguirrezabaldm@bloglovin.com,Male
9940fe3a-aa7d-436d-9004-3bcf149e40a7,Farris,Nairy,fnairydn@shop-pro.jp,Male
1fb3a953-29f1-4de4-aeda-a189ffdd96bd,Anne-corinne,Blaw,ablawdo@hhs.gov,Female
8490693c-2524-4782-b123-aa6d06b6881c,Patrice,Starcks,pstarcksdp@toplist.cz,Male
059b83fd-fd75-44da-8446-b4372776fb24,Joline,Dalgliesh,jdalglieshdq@over-blog.com,Female
31d9fabf-9496-44c1-aaee-7c5aa5aab283,Luz,Soppitt,lsoppittdr@sohu.com,Female
3a8dcb45-a26f-468f-902c-2928c9d5242b,Brnaba,Copestake,bcopestakeds@sourceforge.net,Bigender
0a1a7883-01a9-41c5-87cf-14706a691916,Adamo,Bushe,abushedt@huffingtonpost.com,Male
fa97ce1a-714c-4de5-b7ac-d27660a0c068,Grace,Trusse,gtrussedu@opensource.org,Male
30933596-0481-4218-aa8f-4d04f58c9561,Marcello,Franzoli,mfranzolidv@cam.ac.uk,Male
840143f0-e526-4941-9f1b-a1acf9aced04,Rochella,Dendle,rdendledw@cbc.ca,Female
3f04efcc-87fe-4dda-b110-7cb85bb1292f,Patten,Bonhomme,pbonhommedx@hao123.com,Non-binary
9626c327-8d21-4010-93a2-c37470884075,Barbabra,Jeger,bjegerdy@usda.gov,Female
c67049cb-371a-45e6-b8ac-b368aec685a5,Zelda,Bysshe,zbysshedz@cargocollective.com,Female
1ac1db7b-6109-4c54-8154-20a4ade00a33,Chevalier,Rummer,crummere0@istockphoto.com,Non-binary
e0dfa646-fc20-4905-ad17-42f595d158f7,Wayne,Kehir,wkehire1@webnode.com,Male
8fdaba11-4e3f-4622-af63-74db25caf0ab,Herminia,Hellings,hhellingse2@ocn.ne.jp,Female
7b7dd31f-5bed-4d08-875f-7f5272d0ac8b,Darbee,Cosford,dcosforde3@dell.com,Genderfluid
954357e5-6214-4f38-a7bb-7b43e7fb517b,Aurie,McCrum,amccrume4@nydailynews.com,Female
40bef8b4-907b-4b10-91dd-28e7b3bf5791,Angelique,Mixture,amixturee5@oaic.gov.au,Female
61dd775b-2d63-4658-8427-8ed04e2cd804,Rhetta,Wiltshaw,rwiltshawe6@china.com.cn,Female
3e7819cc-828a-43db-81da-822895efe8dd,Claudian,Werlock,cwerlocke7@weebly.com,Male
7cfafacb-94f5-4843-93ec-942588083469,Belia,Ibbison,bibbisone8@ustream.tv,Female
9a974b20-5cf3-45fc-8064-4e8ae0794008,Dex,Broomhead,dbroomheade9@home.pl,Male
99163241-9520-4ec5-85f5-86c02855b4d6,Ric,Woof,rwoofea@foxnews.com,Male
1a5b0fd4-20a9-4335-bb6e-6c8104443401,Ilysa,Zupo,izupoeb@ehow.com,Female
ee9363ee-466c-441f-8adc-5bac184fba0c,Sammy,Penhalurick,spenhalurickec@hibu.com,Male
624d4c9d-1ce6-4a05-b131-79e5951fd2b7,Garvey,Portam,gportamed@people.com.cn,Male
6bf120e9-240f-46a2-a011-06f3e4d3a60c,Mike,Harly,mharlyee@lulu.com,Male
21bd0b93-cfbe-4674-b1e0-f7bfd153e3e9,Bennie,Twallin,btwallinef@sina.com.cn,Male
cb0743ba-96ad-4fb9-ad8e-d17bb47fba96,Husain,Kennaird,hkennairdeg@bloomberg.com,Male
e18c0ee2-8784-4743-bd4c-21ac089e209d,Cecil,Fruser,cfrusereh@mapquest.com,Female
78bf017c-97fd-4bc6-b845-06e0a5bf81ae,Hammad,Willbraham,hwillbrahamei@timesonline.co.uk,Male
463a3d4f-4dc6-420f-bbd0-0378277b43ec,Edd,Bover,eboverej@who.int,Male
0010e81a-9ab2-4074-8e46-c9b53b502eb5,Nedda,Siggs,nsiggsek@surveymonkey.com,Female
e3d0e8fc-c09e-4f5e-a634-f169258b8efc,Raff,Gergolet,rgergoletel@mtv.com,Male
61a39077-8100-46bd-a2c5-b2b2accc25ba,Caralie,Rapley,crapleyem@army.mil,Female
b5b5421c-67ed-4e7c-80fb-c05402a4e1b9,Madge,Fihelly,mfihellyen@1688.com,Female
2b3f3842-2f55-44e5-a80f-ecbc518dbc87,Lexy,Tromans,ltromanseo@slashdot.org,Female
c64853b3-3b7b-4105-b6c8-03d34713b104,Abel,Tattersill,atattersillep@nps.gov,Male
ef31e949-ba8f-448d-b571-ee6c96ff8d4f,Reginauld,Hovy,rhovyeq@cbsnews.com,Male
03f1d03a-cb95-4423-9502-7b86b57d85a1,Gallagher,Clowes,gcloweser@admin.ch,Male
54a5999a-4039-426a-9275-6c8af34f13d9,Silas,Randales,srandaleses@icio.us,Male
8dc9880b-2f7e-4a51-9dd1-83569f66df93,Jeni,Rockall,jrockallet@themeforest.net,Female
b84816f2-d0a3-4957-addd-0253a89d4829,Sharron,Stride,sstrideeu@yellowbook.com,Female
fe6636b4-04cc-493d-808f-1619adcbee1a,Jodi,Vittet,jvittetev@istockphoto.com,Male
2216e931-0574-4505-a077-872352002393,Robinett,Denzilow,rdenzilowew@sohu.com,Female
003f0b30-210b-445f-a891-cb5f2bd818b4,Geri,Raitie,graitieex@spiegel.de,Female
f4257809-19f5-46a5-b0f0-fb11b064e5c7,Waiter,Suffield,wsuffieldey@huffingtonpost.com,Male
acea5d47-21d1-4368-9d41-4fa9c830b5c0,Tammi,Breinlein,tbreinleinez@nbcnews.com,Female
6605a2b6-e49f-4258-9a12-d984c9de921d,Kristo,Longmire,klongmiref0@nba.com,Male
dea73f15-a538-4de4-8da0-b5bb7ae4d266,Pen,Quidenham,pquidenhamf1@ox.ac.uk,Male
02c8592c-0089-4279-8b6c-2cd232505fd1,Shaughn,Fiennes,sfiennesf2@about.me,Male
3380c0c5-72a2-4596-83ee-888fbe68622b,Morton,Castletine,mcastletinef3@admin.ch,Non-binary
c8e9c8f8-3d0c-4e4c-ade5-2e6939920490,Bernice,Viner,bvinerf4@auda.org.au,Female
00563109-74c3-4755-8598-140d94d88115,Wallache,Karolewski,wkarolewskif5@shop-pro.jp,Male
af71de3f-7494-4fe0-9208-95580f8866a0,Annabal,Hayward,ahaywardf6@tmall.com,Female
bd6cf6f4-4a4d-4720-8040-f325c4b35d73,Sasha,Michelmore,smichelmoref7@addthis.com,Male
c740d254-e96f-4aae-adfa-49692964fd44,Nerty,Lillywhite,nlillywhitef8@instagram.com,Polygender
c2d4e1d7-e029-45b7-8612-cce339665691,Ruthy,Tutin,rtutinf9@wp.com,Female
5138f871-5c80-4ab1-a22e-154c81884b2a,Charmion,Dahlen,cdahlenfa@ycombinator.com,Female
49220f1b-8231-42c4-80fb-99964c7a4129,Bourke,Cancellario,bcancellariofb@trellian.com,Polygender
70812db6-f8ef-4c38-9e1e-ba86eaec79b2,Ertha,Bess,ebessfc@ihg.com,Female
94670cc6-7241-4cae-bd6a-56be23c9160f,Jojo,Nisard,jnisardfd@webs.com,Female
c254786c-f2ac-4fc7-8ae7-69688e2e8829,Lanita,Hauxby,lhauxbyfe@ucsd.edu,Female
20661a79-72a4-491b-984f-637e1802018c,Shina,Lelliott,slelliottff@wikipedia.org,Female
9837a8aa-bf00-4c27-ab5c-3d9b19cef4ca,Steve,Stent,sstentfg@dot.gov,Male
0ef1cc7c-5ab3-4cd8-881f-ecbe44138988,Husein,McGavin,hmcgavinfh@latimes.com,Male
cbdb1a46-f4e5-4b23-990d-6c5890b38d36,Marten,Niave,mniavefi@tripadvisor.com,Male
1386957a-f3eb-4613-a04f-85c42cb77fd2,Francklin,Burkwood,fburkwoodfj@skyrock.com,Male
71ae1744-226b-4ca8-b01d-b38501899d3d,Viki,Witheford,vwithefordfk@amazon.co.uk,Female
cb3709e8-1eae-4474-9b67-55d79b175b19,Rozelle,Bootell,rbootellfl@usnews.com,Female
435ad865-7ba5-4d61-83ad-47663e4d9f75,Alastair,Dwane,adwanefm@timesonline.co.uk,Male
686e542a-6c08-4e60-858b-5ae8f79bf29a,Elna,Fearnyough,efearnyoughfn@cmu.edu,Female
91fea142-87a0-4f81-bae4-1aa07cbaa532,Bernadine,Kinnach,bkinnachfo@people.com.cn,Female
ae759baf-ebe4-42f0-a8ac-f69771830a2b,Phillip,Bohlin,pbohlinfp@dailymail.co.uk,Male
f661287d-4c13-488c-b605-58fdb503715f,Freemon,Tuckey,ftuckeyfq@nyu.edu,Male
aa3f6019-1d9a-4f73-a2d8-7138d110e7e9,Ade,Ivanchenkov,aivanchenkovfr@ibm.com,Male
b46f45cb-8c6b-4a71-a666-2a1e7f15dbe9,Arlena,Muscott,amuscottfs@theglobeandmail.com,Female
e7efcfcc-e1f2-4b70-86d8-6c71d3c1cf9c,Lena,Sheirlaw,lsheirlawft@cpanel.net,Female
0766f587-4ae3-44b1-a9aa-6916fc4b3937,Tildie,Pyecroft,tpyecroftfu@webnode.com,Female
ba9bd645-76bc-439b-8e29-b9165e3689c5,Silvano,Thackray,sthackrayfv@alexa.com,Male
99034bd2-bcc3-48bf-9d09-421813de768e,Letisha,Pharoah,lpharoahfw@europa.eu,Female
424e3e56-9908-4b69-b4af-a277a03609b9,Ware,Cluett,wcluettfx@nih.gov,Male
cbb76169-0d0b-4b95-b9de-1021ad92d7e4,Alice,Wallis,awallisfy@mac.com,Female
2e5359f7-4e31-4cd7-86e0-58881931c224,Mel,Grise,mgrisefz@hibu.com,Female
112598fd-5413-4c02-8d4b-c5263d705c3d,Idelle,Pennycook,ipennycookg0@mlb.com,Female
6048f0da-1231-4dda-abc3-99096c64980e,Fredia,Blain,fblaing1@sciencedaily.com,Female
7a18092c-bd23-478e-b063-f3bc731b2565,Amil,Riche,aricheg2@hhs.gov,Female
cb0bf008-3611-4c2a-83ba-9d70749411da,Marco,Skill,mskillg3@canalblog.com,Genderqueer
3fbcc368-0c19-4c4d-b0d8-d970dabd6b43,Salim,Clemenson,sclemensong4@reddit.com,Male
015cbb98-476b-4c8d-b719-78fad78e07c8,Monah,Hurdman,mhurdmang5@wordpress.com,Female
afd26913-2396-4b9a-8bfe-9eb664fb38ae,Kate,Kamien,kkamieng6@usatoday.com,Agender
3c5b421b-2ea4-4a8a-a399-275c8b1eb9c7,Burke,Gritsunov,bgritsunovg7@amazon.co.jp,Male
a88a9fdb-3004-408e-9629-9105eb2ea26c,Skippy,Lawful,slawfulg8@chicagotribune.com,Male
50b96bd0-5b1c-4853-a8bc-e87d14eb2aee,Walker,Kegg,wkeggg9@ted.com,Male
80a4400e-5496-4cea-a503-944eed5f0317,Sonja,Nellies,snelliesga@bigcartel.com,Female
fee78fa3-ea50-425f-9c91-cad1610e3d98,Teddy,Cansdale,tcansdalegb@tumblr.com,Female
8ab6b933-8eae-40f9-aebf-c91f4e716b4c,Crystal,Whitely,cwhitelygc@sina.com.cn,Polygender
ab0d0ad1-a0b0-420f-8584-3fc2c49a3a8c,Bond,Klauer,bklauergd@ameblo.jp,Male
d5e04bd0-7cbd-42da-9d66-345d67550590,Brit,Bogue,bboguege@weebly.com,Female
f83d21f4-66df-4cf4-83f9-e0bfb5281355,Nari,Berney,nberneygf@php.net,Female
dcbf1116-5f80-4918-97d8-3708a8f61c08,Borg,Thamelt,bthameltgg@jiathis.com,Male
78675e81-3f1d-4dbd-8d97-71b97dd3ef7c,Giovanna,Bentjens,gbentjensgh@google.de,Female
f0e8b683-963f-447f-95bc-ffb267d7b567,Feodor,Willment,fwillmentgi@techcrunch.com,Male
9635aaa5-d064-4553-ac77-962c8fb83837,Beau,Ragate,bragategj@blogger.com,Male
0bfa7380-0f04-4287-9cba-d7b542945c15,Emanuel,Dagwell,edagwellgk@npr.org,Male
adaf4cd9-5d7a-461f-98c0-2082ae6b695b,Auberta,Nornable,anornablegl@cdbaby.com,Female
9d291fd6-61f4-432a-b917-b32cce8e5010,Abbie,Pilch,apilchgm@timesonline.co.uk,Female
9e4bf53f-00fc-471b-9223-7ccbf3c5df6b,Frans,Dye,fdyegn@odnoklassniki.ru,Male
2ed02c01-c4d0-412e-82ef-4e5b320c74f6,Marcela,Worster,mworstergo@engadget.com,Agender
ec4c8665-45db-4751-addd-eb85a7d26454,Timmy,De Biasi,tdebiasigp@studiopress.com,Male
65e4166a-3306-4a85-9b7b-1183c6e2f7d9,Sheilakathryn,New,snewgq@geocities.com,Female
a9f0a1ae-8e12-4001-9fc7-759dc321b041,Maximilianus,Vany,mvanygr@google.pl,Male
80edffa2-3db1-47d4-9fef-cd48dabffd4c,Rube,Andreichik,randreichikgs@linkedin.com,Male
db41046e-8005-4a8d-9896-5d91abeeca42,Julio,Marzellano,jmarzellanogt@woothemes.com,Male
338bdbc9-3199-4505-a9fd-13ad8b60b979,Kristofor,Deabill,kdeabillgu@ibm.com,Male
93126e2c-671b-4d3e-b4db-b15835ca04a4,Zechariah,Bruntje,zbruntjegv@lycos.com,Male
735cd7eb-1d50-4787-967c-a0f330d4b98e,Delmar,Spilsbury,dspilsburygw@bloglines.com,Male
00db307a-1272-4289-bf2c-2794b680f91f,Caressa,Cay,ccaygx@nytimes.com,Female
b3f665c0-fc16-49c5-b6f4-812e34e082c4,Duffy,Arbuckle,darbucklegy@netscape.com,Male
366c824a-b433-4b5f-85f5-b0ee21530fc4,Shel,Zecchinii,szecchiniigz@state.tx.us,Female
9696d90f-24f0-4955-af43-388d352e438b,Hope,Torbett,htorbetth0@illinois.edu,Female
1980af6e-9d44-4ac3-a19d-6cd32f39ef98,Dave,Murt,dmurth1@infoseek.co.jp,Male
e675eba8-6947-49d3-b61e-18fb18d65031,Georgi,Bloor,gbloorh2@4shared.com,Male
8ce76d8b-7d6c-4ac6-a99a-8f9b974000cd,Clem,Twentyman,ctwentymanh3@home.pl,Male
e0039555-7c41-4e66-ab48-f4d209155e7d,Frasier,Le Blanc,fleblanch4@vk.com,Male
7712a7ef-04c0-499e-bbd3-9d04144585b5,Delainey,Stott,dstotth5@a8.net,Male
a5d6d46a-e813-48a6-9529-4bd7d5a7f6d4,Brinn,Sapwell,bsapwellh6@bravesites.com,Female
dc660b92-97ba-4e12-863c-9b60541512ea,Prescott,Clemmow,pclemmowh7@pagesperso-orange.fr,Male
c6b02acf-773d-4951-84ec-36e08ccf33e3,Koressa,McKenzie,kmckenzieh8@statcounter.com,Female
5fc6e71b-91bc-4202-8fae-c680cb1c3bb5,Pieter,Pengilly,ppengillyh9@purevolume.com,Male
2647ac61-85b7-43da-a77b-af7122fcbe91,Paulie,Rama,pramaha@stumbleupon.com,Female
18a066d8-9fa6-4001-b61e-165d2cb7f63d,Jarad,Jobbings,jjobbingshb@cisco.com,Male
da1d2690-c7f3-4553-87b0-332f5469fc1b,Gilburt,Soonhouse,gsoonhousehc@networksolutions.com,Male
df9297ad-d38a-4b5a-a49b-bae1c9d0fab8,Beverie,Dimelow,bdimelowhd@google.ru,Female
a3c02eb2-0764-4deb-bb4b-5cfb4f4bc364,Weidar,Habbijam,whabbijamhe@marketwatch.com,Male
49e8f952-2fca-4ebc-be11-d787ff4bb389,Meredith,Axtens,maxtenshf@bbb.org,Male
b693bf33-2f89-4b48-b940-42211d652779,Roscoe,Longworthy,rlongworthyhg@g.co,Male
7f11495d-f4dd-4837-a4ca-3ceb31c2644d,Adela,Obbard,aobbardhh@ning.com,Female
946e6700-f820-4063-9740-0337a82f356b,Alexander,Ferrige,aferrigehi@amazon.co.jp,Male
5c21d861-f0b4-4e77-bcb7-b770cde39202,Munroe,Petriello,mpetriellohj@creativecommons.org,Male
72d0ab66-03df-4c04-8155-b4bc360ced70,Rodrique,Perrin,rperrinhk@uiuc.edu,Genderfluid
9c6ddfee-a373-467d-b683-c417104daecf,Tony,Giff,tgiffhl@jalbum.net,Agender
0f699411-f99e-4034-9505-e7ae66ebf4c8,Rozina,Govenlock,rgovenlockhm@e-recht24.de,Female
df524f0e-99e8-4b92-a0cb-831696526ddc,Derby,Scarffe,dscarffehn@cmu.edu,Male
0210d1d6-1c2d-4571-809c-3e05507bdae8,Brander,Rowter,browterho@163.com,Male
0b01a520-5ef7-40fa-a88d-72baeb436886,Antin,Nelligan,anelliganhp@posterous.com,Male
ede7a02f-9b00-41c6-99d0-2f3709abf39e,Decca,McGinnell,dmcginnellhq@ebay.co.uk,Male
5ac3ceb3-b040-4ebc-9a68-40b1442763fd,Delainey,Churm,dchurmhr@deviantart.com,Male
4d1dcae6-e7e5-455a-9b19-11e1ac0ea63a,Hillie,Micheu,hmicheuhs@independent.co.uk,Male
07e6434c-d483-4039-8e4e-13f9e9a543e3,Cynde,Gutcher,cgutcherht@webnode.com,Female
ebaf2e4d-491a-436a-bf0d-ee6091cf9c0c,Dougie,Scrowton,dscrowtonhu@ftc.gov,Male
a0e512ab-7624-4820-ae0f-51be65aea005,Malva,Ben-Aharon,mbenaharonhv@walmart.com,Non-binary
c558397b-dc90-4795-afc4-f591dbe7c2e3,Gwenore,Dahlbom,gdahlbomhw@latimes.com,Female
ccb72cf2-0133-4c97-ae3c-24236f7a15bf,Caroline,Woolstenholmes,cwoolstenholmeshx@who.int,Female
09f969b5-aa10-4f77-be4a-af8d5ddc13a8,Jacintha,Raysdale,jraysdalehy@bing.com,Female
c1668bdd-28df-4cef-9dd0-23381f859525,Delmer,Swetman,dswetmanhz@yellowbook.com,Male
ea7e6eeb-4ae4-44c9-bf10-918ac0616429,Bram,Shire,bshirei0@over-blog.com,Male
2de609e9-077a-4ae3-9e50-497f8b5dfd20,Gabriella,Danne,gdannei1@icq.com,Female
8cce3f5a-3cfe-4a4d-a65e-51860c0ebce7,Lurleen,Stoyell,lstoyelli2@illinois.edu,Female
042182c8-de18-46dc-b8fa-cd2cb10ca34f,Fonzie,Nissle,fnisslei3@arizona.edu,Male
b9931840-a4c3-43ac-b498-720e6e2e87a7,Terrijo,Braidwood,tbraidwoodi4@upenn.edu,Female
98774791-d59b-4828-bcba-947c1872d0b4,Blancha,Swinglehurst,bswinglehursti5@dailymotion.com,Female
0a8d637c-64d2-425f-b4a9-1c841f1c7c47,Toinette,Klishin,tklishini6@rediff.com,Female
000220ee-a5d7-4ca4-b881-cfd7fcf53607,Evita,Suart,esuarti7@apple.com,Female
c83613d1-ca37-4d30-8499-7c38c0ad403a,Mitchell,Cheine,mcheinei8@bizjournals.com,Male
8570bbb1-585c-439c-909e-0906c4074112,Job,Lowings,jlowingsi9@behance.net,Male
3166ce41-72e6-47a5-ab80-a2bfc281455f,Matthias,Philippeaux,mphilippeauxia@t.co,Male
0e6d86d0-b0cb-44b2-8ef9-522982de0913,Allene,Carnson,acarnsonib@google.pl,Female
aae705c6-4883-4237-afe5-ca398363213c,Emogene,Snuggs,esnuggsic@github.io,Female
83e52b3e-e2da-42a8-afb6-a90c6446d65f,Charlean,Meltetal,cmeltetalid@newyorker.com,Female
a89bbdd3-ea31-4074-a409-66b9f944728e,Kristien,Le Port,kleportie@tmall.com,Female
aef08bf7-e204-475e-8589-8a95e101c0c1,Elyse,Eddisford,eeddisfordif@scientificamerican.com,Female
e017fe51-6018-4091-8e4c-6662739a3131,Tabbatha,Bourthoumieux,tbourthoumieuxig@smugmug.com,Female
f3421344-d3ae-4390-890a-7482d7dc812e,Vally,Dalgarnocht,vdalgarnochtih@technorati.com,Female
6204a0ac-4add-4d41-a786-c30d9d52db9d,Joye,Everil,jeverilii@unesco.org,Female
ee1b2f10-54d5-4080-ab74-5252d86c5aaa,Stacy,Duigenan,sduigenanij@yelp.com,Male
e386bfc9-f6a9-4268-9d08-04dc239da817,Odey,Hadwick,ohadwickik@spiegel.de,Male
df3077ef-5dd8-4b39-80e1-45ea4a054fa2,Trish,Eades,teadesil@netlog.com,Female
2cc0db2b-022e-4ae7-8f0c-2711e12a6183,Rodie,Geater,rgeaterim@biblegateway.com,Female
a28b69ce-4d5d-48f6-989d-d91565eea29f,Otis,Broske,obroskein@blinklist.com,Genderfluid
8da4ba72-b6df-4961-88c9-e672e46477f2,Latashia,Larrington,llarringtonio@reverbnation.com,Female
249c33e0-c3b8-402d-94b1-26fde15d944e,Tyne,Poundesford,tpoundesfordip@umn.edu,Female
2eaef7e4-9199-49d8-afbc-7e1f0f6dae09,Bertie,Balme,bbalmeiq@sciencedaily.com,Male
4747fed6-f546-4e0a-8313-44c5219e8cce,Jerrylee,Sevin,jsevinir@nih.gov,Female
c86d8203-2519-452e-8774-4e9fc29fc312,Kristen,Stooke,kstookeis@slideshare.net,Agender
c04ebc66-45c0-43c2-9e1c-78215eba4330,Candi,Elderkin,celderkinit@vinaora.com,Female
d9d50a78-46f7-4cd8-96d5-4ca1f000ece4,Raynor,Gobeaux,rgobeauxiu@networkadvertising.org,Genderqueer
0c6e02d8-a46f-454c-b203-9205cb36b386,Iormina,Hug,ihugiv@ustream.tv,Female
552d738d-f4a6-450f-bc33-87a5576b7167,Gustie,Ormes,gormesiw@163.com,Female
38f0b12b-6a18-47a1-8f50-d9d5b82cd4b2,Malcolm,Balling,mballingix@t.co,Male
6a0edcfc-65fb-4f21-b336-073253a1bbf9,Karalee,Torpie,ktorpieiy@liveinternet.ru,Female
ad3a785e-2588-47e8-b36e-3258c2ad24f3,Beulah,Faughey,bfaugheyiz@chron.com,Female
916a40a7-0ca5-487f-89f3-54e01172d4f8,Nolan,Tagg,ntaggj0@unblog.fr,Male
2f1585bd-02ff-48e6-a62f-e5101bf98fd7,Earl,Liddicoat,eliddicoatj1@stanford.edu,Male
a389509a-7529-4943-a96f-9f67e45522bf,Raoul,Tire,rtirej2@businesswire.com,Male
a53da0ce-6006-49db-b1bb-b67d6a662c3f,Fairfax,Dionisi,fdionisij3@disqus.com,Male
6410e93a-e228-49d5-b8d9-41a8e80ceaf6,Pierson,Sibray,psibrayj4@bluehost.com,Male
27b443f6-ec1b-418b-9bc0-c060d5edba99,Krishna,Barg,kbargj5@tamu.edu,Male
6d2ec494-c830-42c3-b43e-82590ccca384,Viv,Binder,vbinderj6@istockphoto.com,Female
621879ab-3620-44ba-aea5-1af40d958637,Mackenzie,Altree,maltreej7@marriott.com,Male
126f6b72-d99d-4634-965e-8080d32ff760,Levin,Illston,lillstonj8@soundcloud.com,Male
d75b1101-9a68-43bf-b711-8aa33d967b7c,Gerianne,Shimony,gshimonyj9@yellowpages.com,Female
896650fc-99e7-4a13-b9b8-bf79631d16ec,Reiko,Dollard,rdollardja@intel.com,Female
6eff2a76-0561-41c5-8bf3-149211fa7063,Kale,Popplewell,kpopplewelljb@ning.com,Male
de765c3c-318e-4ec6-8df6-cb16b0732213,Casar,Raye,crayejc@shop-pro.jp,Male
7b74a350-45c8-4bf3-93ef-e13e10ce220e,Aili,O'Brollachain,aobrollachainjd@go.com,Female
86800cdf-e1be-4e34-bf51-5de14e852ff7,Joelynn,Hebblethwaite,jhebblethwaiteje@bloomberg.com,Female
9f90232e-c4a2-472e-bb62-5568cdf8aec8,Abraham,Loyley,aloyleyjf@dot.gov,Male
2c13257a-6cc7-4dc3-ae78-5062c3d4a55f,Agna,Walkling,awalklingjg@yandex.ru,Female
af093c7c-bd25-4b57-bf68-d339398f64f1,Norbert,Coorington,ncooringtonjh@delicious.com,Male
ad48cc8e-eea8-4dbb-a86d-fda3eac34577,Fayth,Talkington,ftalkingtonji@posterous.com,Female
82e6aab4-153a-46c3-93f1-f2d3d12bbef5,Ranna,De La Hay,rdelahayjj@nbcnews.com,Female
f5a5c478-8ea5-4e52-94d0-f231a72a3374,Teddie,Carragher,tcarragherjk@example.com,Male
5a9cf19b-6095-4583-bc91-867c7eda0903,Cornie,Hannay,channayjl@barnesandnoble.com,Male
42bfef97-a278-4ebd-9a1b-f132b3e5981d,Ebeneser,Lorie,eloriejm@dyndns.org,Male
161b5e01-7393-4f4b-85fb-aca124b30480,Jaine,Marlon,jmarlonjn@shop-pro.jp,Female
991ac082-b1d4-43c0-abcb-4ef1d23187ed,Lianna,Crowe,lcrowejo@diigo.com,Female
2586b910-12bc-4db1-b437-4f137382a9ef,Clarabelle,Dubique,cdubiquejp@4shared.com,Female
2f0447ad-dd98-4942-a884-b7027796aa5e,Lucine,Babalola,lbabalolajq@sun.com,Female
0d1d0db6-c61c-474d-aa0b-d4d1a361c85c,Maggee,Snoddy,msnoddyjr@forbes.com,Female
2394fed0-e5d3-4e0a-9d8e-0fdcf4b191f7,Berny,Parbrook,bparbrookjs@comcast.net,Male
fe4acfd8-433d-4e32-962f-f123bff163d0,Zsazsa,Lobe,zlobejt@mozilla.org,Female
2f7d4577-820e-423f-8b74-e84f22dddb66,Stewart,Blythe,sblytheju@zdnet.com,Male
7b5c7eb7-de55-46f7-bd04-42b80a0e7390,Bartlett,Orrocks,borrocksjv@friendfeed.com,Genderfluid
8b6db8a6-8b0e-49a4-ad15-343eb7cb1c29,Brenn,Appleby,bapplebyjw@abc.net.au,Genderfluid
ada18cc0-cda6-49b9-99d5-d1c0b22c5eaa,Evvie,Gotling,egotlingjx@pagesperso-orange.fr,Female
0eaeff81-f6a6-4d9c-864b-d6479bb6a1c4,Meggie,Lewsley,mlewsleyjy@ow.ly,Female
f1acf579-c35e-42dd-b317-2a5d7e19c666,Patten,Bowmer,pbowmerjz@marriott.com,Male
b3814087-742b-4ca5-a07f-80a9e0163b13,Gigi,Reinbeck,greinbeckk0@japanpost.jp,Female
2082593d-c555-4d0f-be07-4555cc7868ae,Arlyne,Strasse,astrassek1@msu.edu,Female
b53d8fcf-8885-4c40-adbd-b8bb5730c0c9,Waldemar,Procter,wprocterk2@yelp.com,Male
5ef482f8-c15a-4160-a0d9-4b00e0584962,Moira,Cawthron,mcawthronk3@rediff.com,Female
b3467382-2b3f-4696-811d-e23d4671ae38,Lindsey,Kubec,lkubeck4@omniture.com,Female
bbb3de8f-836f-4e82-a00e-dea12e35df54,Lowe,Petrishchev,lpetrishchevk5@paypal.com,Male
d8ef92c4-33bd-4ea0-aa33-1b108ca5de91,Pascale,Chorley,pchorleyk6@wordpress.org,Male
cd1c05d8-b08c-4a27-b188-919156eaba47,Georgina,Emtage,gemtagek7@xinhuanet.com,Female
244e27f5-c332-424e-b705-9c75a4f0a3fc,Irwinn,MacInnes,imacinnesk8@altervista.org,Male
09b7c1f2-b7ae-4973-adeb-3b7d65e01af1,Kristos,Cristofvao,kcristofvaok9@wufoo.com,Male
6782e5c3-a552-4bdf-83e8-d9e1da1f7d21,Nobe,Iaduccelli,niaduccellika@ft.com,Male
2c5b6eec-8447-4b23-9d62-ab30be011b76,Sol,Lowndesbrough,slowndesbroughkb@unesco.org,Male
0f74f8c1-052a-41b7-9e0c-b43547ad5225,Alis,Serridge,aserridgekc@is.gd,Female
91b1135c-95d3-407d-b11b-547084127833,Tripp,Szymanek,tszymanekkd@printfriendly.com,Male
762e1ed3-c0b7-4bdd-83b8-c996bd2b9c59,Paola,Pittway,ppittwayke@mtv.com,Female
c6f4c883-664c-44c2-b1ac-f2c4b1dba564,Elene,Lies,elieskf@hp.com,Agender
87336eca-c9ab-4556-8c14-5b7798fc3d9e,Salli,Symmons,ssymmonskg@squarespace.com,Female
ce341e9a-9a33-4b25-a59e-34dd92a80ecc,Natala,Skinley,nskinleykh@ovh.net,Female
b2204187-faec-43ac-aa76-49c98bbd81c9,Korry,Lumsdall,klumsdallki@walmart.com,Female
633003c6-70dc-4642-b103-b2e8c393c6e9,Griswold,Cohane,gcohanekj@geocities.com,Male
c874008f-796d-4d3c-a6bc-61e39516161a,Lulita,Ballach,lballachkk@un.org,Female
d6b581cf-3483-44de-b9ca-d3acfb438081,Tasha,Style,tstylekl@devhub.com,Female
3f53dc48-1dfe-496e-be99-7f9552808ae1,Olly,Sallans,osallanskm@zdnet.com,Female
30e37bf7-040d-45a1-aeb2-fbb4873f9685,Cosme,Maltby,cmaltbykn@ask.com,Male
67467d94-daf3-4d6d-beb4-0d8109ef5d6b,Car,Fincken,cfinckenko@jimdo.com,Male
8d75fc30-f205-462b-a3f0-d7a640ad7dff,Manuel,von Hagt,mvonhagtkp@google.de,Genderqueer
9b89fc99-231f-483e-9f8f-eb93afd4e1c6,Gray,Kryska,gkryskakq@salon.com,Female
06f77562-fbfe-4e7f-b797-2392cc29ad56,Domenic,Statefield,dstatefieldkr@patch.com,Male
6582eeac-db6b-412c-b5c9-c4cbe172ac5c,Shayla,Ormston,sormstonks@yale.edu,Female
9ddaf59e-0c66-49a9-96c1-0e29ffc8566d,Ekaterina,Shillabeer,eshillabeerkt@imageshack.us,Female
bfe1dd52-27cb-430e-8f8b-f6340ac0744a,Siouxie,Pinwill,spinwillku@hibu.com,Female
2eb82c5c-4202-4140-aefd-8836dd0b05c7,Ugo,Drinkhill,udrinkhillkv@mayoclinic.com,Male
e73dd710-ae6c-428e-bf91-b879da442624,Kellie,Barczewski,kbarczewskikw@typepad.com,Female
2425b6b5-0744-4003-8ca5-f4b6e8ebc700,Frasier,Treffry,ftreffrykx@about.com,Male
fb9bb8e6-0567-46dc-8c0d-f5734953bc0d,Beniamino,Berthomieu,bberthomieuky@nyu.edu,Male
0159f02b-3cbc-478b-a2dc-f30c1ec89d5b,Shaine,Pasley,spasleykz@cafepress.com,Male
2eaa7b34-04a5-4aa8-933f-4095fb491c32,Marlane,Swanston,mswanstonl0@canalblog.com,Female
aa3a8018-8584-44bd-a660-cd78308110bf,Chloette,Osgerby,cosgerbyl1@wordpress.org,Female
d9189767-9b9b-48f6-9da3-a94eb113bcd3,Jeanine,Doohey,jdooheyl2@flickr.com,Female
2a55eb56-b82c-4111-92bb-f4e835e6fcd5,Cherey,Sargant,csargantl3@examiner.com,Female
5d771e3d-3205-4fb4-b138-339a6dd7365e,Desiri,Skoughman,dskoughmanl4@webnode.com,Female
c813d024-ca7b-4105-ba2b-2136620a17e5,Gwendolin,Rapin,grapinl5@marriott.com,Female
aa8cb34d-9b61-45bb-947a-99e2f9fa3130,Jacquetta,Ruffles,jrufflesl6@cafepress.com,Female
5d879b50-1aa1-409c-9f2c-0bf0a241325f,Albina,Farra,afarral7@weather.com,Female
ac5c6ad1-d8ee-4a90-a8f0-6ac806296bd0,Gearard,Reiling,greilingl8@dailymotion.com,Male
23158bc7-a5d5-4456-9a4e-adcd54d026f8,Moyra,Dewar,mdewarl9@ustream.tv,Female
d776e0f7-d341-482a-b9d1-893de553b347,Larisa,Simpkins,lsimpkinsla@addtoany.com,Female
e8172232-029e-4292-853c-0bb4907f112a,Tallie,Spinke,tspinkelb@sbwire.com,Male
f56a9360-2a27-4c2c-9032-e40d7aac8733,Henderson,De Cristoforo,hdecristoforolc@cdbaby.com,Male
b30ae7b8-52c9-4c68-87f9-b236eb273bdc,Had,Balmann,hbalmannld@rambler.ru,Male
f1fde8f1-c239-4aec-afcb-64873444a53f,Zerk,Geaves,zgeavesle@mtv.com,Male
cfc069cf-bc66-4734-abf8-8e1f97065a97,Sadella,Dacks,sdackslf@ft.com,Female
50849c3f-b672-4571-86bd-bd392c046530,Pandora,Delacroux,pdelacrouxlg@tuttocitta.it,Female
6d1bb9a1-4c5c-40b9-942b-a56e7d05405e,Berni,Worstall,bworstalllh@wix.com,Female
dca107ec-4650-435b-af7c-a6b4907f9033,Ortensia,Roussel,orousselli@google.it,Female
00e7976e-6d4e-483a-9bee-1e743ed98a9d,Goldarina,Norwell,gnorwelllj@msu.edu,Female
1b980f21-888b-469b-8d4d-2805d72da70e,Schuyler,Leopard,sleopardlk@slashdot.org,Male
c7975f34-5ef9-4674-ade6-b34882656e08,Elroy,Bramhall,ebramhallll@ustream.tv,Male
43d4e6ab-a136-48d4-84b3-17a370564b94,Georgine,Sixsmith,gsixsmithlm@earthlink.net,Female
372de76e-f64b-4d88-8ed6-fc8d77f71d9b,Rycca,Durant,rdurantln@live.com,Female
569e7c78-6a34-44df-95e6-d7ba911e0369,Harwell,McKenney,hmckenneylo@wordpress.com,Male
d9a0d780-c9f1-4e0a-a457-e0ee19260192,Raff,Yerborn,ryerbornlp@squarespace.com,Male
4eedfba7-25b3-4266-af1d-ba99012c2e54,Bethena,Clem,bclemlq@nature.com,Female
688b19d9-0c19-4892-8a0e-de8c42ef616a,Louise,Mc Andrew,lmcandrewlr@examiner.com,Female
341a9eb4-a95c-47dd-80d7-2d51034d45c1,Kippy,Jenman,kjenmanls@studiopress.com,Female
f583bf2a-d5e2-4c17-b827-bc3b0766aa37,Rayna,Golley,rgolleylt@diigo.com,Female
1531512e-a7be-4919-9f3b-5e9f0bec403a,Emmanuel,McLagain,emclagainlu@berkeley.edu,Male
34ef5f61-eafd-4f05-8857-6ad3fa50198a,Chaim,Rouby,croubylv@slashdot.org,Male
e0333bcf-5103-445f-8ab1-ecee9915ea2c,Lucia,O' Driscoll,lodriscolllw@w3.org,Female
02e4a3af-dbab-4078-a32e-e556dfd8725c,Elfrida,Emanuelov,eemanuelovlx@xrea.com,Female
ddf3bb94-f345-402d-bda5-5c2f99e98dcc,Salem,Copas,scopasly@moonfruit.com,Male
cc237547-aac1-4b2c-a21f-6bc68a04a600,Quentin,Hunter,qhunterlz@businesswire.com,Male
06f8b746-0add-4176-9cfd-936b6b86aa14,Steffen,Rubanenko,srubanenkom0@goodreads.com,Male
863a8faa-cfe1-4aa2-b884-1709e380d86a,Hans,Povah,hpovahm1@reverbnation.com,Male
7b897bba-328f-4c60-bfb0-5913b185a41b,Merrilee,Totterdell,mtotterdellm2@theguardian.com,Female
51932d07-0c1e-4105-a482-d868893d05df,Drucill,Studd,dstuddm3@bing.com,Bigender
a82c182e-ed07-43da-a6c0-c09f755ae130,Robb,Revie,rreviem4@vinaora.com,Male
e9b61d73-3947-4f1c-8e89-461adc6185f0,Dulce,Shiel,dshielm5@imgur.com,Female
d957084a-906c-4064-9030-00d7ab8f00f1,Shayne,Hudson,shudsonm6@theglobeandmail.com,Male
399a959a-b508-4cdf-8f2d-850741964c58,Nata,O'Hanley,nohanleym7@umich.edu,Female
9cf88d63-7a3a-4e5d-987b-78c34ae72f9a,Ragnar,Percival,rpercivalm8@weebly.com,Male
1422dc1c-9073-4f54-ad0f-a7144a32f7c7,Chandler,Verni,cvernim9@ezinearticles.com,Male
1c6dc0db-a8ba-4a4a-ad0e-24a0c7fcec66,Joel,Stoll,jstollma@skyrock.com,Male
02382e22-79fb-4f5a-86d7-a5699d60eb9b,Franz,Eskell,feskellmb@tinypic.com,Bigender
b16e6945-3001-4c3b-acd1-cb205f635ec3,Osgood,Guiel,oguielmc@privacy.gov.au,Male
c33f7edf-e470-4ebd-a818-2a18ed27428f,Neville,Paradise,nparadisemd@europa.eu,Male
be6c5d25-acf4-457c-ac50-8c3cf94d6347,Monro,Simonelli,msimonellime@xing.com,Non-binary
d5bc78e3-d27c-4600-9712-691d91ae3e66,Vidovik,Gainfort,vgainfortmf@sogou.com,Male
da843b31-3202-44cf-b188-85266a28f40e,Bobby,Dingivan,bdingivanmg@theguardian.com,Polygender
42e23f78-8b51-461e-8273-348564c2b5f3,Vikki,McSporrin,vmcsporrinmh@barnesandnoble.com,Female
aeac4344-6d0d-4b1e-b09f-530c261ee336,Dick,Fanning,dfanningmi@theatlantic.com,Male
f124859d-976c-4fb3-85e3-59a9631c7208,Tanitansy,Gillino,tgillinomj@hubpages.com,Female
521ab9c6-44e1-41e1-82d5-98c793dca862,Rourke,Fiddy,rfiddymk@cdbaby.com,Male
b7d0a4f3-85d5-4628-a76a-2871d3a6697f,Sabrina,O'Mahoney,somahoneyml@google.ca,Female
5f1eee09-21c8-4d78-9564-aad8a71d3f60,Gladi,Feare,gfearemm@networkadvertising.org,Female
5b538d38-c2ec-4733-afb0-f2d79ae193fc,Maddy,Beceril,mbecerilmn@dot.gov,Male
b819f423-6e70-421b-942d-fa3e2ad3365e,Eudora,Setterington,esetteringtonmo@bravesites.com,Female
1063a764-e2ff-4911-9d1a-bf6ec3793ac3,Beau,Mayling,bmaylingmp@phpbb.com,Male
fa851b5e-cbc9-43b1-ae2d-5d4851b56854,Trent,Wolffers,twolffersmq@washington.edu,Male
5cf1c8b1-67da-46cb-acb7-84d3759f233b,Toinette,Hargess,thargessmr@merriam-webster.com,Female
053dec00-90aa-4ec4-b971-9fdb1583ea8f,Lorelei,Coat,lcoatms@dropbox.com,Female
01833f8b-5d1c-4a38-9445-52fb9d77738d,Dionisio,de Glanville,ddeglanvillemt@pcworld.com,Male
282b9330-1053-4f8a-ac74-16d61217f74e,Christiano,Jonson,cjonsonmu@mac.com,Male
d7fe658a-197c-4756-bf3d-92ce0fd678a9,Zara,Kahen,zkahenmv@umn.edu,Female
b0b5d00e-4895-4e35-a5c5-d324dde67552,Tory,Hurry,thurrymw@ehow.com,Female
0f94efd7-44fb-4e51-ad65-c670a757db39,Faythe,Seide,fseidemx@xing.com,Female
f646f500-3c8d-4793-be77-3930c524f06a,Camel,Elderkin,celderkinmy@goodreads.com,Female
947b000e-03c2-4fa5-877a-c4ee15c5b328,Reuben,Ilyushkin,rilyushkinmz@jigsy.com,Male
ce680189-9ae6-4e68-a855-b638df0d9db3,Patten,Julyan,pjulyann0@zdnet.com,Male
546879e2-17eb-4abf-925b-4ba8ba70be6c,Maximilien,Ziemsen,mziemsenn1@indiegogo.com,Male
602cabbf-58a2-4c4f-8e15-e4a8b37f51e9,Silvan,Seel,sseeln2@desdev.cn,Male
6b4a9018-62ed-49e1-9614-feb77f5f7198,Hollis,Cinavas,hcinavasn3@shutterfly.com,Genderqueer
9105acdf-bea9-4faa-9555-fef4f17fde1c,Jakie,Zanardii,jzanardiin4@tuttocitta.it,Male
1edbdff7-55c6-4920-9cb6-f9053641efe9,Giulio,Fibbings,gfibbingsn5@redcross.org,Male
567465c8-90d5-48c8-af79-e2ae90598d9e,Ronni,Van Giffen,rvangiffenn6@mlb.com,Female
62c24623-8774-4479-b1ad-3dfe66cbf1cb,Mercy,Ruzic,mruzicn7@studiopress.com,Female
1fbd09b7-f413-4976-95b2-751526eedfa3,Angelo,Bartlomiej,abartlomiejn8@biglobe.ne.jp,Male
b4c42252-d8aa-4cb7-bb1e-49dea0140ac5,Ado,Harverson,aharversonn9@elegantthemes.com,Male
41379db7-f27f-4f4a-991d-1503cf072f57,Crissie,Goolding,cgooldingna@va.gov,Female
73dca28e-fb7a-4cdb-a4a5-c2233254fb33,Garrek,Gawthrope,ggawthropenb@state.tx.us,Agender
f196289e-c3a0-486f-b707-ea154b49339f,Celinka,Haselwood,chaselwoodnc@tripod.com,Female
7d783c6a-fbad-46c2-be93-7f3450e2a0ed,Spence,Pass,spassnd@businessinsider.com,Male
9abe0e09-d958-4a07-8ca3-dae6ddd35415,Star,Brinsden,sbrinsdenne@senate.gov,Female
0b17646f-7966-4e92-8aaa-035b7ca6f7a6,Agnella,Hoogendorp,ahoogendorpnf@java.com,Female
f7ed4945-2626-492f-9b5c-311ea1f05ab8,Katrinka,Cumberbatch,kcumberbatchng@networksolutions.com,Female
fed407fd-d94c-43f3-ac88-e6c0c88f1b67,Alvy,Dumbelton,adumbeltonnh@hp.com,Male
763d9c86-b116-4c72-af8e-62f0e64e52b6,Omar,Kimmerling,okimmerlingni@over-blog.com,Male
68ceea37-64d3-4627-b400-52ee8e1da19b,Fredek,Antoniutti,fantoniuttinj@biglobe.ne.jp,Male
00f577b2-bfc1-4262-b586-dfc2997310e5,Hedy,Dowry,hdowrynk@miibeian.gov.cn,Bigender
3e2320e9-f4bc-4e74-8e6c-c8bb46f3504a,Karleen,Challender,kchallendernl@about.me,Genderfluid
a347a504-88e1-49a4-92a8-088ae4e23db6,Mortimer,MacGuffog,mmacguffognm@mapy.cz,Male
45b1c562-118c-445c-94a5-5661adf674af,Bridget,Mews,bmewsnn@cloudflare.com,Female
7e963971-362e-4981-aeda-03cd3bdbabad,Berne,Hasslocher,bhasslocherno@ebay.co.uk,Polygender
3bc58d58-b672-4890-9381-060898b966f5,Sharron,McArte,smcartenp@e-recht24.de,Female
102af4cc-7bfd-42cc-9d1a-4a58ee54efd0,Cairistiona,McGee,cmcgeenq@europa.eu,Female
9591d456-6562-4de8-b72e-650584e084a2,Mill,Feria,mferianr@timesonline.co.uk,Male
0ec6a3d6-4d03-4ee4-a846-16048350fdb4,Palm,Rigard,prigardns@microsoft.com,Male
3ce20e47-33d0-449a-b260-4013362c202f,Greg,Teresi,gteresint@va.gov,Male
7afb5707-9e9c-4a32-b9eb-6c2420593c94,Rozalie,Riply,rriplynu@bing.com,Bigender
e17ee5ad-296c-44e5-b5ae-a3e2c7bc3a65,Jedediah,Jayne,jjaynenv@hao123.com,Male
acc45d73-6446-409a-bad4-b610b9bf8f6a,Gertrud,Guillet,gguilletnw@pcworld.com,Genderfluid
e8d8e4af-a28a-4c29-b094-e8b5a60b9739,Darren,Zincke,dzinckenx@spiegel.de,Male
3915255f-0647-4579-8170-1a84efdf80c6,Spencer,Clausner,sclausnerny@indiegogo.com,Male
d4b32d64-ee42-4526-a920-95e6e97d02b8,Allister,Benedicto,abenedictonz@npr.org,Male
5c212d86-37c5-4019-a6b5-2beb07d3c2b5,Jedidiah,Stetson,jstetsono0@washington.edu,Male
bae18639-a8fd-402a-aff7-8fbda53ff1cc,Raoul,Oppery,ropperyo1@1und1.de,Male
2df014dd-9096-4a86-986c-4ece2ca1fe7e,Brandice,Rosiello,brosielloo2@lycos.com,Female
dff7b135-695b-469f-8c25-3a8f97742a40,Jaymie,Casale,jcasaleo3@shop-pro.jp,Male
3a69572c-c2f8-487f-bc93-21dc42ca1ca5,Cathleen,Phillp,cphillpo4@opera.com,Female
540b2d3f-1c8a-4043-b856-6df22d388a48,Lizabeth,Denholm,ldenholmo5@scientificamerican.com,Female
38881f5c-10f8-4a90-8047-67bcb18d86bf,Vinnie,Davidson,vdavidsono6@usda.gov,Female
1ddfe149-5607-4bae-be64-8780f485fc9f,Rafi,Huygen,rhuygeno7@usa.gov,Male
a73ee58e-69dc-409f-9839-563261f13aa7,Mel,Sabbatier,msabbatiero8@indiatimes.com,Agender
1d13d03f-ad28-4c5a-99f6-e9d39230ccac,Korney,Thoresby,kthoresbyo9@sun.com,Female
58fe1893-5eb1-4e7a-bea5-def5946fa23e,Leslie,Donnel,ldonneloa@washington.edu,Female
0a606f5e-b5d1-4165-ac18-d21ca8e74d32,Rowland,Bakhrushin,rbakhrushinob@go.com,Male
22f34342-b425-4182-bdf8-f57f04593600,Trescha,Tremellan,ttremellanoc@fda.gov,Female
0feddf8c-3314-45cd-af5e-9605645ca444,Scarface,Sillars,ssillarsod@dailymotion.com,Male
06a74cc5-f83b-4d0a-a491-e63eeb0f82e2,Theda,Chambers,tchambersoe@princeton.edu,Female
48d22f07-4b94-4bc8-a6ed-8f1dbad792c8,Shayna,Keigher,skeigherof@shareasale.com,Female
fa73787b-4330-4cbf-9edc-898daab58819,Stanley,Audritt,saudrittog@hud.gov,Male
34ef409c-c861-4b5e-be1c-e3d30282575e,Charlie,Medcalfe,cmedcalfeoh@paginegialle.it,Male
2ddc2d5a-96bf-418b-b9d9-a1887eaaed63,Simon,Purshouse,spurshouseoi@weather.com,Agender
f7cf185c-7386-4f5f-af8c-d0aac7865481,Althea,Corrigan,acorriganoj@yahoo.com,Non-binary
dc6c7dfe-7b57-4fae-bd79-e1f0eab9a886,Jojo,Cuchey,jcucheyok@linkedin.com,Female
0f987e08-172b-401f-8386-bd5bfb25b8a2,Pip,Kilian,pkilianol@cam.ac.uk,Male
8399187b-ca45-4e44-bf13-74154b9159ea,Lavena,Slidders,lsliddersom@accuweather.com,Bigender
b9f92722-f9fb-40c9-aa6b-84ea1f4c7518,Lem,Lefeaver,llefeaveron@nsw.gov.au,Male
af67846a-0451-4bc2-8724-aba84fd9c4a6,Alden,Renwick,arenwickoo@gmpg.org,Male
75da0f1a-bd34-4ea8-87c2-ed129bfb384f,Gunar,Petrie,gpetrieop@shutterfly.com,Male
26a520d2-80e1-4b1c-8f07-e7a3ea858258,Jody,Sallinger,jsallingeroq@army.mil,Female
a7ce3a5c-31f5-44c3-885a-c7915d892972,Doralia,Filan,dfilanor@uol.com.br,Female
71d72399-4aca-4f44-8284-1551f4121a79,Bibbie,Ailsbury,bailsburyos@ihg.com,Female
ded2a89e-3dc5-4416-bd4e-02b7dd6e6d8f,Brooks,Acey,baceyot@slideshare.net,Female
cef57d70-ad51-4ff5-ba95-11c90f4325e1,Wylie,Kemitt,wkemittou@comcast.net,Male
0ce5459e-eb9d-4c47-81a2-77e2d5656a8f,Arlen,Doldon,adoldonov@utexas.edu,Male
67f3035e-dd42-44dc-adab-ac5508058049,Lowrance,Deakes,ldeakesow@freewebs.com,Male
a2a4d06d-ed9f-4a32-8236-bf559e7d717a,Paddy,Gopsill,pgopsillox@drupal.org,Male
4ce5a52d-7bbd-49ac-ac1e-46f640522dce,Ilyssa,Noke,inokeoy@feedburner.com,Female
c2ecacc6-3262-4630-a91d-678864252af7,Ervin,Ridwood,eridwoodoz@indiegogo.com,Male
7fd23220-747c-4dbf-833d-babc2ea8ed3f,Mayer,Bryden,mbrydenp0@nytimes.com,Male
ce4b56c2-daec-420d-9b23-4ff8df1a0cf0,Inna,Jerman,ijermanp1@rakuten.co.jp,Female
a34f7d96-baea-4233-bad6-881751c18440,Betteann,Bees,bbeesp2@yolasite.com,Female
cd7b0981-9eb7-4470-b6cb-6b5ded4e105a,Benjamen,Beddin,bbeddinp3@macromedia.com,Male
66fe1d8b-2148-4ce5-8d4a-dec444719720,Myriam,Waple,mwaplep4@shinystat.com,Female
3bf4438b-443c-42e6-90ed-cfd1a63501b4,Tobe,Pyper,tpyperp5@bizjournals.com,Female
d923ffb3-0c25-46e7-a478-e66b7b747547,Tessy,Iacomettii,tiacomettiip6@time.com,Female
49163a97-0330-4fd6-9773-eeb0a94239bd,Damaris,Ballentime,dballentimep7@jimdo.com,Bigender
62c08d52-9783-4935-b0f0-9aeae7d54bc2,Hannie,Blacklawe,hblacklawep8@unesco.org,Female
6d1d3fb1-05ca-4be8-b0e6-bc2f21822038,Fax,Sweetlove,fsweetlovep9@icio.us,Polygender
f282df92-5b66-44a8-ac3f-b2d662619187,Germayne,Belcher,gbelcherpa@youtube.com,Male
f9a9375f-40cf-499e-b6cd-53d91a075196,Kelci,St. Paul,kstpaulpb@jalbum.net,Female
38472b48-d7a4-401a-a780-f7242b248677,Elianora,Renoden,erenodenpc@hc360.com,Female
40d61c16-ff39-40fc-877f-7803017561db,Ad,d' Eye,adeyepd@gov.uk,Male
d2d6aa60-fa75-4d28-999b-c018531a2335,Nady,Jarville,njarvillepe@google.cn,Female
83038cd3-ec94-46aa-a09d-e51a60bb7855,Tannie,Bastiman,tbastimanpf@usgs.gov,Male
1fb9205c-b04e-4279-87f7-42fc471e7d62,Vivyanne,Verbeek,vverbeekpg@bandcamp.com,Female
577b97cd-04a6-42c6-a458-1f50c1b33102,Aimee,Geaney,ageaneyph@imgur.com,Polygender
f70e0a60-ef1c-476c-b30d-49e3e28a86ab,Desi,Brotherton,dbrothertonpi@multiply.com,Male
a903369e-fba7-4246-bdb8-3fc356c275b4,Myrwyn,Thurlborn,mthurlbornpj@sphinn.com,Male
3dd0fb33-14e9-4aed-9493-04f7004d1010,Anderea,Zarb,azarbpk@mlb.com,Female
6db44a6b-91ca-4844-bc09-1afe5b087b30,Betteann,Cruden,bcrudenpl@nyu.edu,Female
519e4f14-aeed-4b34-b052-1d44b65b1094,Rora,Gordon,rgordonpm@vkontakte.ru,Female
9988740a-4e5e-427c-b38a-ecb4840f1acc,Cordy,Warry,cwarrypn@vinaora.com,Female
2f56c254-433d-4e6d-a3d7-0a1c489e92de,Butch,O'Shevlan,boshevlanpo@sphinn.com,Male
28794927-7901-4a5c-94e5-636474537572,Renault,O' Mullane,romullanepp@huffingtonpost.com,Male
1df2c772-31e5-4ab6-89c6-d5b65e9ff5c1,Sig,Gino,sginopq@free.fr,Male
37856510-c749-43e0-bdf3-b454bbd84de4,Wren,Eastbury,weastburypr@timesonline.co.uk,Female
6285fb70-9f8f-49a4-9232-c6d083d97016,Jamima,Parkin,jparkinps@networksolutions.com,Female
20a1eb14-3ff7-430a-9b1f-95f3c665f8e5,Amabelle,Sibley,asibleypt@soup.io,Female
8874a0ac-8114-4f88-8370-41b22c1edeb3,Gradey,Iglesiaz,giglesiazpu@apple.com,Male
fba032bc-44e0-4a7c-8bf5-d046c0eccd98,Betteann,Kirstein,bkirsteinpv@seesaa.net,Female
26f644b2-2af4-4229-bd5e-15b47a6b1701,Leola,Myrick,lmyrickpw@blogs.com,Female
c0cd3740-7240-4dca-ab11-71aa602df9f0,Briana,De Malchar,bdemalcharpx@instagram.com,Female
6a078891-3988-4d36-9355-e76619260760,Jenifer,Fosbraey,jfosbraeypy@nydailynews.com,Female
d9f38b9e-c7a6-4619-b2aa-177cc86a2e10,Barbie,Willows,bwillowspz@infoseek.co.jp,Female
ae1410af-496d-4e3a-a22b-04992637263c,Concordia,Notton,cnottonq0@imageshack.us,Bigender
a033c67a-4aaa-4b75-acee-01f9546ae5ea,Archer,Tinson,atinsonq1@hhs.gov,Male
5da7936c-762a-4094-bd8c-ae65e3141a71,Rasia,Sanger,rsangerq2@ft.com,Female
08f99dae-3e51-45e7-9f7d-e1dd8f270264,Cassie,Pleat,cpleatq3@canalblog.com,Bigender
0bb1238f-3cd8-4e2a-997f-0f9bf25ae636,Dino,Hevey,dheveyq4@slashdot.org,Male
ecda671c-422b-4161-8b56-7e6fe7cb9810,Damita,Skilbeck,dskilbeckq5@cnbc.com,Female
1697a080-f8f8-4e8e-8c78-7930533c5302,Mill,Baskerville,mbaskervilleq6@elpais.com,Male
5623aa15-daa1-4e45-ba4a-8cd9a8c8e4b5,Nero,Bowsher,nbowsherq7@rediff.com,Male
d579f395-e2f4-4067-ab5f-348807418c32,Sloan,Hellwing,shellwingq8@paypal.com,Male
a082a54c-6173-455a-982c-f86d213b7d61,Tyne,Chester,tchesterq9@buzzfeed.com,Genderqueer
5b5b105b-ffd4-4cc6-9dae-479868a33ce1,Adorne,Zammitt,azammittqa@cnet.com,Female
c868556a-2601-4197-b791-fe0bc5572f27,Perren,Colley,pcolleyqb@usatoday.com,Male
3768e4e8-89e9-41aa-a4e6-40c4a934f05c,Marga,Matussevich,mmatussevichqc@bloomberg.com,Female
67467f28-0655-4be8-b211-5bff7c203061,Melitta,Bennetts,mbennettsqd@imdb.com,Female
4fd72b9e-2edc-4c2e-a893-83ca7b0edd8e,Belvia,Hatry,bhatryqe@cyberchimps.com,Female
fa888ba3-fc31-4e27-b03f-fbca0e77e540,Luther,Sabater,lsabaterqf@youtu.be,Non-binary
0344e37e-782e-4ed0-9599-7afd2c52cbdd,Hagan,Hritzko,hhritzkoqg@live.com,Male
77a0c254-88a4-437c-9e3c-aa2bfb127132,Evaleen,Sharer,esharerqh@cam.ac.uk,Female
de517135-7781-4cea-aa7d-e496ec0c3a51,Hakeem,Tugwell,htugwellqi@google.es,Male
8038a0f7-4f23-40b1-bb6a-20647f14b659,Stanleigh,Doreward,sdorewardqj@prnewswire.com,Male
f92c9473-f354-4bf3-8ae4-9675ac51253f,Wolf,Testro,wtestroqk@printfriendly.com,Male
b73918dd-2908-493c-9abe-0c886ea207d0,Clovis,Pasley,cpasleyql@unicef.org,Female
07a663ea-2367-4fd3-b70f-66f888397b52,Newton,McFadyen,nmcfadyenqm@hud.gov,Non-binary
d8bced3f-6446-44c4-9eaf-c36ce9c4d958,Amabel,Aspall,aaspallqn@cnet.com,Female
bb3319ed-863c-4540-a244-18bba4990fdb,Marcie,Armitage,marmitageqo@slate.com,Female
85f09204-0191-44d0-b159-6881e4a17bb0,Morrie,Northleigh,mnorthleighqp@jimdo.com,Male
f8073012-dd72-4723-883c-c20b84fd8019,Trudy,Lapwood,tlapwoodqq@sciencedaily.com,Female
3294b9a1-3311-4840-bdc4-96e329055f85,Lucian,Bergin,lberginqr@huffingtonpost.com,Male
71ccc97a-aba1-4b87-aae4-9a2e5b27a556,North,Soares,nsoaresqs@indiegogo.com,Male
ced65cbf-5cc4-4bcf-8336-acd4fe476a50,Standford,Antonelli,santonelliqt@google.fr,Male
49b450ee-c4f7-4119-8eb9-46f594a4e2b0,Colver,Schruurs,cschruursqu@storify.com,Male
f026a804-554e-451d-8e30-a49c1de674c9,Grata,Thraves,gthravesqv@naver.com,Female
998f272e-1219-43e5-9da3-f395773940ab,Luke,Stille,lstilleqw@macromedia.com,Male
4e333e47-4144-4236-9a16-f7d396cbb67a,Nikaniki,Poile,npoileqx@moonfruit.com,Female
e8ec0443-d67e-402f-a76d-776dbff340ed,Russell,Drogan,rdroganqy@youtu.be,Male
341daf39-8041-4921-bb1a-ec8b89aba46b,Blinni,Schettini,bschettiniqz@tinyurl.com,Female
7f9d8850-9757-4aca-a847-1e76f2f0782e,Elinore,Matschek,ematschekr0@google.co.jp,Female
a9e648d8-1151-4f2b-9b4c-4c44ad6d9a83,Desmond,Sprowles,dsprowlesr1@geocities.com,Male
eadb3631-b27a-4748-bb21-ccf77a996c28,Alessandra,Frankland,afranklandr2@google.es,Female
5ceaca1e-dda1-4513-b31c-f25e7c36a327,Nessie,Rahl,nrahlr3@indiatimes.com,Female
2a375e31-5557-405e-8a93-522dc8f3ff54,Leonard,Bollon,lbollonr4@harvard.edu,Male
c0aec5aa-ab29-4117-8a53-caaf16d5dc79,Babara,Isbell,bisbellr5@hp.com,Female
92f2b367-bf00-40d5-9bee-1d44a92647f2,Joycelin,Skinn,jskinnr6@nps.gov,Female
9fe1764e-bccb-4550-b723-668dc5d6cfb8,Vite,Agates,vagatesr7@delicious.com,Male
8d4c45a1-e55c-4b27-80b7-b6a95f1adffb,Lizabeth,Le Barr,llebarrr8@umn.edu,Female
8e680f0e-a815-4174-9236-911bed6b956c,Christoforo,Smythin,csmythinr9@buzzfeed.com,Male
69181943-7d0a-4205-ac45-ed124bb7fa3a,Tanner,Barrus,tbarrusra@google.com,Male
b19f899b-d7ef-41d1-8e93-becd868f3f86,Elliott,Teasey,eteaseyrb@taobao.com,Male
893bcbeb-5a89-4b0c-a118-e0820188784e,Quinn,Sarle,qsarlerc@webmd.com,Male
ba4c1c7f-dcc5-42e9-b009-bb9b268a25a2,Matthaeus,Morrice,mmorricerd@homestead.com,Male
0a1d5793-7374-44a1-b469-290fd79395bf,Jameson,Rois,jroisre@kickstarter.com,Genderfluid
8ac3c75e-cbe0-4610-851a-8b8d67dc73f4,Gayle,Strettell,gstrettellrf@biblegateway.com,Female
2d57f547-ccc6-4587-b972-326ebe1a6b56,Carlene,Zannuto,czannutorg@liveinternet.ru,Female
5e3438c3-0484-4537-b68e-d9ba1f3431d1,Cristian,Scaice,cscaicerh@is.gd,Male
d3d31489-bc37-4a43-9e21-7c0e75b34e51,Lissie,McMenamie,lmcmenamieri@ustream.tv,Polygender
c23c674a-b53b-4853-b008-9ce37f5d61bf,Jarred,Chese,jcheserj@addtoany.com,Male
f431a322-a09f-423b-ba1f-874e931c3e42,Any,Berzen,aberzenrk@businessweek.com,Male
1549c090-53ed-4abd-99ca-24b366e5331c,Costanza,Darnborough,cdarnboroughrl@craigslist.org,Genderqueer
8c02a8a7-3dd1-4fef-90db-6bcf542e253f,Pansy,Furniss,pfurnissrm@sakura.ne.jp,Female
0a26d7e6-6479-4178-b835-8121b7de7827,Harmonia,Maty,hmatyrn@spiegel.de,Female
58df7a9c-7c9c-4c47-9035-afdbc151b2a3,Jewelle,Diack,jdiackro@stanford.edu,Female
682e6d1b-c334-4a31-8e3f-efb749449b4d,Alvera,Gulvin,agulvinrp@craigslist.org,Female
6f656885-119a-4ae8-9154-447df9d910da,Alberto,Lewzey,alewzeyrq@va.gov,Male
0131e1c3-52bb-4639-bed5-d61b1d984e3c,Jermaine,Hinrich,jhinrichrr@facebook.com,Agender
