id,first_name,last_name,email,gender
b29fa339-f8b8-47d1-aadb-68092acba95c,Alisander,Baswall,abaswall0@mysql.com,Male
f84fb78e-8c99-4005-bd31-0f14dc14b4fb,Andonis,Baversor,abaversor1@accuweather.com,Male
3ac9c47e-5f2d-4ef0-adc6-c9038fa6d7d0,Mauricio,Baude,mbaude2@paypal.com,Male
12ddc920-41da-499a-bfc4-a522a13c22ab,Arturo,Roberson,aroberson3@wisc.edu,Male
c320cfb9-7acf-46b4-8dd8-f9c68ef16d57,Bernice,Camilleri,bcamilleri4@google.ca,Genderqueer
1741f4dd-f260-4af2-bc99-165f9f373742,Kris,Harrigan,kharrigan5@gmpg.org,Male
6ce5180a-adf2-48bc-8204-0ffb45b4b808,Baillie,Cowing,bcowing6@topsy.com,Male
d0ec63ee-beb6-4580-b870-6ae914404ff7,Marlowe,Pagram,mpagram7@pcworld.com,Male
5e6fd7fe-f79c-4f27-814a-d2ab591993d7,Friedrich,Hillborne,fhillborne8@globo.com,Male
2e6d9452-60e5-4483-a255-21078e96de6f,Aeriela,MacAlaster,amacalaster9@seattletimes.com,Genderfluid
075e30da-3352-4fa6-a53f-9aa3f200615f,Coral,Felix,cfelixa@deviantart.com,Polygender
9df593ab-1e1f-4bad-8823-9c28dbf9387d,Othella,Betts,obettsb@last.fm,Female
2051bd6d-5fac-4fd3-be2b-38b526a568a1,Reginald,Boston,rbostonc@joomla.org,Male
ee8b8095-0bc7-4bc8-8f60-d81c740405f6,Terrence,Milton,tmiltond@ted.com,Male
2f4d557d-fd6f-4665-a371-1c1df848e24f,Amelita,Challace,achallacee@yale.edu,Female
19780956-42f1-43b8-917c-67ecb5831576,Ingrim,Errigo,ierrigof@mapquest.com,Non-binary
0536d8ca-a6fc-45bc-8b65-f1a7f36b3a69,Mariquilla,Kirkness,mkirknessg@yale.edu,Female
eed7b7af-9622-496b-979d-0dcdbe53dbc2,Stephana,Mockes,smockesh@princeton.edu,Female
cd375eb2-f565-49d8-b45e-157dbd907041,Honey,Goodlip,hgoodlipi@unicef.org,Female
3cc50f62-633e-41a4-8b33-6a1bfe6d3cf5,Lauree,Blazey,lblazeyj@fema.gov,Female
5b27a8d5-6575-49d0-995c-8731d6fdee0a,Jyoti,Dameisele,jdameiselek@redcross.org,Female
c5bb8a49-d3ae-46f0-a5c2-b1bb3c97012c,Lynnelle,Palmby,lpalmbyl@virginia.edu,Female
3801b880-e70d-452d-b130-9af54fa35d6a,Nannie,McAnellye,nmcanellyem@umich.edu,Female
6fed0076-cbe4-4d77-ad74-9e49784288c0,Shae,Verrick,sverrickn@last.fm,Agender
df7b0dc8-8bb4-490b-ab25-ec48e7ca319d,Tobe,Troutbeck,ttroutbecko@sogou.com,Male
3803ddac-e0be-4dc4-aaf4-27702205aa67,Rachael,De Paoli,rdepaolip@creativecommons.org,Female
7e052e83-fee6-4eea-81b3-467de7388480,Huberto,O'Deegan,hodeeganq@mapquest.com,Male
f017c78c-4931-4bda-8a76-2cf210320d41,Berty,Teligin,bteliginr@adobe.com,Female
13a07451-100e-4232-bf9e-4374a72211ed,Wyatan,Kleine,wkleines@about.com,Male
489f7a45-5683-4fe3-8ebf-edbd0e74567e,Tate,McDonogh,tmcdonoght@tripadvisor.com,Male
ccb6214e-6322-4306-a6ab-716eba54c14a,Ofilia,Sloy,osloyu@ocn.ne.jp,Female
e68e4252-7460-4cde-8470-761dcd9849b5,Addie,O'Lochan,aolochanv@wisc.edu,Female
43f6cea9-d166-4003-a807-9b8659e0fced,Brien,Cahn,bcahnw@spotify.com,Male
1fa7257f-9fda-41d5-b686-bcf9495170bf,Boy,Lingwood,blingwoodx@phpbb.com,Male
0d2a0da3-5970-438d-8205-d18d69c467ce,Rosie,Clarycott,rclarycotty@rambler.ru,Female
13272f1d-4bf6-4cd1-b1e0-70310ec9ed90,Ellen,Vardy,evardyz@loc.gov,Genderqueer
98c688d3-6941-4820-af4e-d82b9742a2ce,Murry,Stanborough,mstanborough10@tumblr.com,Male
48027cd2-d621-431e-852b-04df21e46d6a,Mac,Rugg,mrugg11@multiply.com,Male
eae2af10-2693-4dc3-a4a7-7436a457a138,Charles,Westby,cwestby12@jugem.jp,Male
ec1d59bb-d0c8-4791-90a5-4ede2311a5fa,Darren,Filyashin,dfilyashin13@bluehost.com,Male
6bcf073b-6431-4955-b8c0-c453938c809c,Giorgi,Gyrgorcewicx,ggyrgorcewicx14@sogou.com,Male
90ddca3e-651d-45b3-a43b-f908b48db39a,Zak,Boulding,zboulding15@cbslocal.com,Male
bd2db230-6780-434c-9436-a23119cfac31,Base,Hutchence,bhutchence16@soup.io,Male
b105819b-4b48-489f-8c0d-93d9d019ed43,Ilaire,Storrs,istorrs17@sciencedaily.com,Male
c456f706-9351-4a02-bb97-f3ca067268ff,Katti,Clark,kclark18@opera.com,Female
ccc20fbc-6e97-403c-9001-5fdcff552ca9,Mavis,Duigenan,mduigenan19@gnu.org,Female
ffbf304c-56e5-4608-9db8-0bdb171226e4,Torrie,Ryding,tryding1a@auda.org.au,Bigender
4127962f-e3b8-4814-8c98-b2e840c93393,Joachim,Daniello,jdaniello1b@51.la,Polygender
e539dad3-6f12-4b1c-a119-9e0c31139e65,Dore,Whorf,dwhorf1c@lulu.com,Male
a97ba21e-2ba6-4575-af75-d7fb9b617cae,Kassey,Silk,ksilk1d@mediafire.com,Female
629f078f-6016-4a69-a0da-751a41ea481b,Storm,Brymner,sbrymner1e@oaic.gov.au,Female
4ad80fbe-3407-4ae7-8690-4778afb00d87,Ogdon,Blampied,oblampied1f@google.com.au,Male
c476007a-eb83-4d86-98ab-7261fce3e05a,Rayner,Lovick,rlovick1g@howstuffworks.com,Male
e96beed8-2ed6-4a65-9e2b-59496fb5266c,Florie,Eaden,feaden1h@nasa.gov,Female
2bd402b5-a85d-4c48-8df5-f59aedbadb29,Jasmina,Shuard,jshuard1i@bluehost.com,Female
f43eaea2-2984-468c-8b4b-e99f11d85867,Jillana,Roxbrough,jroxbrough1j@blog.com,Genderqueer
658b29ca-83ec-479a-928f-cddf56951d28,Thaxter,Adamovicz,tadamovicz1k@vk.com,Male
6a9f72fc-71d7-4d86-93cc-cf2f8e24250f,Conrado,Monier,cmonier1l@skype.com,Male
e23d817b-2ec5-4235-a95e-ca2292f74e85,Kial,Degoey,kdegoey1m@wix.com,Female
8e6d1c22-fbf1-4ecf-9698-e3710f524849,Sig,Bestiman,sbestiman1n@hibu.com,Male
5df3aa46-e445-455c-9111-2c2a07893a04,Nikaniki,Maylam,nmaylam1o@blogtalkradio.com,Female
90ecaefc-5232-4a9e-94d2-790b112a33ca,Alexandrina,Rycroft,arycroft1p@microsoft.com,Female
8d738d10-10ad-446f-9d52-d12c27f5a3a7,Janaya,Kupke,jkupke1q@simplemachines.org,Female
cf49dbe5-4370-4030-91e2-e67beb1a9e37,Brion,Fishbourne,bfishbourne1r@google.ru,Male
2ec3d11c-a4de-4c38-8fe5-dc8afb37e1a0,Leigh,Dunsire,ldunsire1s@nytimes.com,Female
9da79130-0cb8-4cf1-a371-577d5623195e,Camile,Comoletti,ccomoletti1t@auda.org.au,Female
a0c8fe21-eb8e-4666-9044-2eee17b87335,Bay,Vondrach,bvondrach1u@tripod.com,Male
ecf99350-9456-4da5-9262-46e7898e0c2a,Dela,Mc Queen,dmcqueen1v@tumblr.com,Female
ac7cb6df-3867-4d2c-ad92-82ffc1208641,Ollie,Pietasch,opietasch1w@ibm.com,Female
92c62326-57c3-46ec-b285-a8a57fff7c5f,Ali,Relfe,arelfe1x@deliciousdays.com,Male
4b6222c3-9671-451c-9390-053a819ec09f,Ashia,Cannop,acannop1y@cloudflare.com,Female
4571b835-205c-48e1-95f1-46d7e9096d87,Efren,Newlands,enewlands1z@creativecommons.org,Male
9c0895d9-114c-4e8e-9680-7c6f1551ad73,Sheila-kathryn,Crinion,scrinion20@google.co.jp,Female
f6089431-9d1b-41e0-89ab-f1d9044b591c,Margette,Crowley,mcrowley21@hatena.ne.jp,Female
81b6a4d6-1ceb-433b-a5f7-e7a651ca8797,Aldric,Kenworthey,akenworthey22@gravatar.com,Male
bac09338-f6bc-40b0-af3d-c550352746dc,Debi,Stother,dstother23@cdbaby.com,Female
dd2cdfdb-cb23-46b7-a1d5-d8db586e38c4,Alanah,Quinby,aquinby24@furl.net,Female
99623fb3-3ab1-4fad-b945-8e91f4cba519,Jackqueline,De Filippi,jdefilippi25@usgs.gov,Female
fecdfc7d-674e-4e10-a364-34d949fa5913,Kris,Smythin,ksmythin26@biglobe.ne.jp,Male
6e6f4f85-868d-4860-83fc-f02056ecebd5,Noel,Tuison,ntuison27@typepad.com,Female
a2670ebe-ef86-4bd6-a721-25a1fc8c7470,Eadith,Polkinghorne,epolkinghorne28@webs.com,Female
7bc71d33-4cb4-40bd-92aa-85c86356b17b,Christal,Joynes,cjoynes29@japanpost.jp,Female
e0b1a579-fe87-4e28-9c29-d880a2173e37,Marcello,Chilvers,mchilvers2a@goo.gl,Male
eec70a54-7698-4747-b6d2-eb06715da65b,Juanita,Donaway,jdonaway2b@amazon.co.jp,Female
d474062c-d662-4328-ac2a-35e7bf4404de,Mattie,Eckels,meckels2c@opensource.org,Male
37801b21-2f1f-452c-bee7-a80dc2bfe0b0,Coletta,Beswell,cbeswell2d@multiply.com,Genderfluid
09084a7a-5c5d-4033-811d-3699fcc56baa,Herman,Climer,hclimer2e@businesswire.com,Male
26ff9923-d18e-46f7-b7eb-7328537c2719,Nils,Seamans,nseamans2f@github.io,Male
20b5f808-1295-48e7-9e14-a9e53394f271,Nataline,Smouten,nsmouten2g@soundcloud.com,Female
d2980611-f36e-47eb-8a6b-596bebaf3029,Simmonds,Hansen,shansen2h@surveymonkey.com,Male
2c072846-a3f9-434c-8df4-112556a6a5ea,Korrie,Vanes,kvanes2i@bravesites.com,Agender
e21705b6-daf3-4688-91ca-610242e9ca65,Donn,Musk,dmusk2j@rambler.ru,Male
fd84ee41-385f-4f49-b68d-2d007ec8704c,Muhammad,Cockshot,mcockshot2k@newsvine.com,Genderqueer
5f38f96b-b375-4c18-a9a5-0b9d74fb53fd,Iver,Keach,ikeach2l@flavors.me,Male
5949bc7d-96f6-4800-92a0-ad078851f122,Colas,Bottleson,cbottleson2m@t-online.de,Male
cfddb976-f457-400e-98f0-58ade24851d0,Rasla,Schimank,rschimank2n@adobe.com,Female
f51c2ba1-3fa3-488f-995b-95fa47b11c0d,Karen,Melsome,kmelsome2o@state.gov,Female
d594d33e-0a2d-466c-88af-267ee3ad788c,Nathanael,Gayden,ngayden2p@tripadvisor.com,Male
63904445-460a-409b-bf50-ebd3e6598112,Theda,Picheford,tpicheford2q@google.com.br,Female
2c676f71-c95b-4153-af5a-1224ef7397bd,Rollo,Makeswell,rmakeswell2r@wsj.com,Male
6343634c-199c-498c-ba89-8833d5c4ca76,Kennith,Bergeon,kbergeon2s@lulu.com,Male
4ce50765-5299-416c-b562-22cb963818ca,Maxim,Wakeling,mwakeling2t@privacy.gov.au,Male
e3f8501d-633c-4c92-ad88-9a74081989db,Chadwick,Gamon,cgamon2u@omniture.com,Male
dea87271-8482-451b-b967-b18b91ca5546,Sherrie,Whitelaw,swhitelaw2v@globo.com,Female
28cbed8b-7f1f-49be-8172-d23a3cc06446,Vaughn,Clissold,vclissold2w@scribd.com,Male
d24fa430-6bdd-44ba-a8d3-635b19b297bd,Claudetta,Agron,cagron2x@nyu.edu,Agender
1b3ac031-f9fd-4552-a56d-08d6253a02f0,Ian,Hargrave,ihargrave2y@cisco.com,Male
3f2adb52-010a-44c0-b117-52e07e31f2ae,Sylvester,Sonnenschein,ssonnenschein2z@wikipedia.org,Male
0134d8e1-05c4-478e-b79a-e843f41592cb,Ester,Peck,epeck30@printfriendly.com,Female
839843bb-a35b-4f08-9db4-e3a0312eda98,Thaine,Lukash,tlukash31@tinypic.com,Male
42a3712f-2db1-43af-a818-9f87a91d2b37,Serene,Stoite,sstoite32@weibo.com,Female
0b56d21d-a0f5-488e-a561-922d9aeef105,Finley,Moss,fmoss33@constantcontact.com,Male
669746e2-9e49-45cd-b8ef-902e13d9f786,Hubert,Sorton,hsorton34@wired.com,Male
83e9d0dc-caff-4047-b877-a3be3e8dda2a,Bank,Plumptre,bplumptre35@weibo.com,Male
ae1ceddd-6d1e-4276-9fef-5a88c016779d,Jarrett,Pidgeon,jpidgeon36@oakley.com,Male
abf6229d-1b11-4d30-9c3d-16be52014250,Orion,Demaid,odemaid37@ucoz.ru,Male
814c996c-1189-48b7-904a-f75845bd10b7,Jewell,Goudge,jgoudge38@bloglines.com,Female
464437a8-c07f-4e3d-8bfc-4837fad21053,Grata,De Minico,gdeminico39@cpanel.net,Female
a4704508-7d98-4866-83db-ab719568c33d,Rosaleen,Dailly,rdailly3a@de.vu,Female
3f22126f-fbe8-4003-8c97-cb0a6d940e9b,Rodolfo,Berkely,rberkely3b@youku.com,Male
7278bc2f-a049-456e-8bf6-870916fd62fb,Chancey,Gregoriou,cgregoriou3c@sakura.ne.jp,Male
7dfdc4c8-a973-41ca-80bf-26e0a6d60742,Christa,Thonger,cthonger3d@businessweek.com,Female
094f91e7-c0a8-4d7a-b45b-e39318e60418,Daveen,Rekes,drekes3e@kickstarter.com,Female
dce06b51-2afb-41c0-92a6-a941cf5fad14,Sascha,Spyvye,sspyvye3f@wordpress.com,Male
cd247041-2220-4bde-abbd-f454a0db30db,Arly,Crecy,acrecy3g@answers.com,Female
fdebe506-4733-4d3f-b5dd-ba780e5ce4f4,Charin,Ivons,civons3h@bluehost.com,Female
6ad2ea7e-707f-4252-bb78-fbf267f37374,Cordy,Fetteplace,cfetteplace3i@ebay.com,Bigender
a6a34713-5032-4b82-a8b4-bbbab461d0f2,Lexi,Reboulet,lreboulet3j@ftc.gov,Female
4175c9f7-aa30-4da0-9a73-8b6a1595e1ed,Alberto,Pates,apates3k@paypal.com,Male
ae9293c5-87f5-409d-805a-31a889edea70,Randy,Pharaoh,rpharaoh3l@sina.com.cn,Female
980e1325-2e82-4415-83c8-f8357a7ce885,Flss,Canby,fcanby3m@histats.com,Female
db2c6c96-a2fd-48ad-8b37-7ad51f8ccf39,Felipe,Chatburn,fchatburn3n@skyrock.com,Male
21102c55-0a82-4aa0-9377-b309242c92f3,Wells,Dionisii,wdionisii3o@dmoz.org,Male
a860868e-0bee-4b50-9c64-95a7383288a2,Prisca,Ewins,pewins3p@dell.com,Female
39eb04d8-5a4b-4607-9827-572afe96a860,Sully,Logue,slogue3q@amazon.co.jp,Male
a5f55089-5bc5-4c4f-986b-9dbae4cb2550,Leland,Brosh,lbrosh3r@dropbox.com,Male
daabd150-a360-46a1-9b75-a27ba0768a08,Jenilee,Cockrem,jcockrem3s@blogs.com,Polygender
bfaf6799-c7e6-454d-896d-413a4d11b15d,Dianemarie,Casolla,dcasolla3t@4shared.com,Polygender
5325ee2e-4ab7-43b2-bf19-c2bafc2a778b,Dalila,Ortiger,dortiger3u@youku.com,Female
d8ccad33-8a71-4438-a3ee-5793a1115450,Galven,Warbrick,gwarbrick3v@privacy.gov.au,Male
c13eb0de-21a7-4897-a5d6-5804bd030c72,Antonio,Pagden,apagden3w@washingtonpost.com,Male
bceccf7c-55b3-4ae9-b27d-dfc95c73c0e7,Delmore,Janczak,djanczak3x@opensource.org,Male
bc5f4676-7aaa-4796-a5dd-07e208a6f9a9,Elberta,Killough,ekillough3y@creativecommons.org,Female
4ce0cdcd-113f-4e28-b796-dd5181386c93,Amalie,Hurnell,ahurnell3z@dedecms.com,Female
7c07d2a6-9a3e-42a7-a337-f0975240382b,Ailyn,Offer,aoffer40@dot.gov,Polygender
3834cb86-53f3-48cf-b7c2-ae92dd6fa24b,Peggie,Cuncliffe,pcuncliffe41@washingtonpost.com,Female
ab026188-e4c9-4818-9048-883a4603a179,Datha,Huard,dhuard42@usgs.gov,Female
7188e1e6-a331-45ad-a8c3-2b6e98a6de68,Kristy,Thon,kthon43@marriott.com,Female
65f0926b-cfc2-4e79-89b4-631080ef2c1d,Wanids,Wadham,wwadham44@irs.gov,Female
b1c494d8-037b-43d6-9f82-10c4b55902ca,Gothart,Oneal,goneal45@berkeley.edu,Male
44d15ef2-fb03-4858-a88c-26b8ac278788,Genevra,McFeat,gmcfeat46@devhub.com,Female
a41826ee-0bd0-4572-8208-84240d4a3c78,Verina,Glavin,vglavin47@tamu.edu,Female
c309e8e7-67be-4690-bf17-4f7a25f42b73,Jobye,MacLaig,jmaclaig48@ihg.com,Female
6ede028d-c557-45b2-a87f-8d9846c36c4e,Ortensia,Willgrass,owillgrass49@ucsd.edu,Polygender
0c37bcd8-c446-4a7b-b493-0a7d7ff772dc,Fanny,Airlie,fairlie4a@sciencedaily.com,Female
8264760d-a0f9-42d6-a585-84a3cf66be52,Lorilyn,Jubert,ljubert4b@redcross.org,Female
ef7c4c62-3a71-45b3-ad29-b15d3e1e5b8a,Alexis,Marklow,amarklow4c@webeden.co.uk,Male
56cf1428-c586-404a-973a-d67118639051,Gearard,Shepstone,gshepstone4d@com.com,Male
0f847055-ee7a-48d3-b04a-b03212d71c90,Edyth,Chung,echung4e@netscape.com,Female
53c0aed9-5d7c-4eca-a9c3-e328e35c761e,Guenevere,Canet,gcanet4f@uiuc.edu,Female
19515b59-2cd5-45e5-92db-7551e54508b5,Quentin,Zarb,qzarb4g@cam.ac.uk,Male
27d61d48-65c0-48b8-a348-3dfdbaa106e5,Aubert,Watford,awatford4h@dagondesign.com,Male
264985ee-f894-4d54-a165-8c908d63eab2,Shara,Northing,snorthing4i@deviantart.com,Polygender
9c289b02-f3ad-4e4c-9d54-e0478ff75375,Pall,Briztman,pbriztman4j@ebay.co.uk,Male
3d8c6c69-3bdd-4605-82f2-9eb65786a5bd,Orland,Martinelli,omartinelli4k@myspace.com,Male
63e5c6dc-7754-45eb-aaef-4a31b4e86578,Johnette,Bartalin,jbartalin4l@photobucket.com,Female
f8ddc8c2-dfd5-4664-9243-b909b6af95e2,Christoper,Hesey,chesey4m@cbc.ca,Male
cd28ac76-5e1d-47b9-b37c-d83e3233bdf9,Jodi,Jeckells,jjeckells4n@a8.net,Male
f3b773f7-0331-49ba-b065-c5f84fecb2b3,Nikki,Konzel,nkonzel4o@barnesandnoble.com,Female
2a351ce3-43b1-43a3-b174-999d85a16635,Jessey,Nice,jnice4p@bandcamp.com,Male
85e051db-57ee-45cb-a4e5-ff1ac01ba766,Jolene,Lummis,jlummis4q@shinystat.com,Agender
0ed1b5ca-bb4f-4689-aede-fac20a225573,Gregoire,Cobbe,gcobbe4r@google.fr,Genderqueer
cd504a58-2e7e-46ec-af9b-12f43b18428f,Tessy,Prozescky,tprozescky4s@1und1.de,Polygender
0efc2998-5425-4664-b43a-dc8d1ab29e79,Ludwig,Tempest,ltempest4t@shutterfly.com,Male
7c9cd14b-f8c8-47b7-be69-8f6bf38787bf,Bernadene,Tasseler,btasseler4u@discuz.net,Female
872aa3e5-7f63-407c-9c70-611ff6c37ffe,Grayce,Fanthome,gfanthome4v@biblegateway.com,Female
664f084c-c252-4ec5-a1f1-0aedcf2e2b3f,Gray,Dyde,gdyde4w@youku.com,Female
625a0074-d4f8-474a-8291-e5c81534f833,Philippe,Strelitzki,pstrelitzki4x@booking.com,Female
ca0c2387-5df0-4b4f-829f-2fdf4455a0d7,Dennet,Cappineer,dcappineer4y@parallels.com,Male
2eb279a3-1cff-4947-98e7-993107657462,Luis,Fleischmann,lfleischmann4z@guardian.co.uk,Male
f7bb7922-21c0-40c1-8e14-7776051cb2b9,Alys,Cassella,acassella50@jimdo.com,Non-binary
727b4bd2-9ac3-4d1e-a6a2-d0e68c21c940,Erny,Bassingham,ebassingham51@examiner.com,Male
eec92bac-b9e5-421b-a723-d3e5158d6e3b,Blondy,O'Nowlan,bonowlan52@dagondesign.com,Female
0f0f6a47-f52a-4330-8737-50f12f05ab07,Stanly,Shawel,sshawel53@boston.com,Male
3a5fc8bf-caa4-4fff-9f9a-036e57c9c76f,Karissa,Farnworth,kfarnworth54@unc.edu,Female
8c5012b0-83f5-476a-964e-46515e266d64,Ermengarde,Eccleston,eeccleston55@ted.com,Female
7017e966-c03f-4c7b-90cf-dfbe7751ea6c,Desirae,Augustin,daugustin56@statcounter.com,Non-binary
45a623a5-659c-479f-a188-f0a366e5bcf8,Bat,Garrison,bgarrison57@weebly.com,Male
f6f29400-5d8c-4d3d-b803-1619a887d6c6,Fionnula,Blackett,fblackett58@prweb.com,Female
6a851205-cb9d-4e26-b5b9-3ca8eb55d6c8,Georgi,Pydcock,gpydcock59@booking.com,Male
1d64aefa-cb80-470f-98b4-7eb277546193,Demetre,Sirman,dsirman5a@gnu.org,Male
2bba0c7f-c430-4605-9540-53ae5ed6deb7,Barbette,Lowrey,blowrey5b@whitehouse.gov,Female
b379bd19-2ec5-4a8d-b9ca-93e82358061a,Stanwood,Pecey,specey5c@spiegel.de,Male
c638e157-f771-4396-a032-44c5f700ea1f,Obadias,Kitchingman,okitchingman5d@devhub.com,Male
7d05389b-26fd-401e-be3d-45421e982286,Lucho,Lowdes,llowdes5e@printfriendly.com,Male
31bf629b-e7c0-4fdc-aa61-b8b18cf8e0f3,Graeme,Wilden,gwilden5f@slate.com,Male
bb70730b-ef02-48d8-a1ce-2c06004e7545,Godfrey,Renak,grenak5g@rakuten.co.jp,Male
43b903de-6976-47fb-823f-ea21f82034fb,Garrett,Le Floch,glefloch5h@google.ca,Male
f06d0506-e61f-4f5b-a423-bfa271e82714,Louie,Spottswood,lspottswood5i@barnesandnoble.com,Male
adae86db-2881-4ba1-8c23-c46974dfdbb6,Park,Gian,pgian5j@gravatar.com,Male
beeb16b1-379f-4041-9977-c57f8c4f3a6e,Pammi,Dumberrill,pdumberrill5k@multiply.com,Female
6ac35eeb-0244-4de1-8787-9b21032e5181,Mikel,Scimone,mscimone5l@paginegialle.it,Male
1a075009-13c0-4359-930e-e1fe4a26c317,Alfy,Zambon,azambon5m@discovery.com,Female
1b4d959b-705f-4e8b-9104-24a588fe5d1f,Kiah,Shurmore,kshurmore5n@1688.com,Female
82283464-8e42-4389-8e3e-37f3d8aca935,Jacquenetta,Brinded,jbrinded5o@miitbeian.gov.cn,Female
fc24d12b-acab-4544-b579-5f3c70506514,Drusy,Clemonts,dclemonts5p@disqus.com,Female
3d8e1a69-0b76-46e1-9794-d4b3c8a54573,Giacomo,Burmingham,gburmingham5q@biblegateway.com,Male
001c5f1e-ba7f-48c8-afc9-f235b0747014,Otes,Munnion,omunnion5r@bbb.org,Male
3badd921-1bdd-4414-9412-9dd324e2cf42,Catherine,Bidgod,cbidgod5s@ehow.com,Female
d9ff56c5-1cfb-4ef3-b5e4-b25efd32fc13,Yolane,Macilhench,ymacilhench5t@surveymonkey.com,Female
9aec6c31-687a-4016-b976-7e62b465521f,Solomon,Boldry,sboldry5u@netvibes.com,Male
429b90e3-782a-4f8e-aadf-a09ee7d5d470,Leland,Grevel,lgrevel5v@intel.com,Male
de926629-396a-4621-bc9b-31c09f5cf0c4,Harmon,Wyon,hwyon5w@icio.us,Male
b2723883-df57-4907-961b-36009505fef1,Janela,Dolby,jdolby5x@etsy.com,Female
54cb94b0-bb64-4873-9c9c-0fb97b413815,Onida,McQuin,omcquin5y@studiopress.com,Female
168ecfc6-1092-4c71-a649-741d48a0a433,Colet,Mercer,cmercer5z@wsj.com,Male
47984462-a569-4946-964c-a123107bb150,Tybie,Gibbons,tgibbons60@ed.gov,Female
b806df58-2f17-4b32-8c0b-fc7dcaee1d5f,Margarita,O'Flaverty,moflaverty61@squarespace.com,Female
5dc30041-4f0b-477c-b6aa-a4483ff95274,Belia,Cohalan,bcohalan62@usa.gov,Female
003731aa-74e4-4b32-bc25-b63f9e4712c0,Beatriz,Vanyutin,bvanyutin63@joomla.org,Bigender
8bf03ba8-d48b-4313-855d-0f893722646d,Katy,Goligher,kgoligher64@indiatimes.com,Female
3d703c0a-474e-4c1a-ac5f-65b24254cedf,Kay,Futcher,kfutcher65@oaic.gov.au,Female
0a4e7e67-02a4-44b9-8896-c4500a0759c2,Bil,Fibbings,bfibbings66@guardian.co.uk,Male
4cbccc28-7439-463e-9157-a72ddda97b49,Asia,Greg,agreg67@wsj.com,Female
4c0bf67a-025b-4d39-9407-e2441af4fca2,Fifi,Conechie,fconechie68@pen.io,Female
23a664ac-d62b-4167-9b25-2d27a5483395,Bekki,Glentworth,bglentworth69@wisc.edu,Female
c4bfb953-019e-40ab-88ef-9188ce696246,Debbie,Szymanski,dszymanski6a@amazon.co.uk,Female
01aa7e92-3a2d-49d0-835d-37adb8f549fb,Earvin,Andersch,eandersch6b@cocolog-nifty.com,Male
85a66a56-27ba-4cf9-8094-805e26e8ec67,Drew,Caven,dcaven6c@paginegialle.it,Male
3625f271-37d1-4f4e-b97e-f50c620370a5,Essie,Daldan,edaldan6d@dion.ne.jp,Female
520692a5-3421-4aea-a0d9-e9a610157979,Bartolomeo,MacGaffey,bmacgaffey6e@deliciousdays.com,Male
e72f7296-54b8-420e-90b0-8b805b641711,Karil,Bryns,kbryns6f@addthis.com,Female
f9e42663-83c2-43a6-a8a0-60e8017eabd8,Karna,Wards,kwards6g@tiny.cc,Female
5d341af7-952d-441f-8bf5-245abc1d42ff,Loretta,Conti,lconti6h@illinois.edu,Genderqueer
a6e44e3c-aa39-400d-ac07-36a55222b14c,Elihu,Mickleborough,emickleborough6i@webmd.com,Male
dfe3e8f7-977b-4232-89fb-fcad92ba8ce9,Susie,Hartle,shartle6j@xinhuanet.com,Female
d1946ee7-3d96-42de-91ba-c7778c25c8db,Gale,Dougan,gdougan6k@naver.com,Male
3fdd3bc2-e3d7-4caf-bc9d-0692f66ff26a,Asa,Dedham,adedham6l@ifeng.com,Male
fe3fc4bf-5d0a-433c-b9e4-cc63071418ff,Noland,Ginn,nginn6m@businesswire.com,Male
5929f9b2-33ae-4449-aff5-a92ac9db36a8,Corby,Pringle,cpringle6n@yahoo.com,Male
32a9135e-c055-4131-8e76-8cb498309499,Sari,Eynald,seynald6o@opensource.org,Female
4111c90a-1008-4553-9fa6-8391aff2cfb5,Zilvia,Wesker,zwesker6p@washington.edu,Female
f9325e00-be48-4ff1-bd8a-8a3360a9f465,Gene,Abbati,gabbati6q@vk.com,Male
ec221bed-913d-44e1-81b7-377c3273289c,Judas,Boness,jboness6r@bizjournals.com,Genderqueer
f02bdc62-cbd9-432d-847a-b9619308a786,Marten,Ferrari,mferrari6s@state.gov,Male
09d8048d-19f0-4250-87a0-f7c8a756fd75,Brendin,Harridge,bharridge6t@irs.gov,Male
fa6cf713-1557-42a2-8704-4ad115c3a48a,Olly,Payn,opayn6u@google.pl,Male
717e4e5e-d5df-40a6-8c40-236568c43441,Drusilla,Edelston,dedelston6v@parallels.com,Female
c52d6263-6b33-4693-9b7c-1394a976b5a7,Margaretha,Copley,mcopley6w@is.gd,Female
0f4ed0c4-6976-4ccd-99c5-49e9d20d6073,Sully,Brooks,sbrooks6x@latimes.com,Male
ffc2d19e-e14a-4f01-a820-ca60337dd995,Trev,Beckitt,tbeckitt6y@google.com.hk,Male
34559076-7f6c-485e-86cf-e9d89cf0b826,Roldan,De Micoli,rdemicoli6z@nydailynews.com,Male
d0329b95-a2c4-4787-9452-2c7c44208c84,Chilton,Prawle,cprawle70@paypal.com,Genderqueer
12cc8fca-ac59-412a-8c7a-7f5caa17d524,Brucie,Wreath,bwreath71@imdb.com,Male
3b5ce647-ce81-4041-907f-9c0eeb45639c,Bernie,De Brett,bdebrett72@alibaba.com,Male
9b6f03e9-b9b7-47cc-b270-c39a6307347c,Ezra,Arcase,earcase73@ted.com,Male
5426dc1c-4964-4f8c-8ab7-53a56c02c593,Petey,Rawdall,prawdall74@trellian.com,Genderqueer
d11b6a05-dda6-4eff-ac29-66b0d31887ea,Solly,Bernaldez,sbernaldez75@youtube.com,Male
a4a5b25f-ccda-459d-88a3-c574ce9d7283,Milicent,Tasker,mtasker76@google.de,Female
851dbedb-573d-4b0b-8ee7-b86088f5b450,Cindie,Sydes,csydes77@aol.com,Female
91479f4f-4ed4-4750-822e-abbc5d6ef386,Matthieu,Barneville,mbarneville78@phpbb.com,Male
51ca3377-a06c-447a-850b-2d96db371c17,Iain,Roome,iroome79@marriott.com,Male
46c1dac3-241d-4399-ae97-0b32b98a9625,Remus,Ditzel,rditzel7a@cnet.com,Male
04b212d0-aee0-4629-a4ad-48fb638ece79,Bartram,Porkiss,bporkiss7b@ezinearticles.com,Male
6638cb7f-7876-411f-be04-0b67d031ce13,Emmott,Teresa,eteresa7c@pen.io,Male
67565fc4-59b3-4699-8b01-9f6820c73a8b,Victoria,Fronczak,vfronczak7d@google.ru,Female
dc51e54f-d29c-4e1a-86cd-be4c486a6ab6,Gardener,Wankling,gwankling7e@tmall.com,Male
661cba0d-d167-4a9c-a32e-32392b080c2a,Bobbye,Frangleton,bfrangleton7f@networksolutions.com,Female
bf945bdd-39bc-49fd-9602-e8fc241ed29a,Freddie,Stalman,fstalman7g@foxnews.com,Male
7f83e9ab-64d2-4a03-8ae0-716bce53bb1b,Romeo,Laxon,rlaxon7h@yale.edu,Male
6bdd06bf-166f-46c6-8f18-2e3bdfc2fbd0,Lammond,Giaomozzo,lgiaomozzo7i@boston.com,Male
b150cf8c-61cd-475a-9616-aa0a2090bd4c,Judon,Buncom,jbuncom7j@etsy.com,Bigender
604d55eb-95f4-4fb5-b680-d5ec238a5044,Claiborn,Gregore,cgregore7k@twitpic.com,Male
35ea5583-2f40-4868-a6fa-9a90ca390414,Georgi,Shelley,gshelley7l@reverbnation.com,Male
4c54a21b-e46c-4f57-bd18-ac40db4d6339,Gerry,Cantillon,gcantillon7m@altervista.org,Female
5db34c20-e917-4977-a414-50e67f8d8571,Vin,Carrier,vcarrier7n@merriam-webster.com,Male
ce7d74be-6ef5-4f68-9683-0781ac47420e,Mahala,Minogue,mminogue7o@csmonitor.com,Female
e05a1ac4-287d-49da-8991-bf041b5b7871,Neron,Rawlence,nrawlence7p@cmu.edu,Male
a95bc84b-f725-4b56-ba30-7372a90b415d,Julee,Melesk,jmelesk7q@privacy.gov.au,Female
39a9254f-65ce-4f62-9dcc-f5c9d92db822,Emmanuel,Plom,eplom7r@slashdot.org,Male
9347d7d0-4124-485d-bf9f-e023d62d1a84,Tandie,Stollen,tstollen7s@addtoany.com,Female
0b03a85c-87d8-473c-bd03-20f0b53a09bc,Helli,Durtnell,hdurtnell7t@amazon.de,Female
717f5097-410b-4c82-801b-fc1667c643ac,Cami,Biddlestone,cbiddlestone7u@msu.edu,Female
5aba439e-6ec9-4e04-92ef-bfa1d068df7e,Abbe,Upchurch,aupchurch7v@example.com,Female
a04e9c14-aeb6-4802-b80c-29a68608fc01,Mahala,Matteo,mmatteo7w@nih.gov,Female
d0d1d239-996c-426b-a770-cd7566aca20f,Jarib,Fochs,jfochs7x@bloomberg.com,Male
80fb617f-2d49-4284-a930-4ae54cd70830,Inglis,Moreno,imoreno7y@craigslist.org,Male
413a77ae-ec6c-4177-88a8-231ad0d5c0a2,Anissa,Willisch,awillisch7z@hatena.ne.jp,Female
696abd9b-6e72-4e2d-916c-f004cb00c856,Amory,Davidsson,adavidsson80@ed.gov,Male
c0219eb5-1732-47e7-87c1-443054174982,Annabela,Sarah,asarah81@samsung.com,Female
89df1e1c-ac12-4c7c-b74b-15d192d30dc3,Jaymee,Swithenby,jswithenby82@hp.com,Female
c71c3a66-d388-411f-8b16-ae0f58fda4b6,Cynthy,Coleman,ccoleman83@themeforest.net,Female
1018f598-c045-4541-a88b-c496918db10a,Maud,Dowtry,mdowtry84@woothemes.com,Female
b9b133c0-93f5-4f5c-85bf-5706aafd3f16,Angelique,Gullefant,agullefant85@e-recht24.de,Female
85d42665-4a88-46fc-ad3f-035dd10b6f4e,Val,Dowdall,vdowdall86@dmoz.org,Male
8dc28537-b4ac-4d18-9822-3ca73e5c6f74,Adeline,Fookes,afookes87@twitpic.com,Female
a1af302d-98cf-471d-9b3f-2e835cec992e,Wilhelmina,De Ruel,wderuel88@uiuc.edu,Female
980df2a5-b4e5-4bba-b42e-d100c777c141,Homerus,Spritt,hspritt89@springer.com,Male
dfcf436e-8ed5-4e5c-a416-dbf24e914c36,Con,McGraffin,cmcgraffin8a@dropbox.com,Female
78e42990-ecc8-4c5a-a0c6-6104eea4206a,Noby,Mapholm,nmapholm8b@webeden.co.uk,Male
cc2b2413-fc26-4423-8826-2350d8d83ce4,Dino,Permain,dpermain8c@boston.com,Male
2f8dd978-728d-48c7-9365-21f173b23466,Darn,Brookbank,dbrookbank8d@usda.gov,Male
24a48f11-a966-4b15-a8ce-b31d987b26d6,Travers,Thomson,tthomson8e@pinterest.com,Male
5baeef00-fd52-4649-8d6d-7841de9618fd,Adriano,Horrell,ahorrell8f@slashdot.org,Male
d8e5c5ac-e365-413b-b2fe-6e5fc16e80bc,Murray,Brigstock,mbrigstock8g@wired.com,Male
f2dfdb4e-47d8-4a7c-b8dd-8a0dd24b4d46,Essa,Tilberry,etilberry8h@domainmarket.com,Female
45761887-df7a-4d12-b77f-b0a03b12a432,Ricard,Petrazzi,rpetrazzi8i@symantec.com,Male
d7e8153b-9648-4531-b819-cb67a366dd5e,Selia,Ianne,sianne8j@latimes.com,Female
d10ae500-c09a-4eaa-86e5-8468fd93206a,Wilone,Clingoe,wclingoe8k@barnesandnoble.com,Female
406acd08-35db-4920-b7e1-02b52b6ada68,Andrus,Latus,alatus8l@vinaora.com,Male
09da3c2c-4af6-494a-a4a1-02c243f22aa7,Francois,D'Ambrogi,fdambrogi8m@examiner.com,Male
1dda5c9a-9822-4ee0-a5ac-42761cd28232,Francklin,Hallgath,fhallgath8n@mail.ru,Male
edbc267b-0336-4c5a-82a2-21aebc369eeb,Brittni,O'Malley,bomalley8o@ocn.ne.jp,Female
14a6ccae-30c7-4ac0-b4a3-ef5479844611,Verina,Clemot,vclemot8p@sitemeter.com,Bigender
5dea3c07-fad0-44aa-96e0-55c9ed7fc4e1,Elie,Larsen,elarsen8q@dyndns.org,Genderqueer
a2a177c2-88b8-4730-bf30-a1783cc11323,Coop,Rottger,crottger8r@t-online.de,Male
3cc11ef9-aac9-487b-b56d-51fc23e3b3ef,Karlan,Nathan,knathan8s@biblegateway.com,Male
e1e08ae5-90d2-4399-bde5-3df3b04826dd,Taylor,Sealove,tsealove8t@nbcnews.com,Male
2b7fdbfd-b634-497c-9b14-b2ac38e5e7a0,Suzann,Da Costa,sdacosta8u@geocities.jp,Genderfluid
fd37aa37-94ef-444f-9814-af151dfd6ec0,Raychel,Dailey,rdailey8v@wired.com,Female
c12464e3-e59e-4262-8622-5018e82303ad,Shawnee,Labrum,slabrum8w@ucla.edu,Female
817f890d-b8c7-4b90-b60f-24689be79645,Jose,Merali,jmerali8x@boston.com,Male
eae5fbab-4e23-4063-bf56-74a8a35e4edf,Ashley,Hulburt,ahulburt8y@kickstarter.com,Male
ab690314-ce06-4d43-8c93-d1dd2d8fc46a,Kaitlyn,Craiker,kcraiker8z@bbb.org,Female
db3bce79-202a-4ded-8207-d60e1071d3d9,Flossi,Malling,fmalling90@bing.com,Female
b9208b82-4131-4b51-bcff-54cc5565e3ee,Nikolaus,Maffini,nmaffini91@free.fr,Male
2e575112-1cdd-4000-918c-a6300d5fc3e0,Heda,Cruden,hcruden92@economist.com,Female
6c483835-0a87-42fe-b06c-44688c203180,Arlie,Blague,ablague93@ovh.net,Female
83b20d32-3054-4389-922e-ec336c3888e7,Isaak,Whiteford,iwhiteford94@chronoengine.com,Male
e6082efb-307d-44e1-975e-ebfda06f881d,Anne-marie,Shimmans,ashimmans95@free.fr,Female
f357c7f7-2f9b-432a-8a47-8f300069905d,Jaymee,Splain,jsplain96@arstechnica.com,Female
d4213756-bfac-4645-b8f3-18e2e44847a7,Brook,Gotcliff,bgotcliff97@jalbum.net,Male
05483bb2-f55c-4078-af29-de0de0923ab3,Lewie,Sundin,lsundin98@abc.net.au,Male
693c893a-fb6c-4646-997b-4a180bd57550,Yanaton,Lowles,ylowles99@home.pl,Male
eb789034-5966-44e0-aa93-7f9be6023c06,Karol,Krelle,kkrelle9a@themeforest.net,Female
45590dd6-6eb5-4398-96a7-99fb304566e6,Hildegarde,Loades,hloades9b@shutterfly.com,Female
4cc6c2ec-94a6-4b45-aacf-280f1e00d958,Adelbert,Campelli,acampelli9c@apple.com,Male
c0bc2efe-5fc0-426c-8c92-2b69744e7f86,Nickolai,Davage,ndavage9d@freewebs.com,Male
3c04d9fe-59df-4224-98b5-9dc37fdc0ff0,Ezmeralda,Fernandes,efernandes9e@wufoo.com,Female
d3cfb3c2-31ca-4920-ad54-8f06f563dc19,Roxane,Muino,rmuino9f@acquirethisname.com,Female
e5323ab6-f988-4ebc-959e-9960386dd5bf,Jed,Meddings,jmeddings9g@mapy.cz,Male
616a8bc6-c406-442d-b309-8bdabe7ec3e6,Lenna,Awcock,lawcock9h@amazonaws.com,Female
80d4236b-60a6-4886-a170-1d6aeee354a0,Ali,Khosa,akhosa9i@java.com,Female
78404812-dcc3-4881-9ea1-d220738d482d,Vanya,Kubec,vkubec9j@latimes.com,Male
06769f9a-4388-4c6a-8787-fd00e0841655,Esteban,Purdon,epurdon9k@mediafire.com,Male
f4fcc942-2245-439c-a3b5-5250b1aa1e09,Terrence,Harroway,tharroway9l@aboutads.info,Male
378ced57-e47e-4559-9c54-2b69626a69e5,Cleve,Crossthwaite,ccrossthwaite9m@tripod.com,Male
09dd7c5c-2510-40be-82dc-05c1a6a71148,Curr,Ballefant,cballefant9n@usnews.com,Male
87784711-02fb-4c35-a911-342ec9a869dd,Ogden,Cicco,ocicco9o@thetimes.co.uk,Male
9393b805-a885-4584-8816-eadb8bf900e5,Teena,Soal,tsoal9p@oracle.com,Polygender
5279782f-01b3-474b-bb2a-c330c1a6d1d3,Jemima,Tilly,jtilly9q@list-manage.com,Female
6315cd87-02c7-418e-b13a-20e940d5ffba,Calvin,Skelhorn,cskelhorn9r@biglobe.ne.jp,Male
993361d9-74f6-4070-b4c7-eb3c83ab2e1e,Louisette,Zammitt,lzammitt9s@google.de,Female
3870f97d-b3a0-4404-bd4a-a0aaa6eff9e9,Leontyne,Jizhaki,ljizhaki9t@ted.com,Female
9e94ce6d-0372-4337-af4e-5ad8f4fe1ac0,Brose,Scotchbourouge,bscotchbourouge9u@biblegateway.com,Male
04cd9df4-d7ee-4af8-8f12-8ed74f5163db,Allyson,Goshawk,agoshawk9v@mail.ru,Female
95894616-dbd7-4596-ae30-18de895d4891,Court,Seavers,cseavers9w@ox.ac.uk,Male
e5535e2c-0dd0-4eb2-a1e9-13ae2f46b180,Hadleigh,Winear,hwinear9x@booking.com,Male
87f1683f-e641-46b6-a453-9cf6a895dbbe,Jermaine,Kunes,jkunes9y@sina.com.cn,Female
27daf113-78c0-4421-8537-68f7ba88e501,Ximenes,Sutherel,xsutherel9z@miibeian.gov.cn,Male
2b58da9b-010d-48f9-a016-a432f8ac09ba,Nellie,Knowling,nknowlinga0@ftc.gov,Female
2372c1a1-8d10-495f-92b2-254f23284967,Renate,Stoddart,rstoddarta1@tiny.cc,Female
e8031024-9622-43c2-afa0-7084ec7bc1f9,Leia,Laste,llastea2@fema.gov,Female
1d2bb702-ddc5-4d77-b13a-e7054f396dc5,Kariotta,Hook,khooka3@yellowpages.com,Female
35249bcb-6a4e-42e0-865c-f5ce112b8455,Leon,Coonan,lcoonana4@berkeley.edu,Male
870e6e4d-4f45-4a44-a98f-abc260eeaa3b,Rudy,Lack,rlacka5@marketwatch.com,Male
b950f9a0-82ce-44e6-887f-9809f6964915,Kinsley,Rivers,kriversa6@purevolume.com,Male
b1e65a87-6acc-4205-be53-ae095e757e72,Meade,Vellacott,mvellacotta7@1und1.de,Non-binary
bee9ce97-a534-4d27-be29-65bf06967662,Renaud,Conville,rconvillea8@uol.com.br,Male
196275fe-9fac-48e0-9466-8951d1c2121b,Pail,Goodband,pgoodbanda9@sciencedaily.com,Male
04f60a18-9dc7-4e35-8eac-6a41c47774ea,Ransom,Fright,rfrightaa@msn.com,Male
2f0bbe72-fe3e-4cbb-a397-f903b1694476,Rozanna,Dalziell,rdalziellab@ted.com,Female
3b193358-dc3b-4071-b62e-02e113cb707b,Bridget,Wykey,bwykeyac@fastcompany.com,Female
ea943f4d-14f9-4baf-b7f3-08b17e149c2d,Haily,Bennie,hbenniead@chronoengine.com,Female
6cd49fef-921e-4561-bcdc-4c97074e6eae,Jerrylee,Revance,jrevanceae@technorati.com,Female
50958d13-4af0-4915-8717-0291e5d524f9,Evonne,Spera,esperaaf@printfriendly.com,Female
fb39ba2b-0ff4-48d0-8e1c-92f2914ac84c,Hortense,Playdon,hplaydonag@hibu.com,Female
c35ce136-b972-47e5-ab20-45797ed1080b,Olenka,Rides,oridesah@amazon.co.jp,Female
344642db-cbe3-4644-961e-076b8bf9ceb7,Tarrah,Lande,tlandeai@blogger.com,Female
36088fe6-ff55-44be-9768-8fb31132ea93,Andie,Advani,aadvaniaj@wunderground.com,Male
2a96b165-7160-4dcf-8923-2065ebb55119,Raimund,Odger,rodgerak@cloudflare.com,Male
cd6b3858-f848-47fb-bd2e-f18b87626d7a,Kip,Gary,kgaryal@weather.com,Male
d529674f-1067-4370-b64b-011d82109693,Silva,Fireman,sfiremanam@cnet.com,Female
3d68bf84-cc65-4527-8f44-48f188363db5,Xylia,Flaunier,xflaunieran@facebook.com,Female
8c001d02-1cc0-4bcf-8d61-4d8844553146,Glyn,Dasent,gdasentao@nasa.gov,Female
e729f647-d171-4170-86b8-935933c854f5,Sanford,Nower,snowerap@blog.com,Genderfluid
a92d4f37-672d-4e95-9435-fe8eac66cb7d,Alfy,Gale,agaleaq@php.net,Male
ea6a67fa-9acb-4d8c-8bb7-64e3019f5f4d,Jill,Eisig,jeisigar@google.co.jp,Female
aa5aa37f-5fe1-4b6c-9d5f-c669f6a370a8,Alikee,Malshinger,amalshingeras@ca.gov,Female
230081d5-291e-4c1a-afd9-76a63b26756f,Dyna,Dronsfield,ddronsfieldat@mit.edu,Female
77e04ed2-89a4-4b60-a844-120ee6ef1804,Agnes,Sarten,asartenau@loc.gov,Female
b38c8f3b-3240-4b88-82d6-5a7c43e5446d,Anetta,Cobbold,acobboldav@google.com,Female
723fe1ae-6b83-4c20-a5b5-6aad5f8a17a9,Lawrence,Redman,lredmanaw@irs.gov,Male
6431e604-27bf-4276-9c5f-7b7e3ae935a0,Jo,Hatchman,jhatchmanax@hud.gov,Polygender
b7cbd1c7-cdf1-4e6b-b38e-3dc6ec4841bd,Murielle,Myrick,mmyrickay@unesco.org,Female
56a44cd4-1f95-478e-b841-bb8d0195e665,Bertha,Valerio,bvalerioaz@mac.com,Female
eb86e86e-9f87-4e23-983a-e6a77e2825a3,Casey,Bulteel,cbulteelb0@soundcloud.com,Female
57e4696e-6fe5-4e11-83bf-89e7a82f1ce0,Calley,Bagge,cbaggeb1@feedburner.com,Female
2f56b740-1549-43ac-a99c-8ef85e03afab,Hendrik,Songer,hsongerb2@java.com,Male
01ee3643-6f88-4b92-a128-9389a1d65338,Vitia,Lorryman,vlorrymanb3@hexun.com,Female
72c6a03e-e977-4162-9983-10d38e805811,Kalie,Pettiward,kpettiwardb4@jalbum.net,Female
b5c9a764-0670-45cc-bc60-e1a08e2b647b,Westleigh,Caton,wcatonb5@techcrunch.com,Male
84958b60-0977-4608-b44c-d805124e2627,Janifer,Boij,jboijb6@twitpic.com,Female
9299d0aa-8e19-4c77-975a-04fd9185f060,Brandea,Duerden,bduerdenb7@ox.ac.uk,Female
9cd6853b-8813-4591-b441-a77ca6735717,Myrwyn,Vannikov,mvannikovb8@mapy.cz,Male
98ebbb07-25fc-4d07-9144-4c0f8d7a55a7,Lynea,Budcock,lbudcockb9@yelp.com,Female
d419b2e6-f4d4-4462-aa4a-5d60f96305c9,Marcelia,Stickells,mstickellsba@merriam-webster.com,Female
85681e09-0d14-4310-91ef-5a90160d6e88,Dario,McGuiness,dmcguinessbb@shareasale.com,Genderqueer
bba8b909-71e0-41b4-a76f-78a32b8fcb0a,Artie,Repper,arepperbc@ovh.net,Male
562662b0-78ed-49d1-b96c-d050718477d7,Jackie,Amsden,jamsdenbd@gnu.org,Genderfluid
b9064d71-105d-4963-8385-7603d0c25e7a,Gilbert,Ellick,gellickbe@histats.com,Male
2a03d60c-4c51-4558-8a8f-ec083ec15f92,Morgan,Thrussell,mthrussellbf@google.de,Male
6c0d977a-5071-45c2-9a23-8de9d864dc99,Malva,Broadey,mbroadeybg@domainmarket.com,Female
95151fe3-c3ad-4305-a207-c58069ba1049,Karlens,Doxsey,kdoxseybh@ycombinator.com,Male
f3cea9b2-d57c-4518-918f-0481932a2f5e,Arman,Armistead,aarmisteadbi@bravesites.com,Male
39371fdf-48eb-4ecb-8749-8f6cfdae255a,Leda,Trundle,ltrundlebj@google.ca,Female
16c96988-daaf-4f31-850e-a7baf4adfb0d,Cyb,MacCaffrey,cmaccaffreybk@blogtalkradio.com,Female
f26a394a-4eaa-4300-8134-be3682010cba,Dov,Sima,dsimabl@typepad.com,Male
dac24b67-1a14-494f-b6ec-9916cc30ec98,Seumas,Reddlesden,sreddlesdenbm@360.cn,Male
42425e85-9dd9-4c8f-a0f0-cf9e0deaacc8,Erhart,Antrum,eantrumbn@51.la,Male
9002a934-297e-463b-ae23-3f05e1448d6d,Melany,Dare,mdarebo@vkontakte.ru,Female
8cd75553-0ced-4656-953c-e14ba3409946,Marcie,Haslegrave,mhaslegravebp@china.com.cn,Female
4e81ad86-272c-4a97-897a-16be32215630,Mortie,Priddey,mpriddeybq@naver.com,Genderqueer
03f45da1-1059-41a3-8fb4-0440f48fde4d,Clementina,Daugherty,cdaughertybr@shinystat.com,Female
c5628883-dc37-4bd3-aadc-26202de764be,Benn,Durbann,bdurbannbs@dagondesign.com,Male
19a09585-7ec5-415c-9fe3-4956e472ae47,Natal,Cantle,ncantlebt@angelfire.com,Male
8745ea46-daad-44d7-9c61-938ff806ee36,Constanta,Kienle,ckienlebu@zdnet.com,Female
735cceba-2125-4f05-adb1-94a0dda5511b,Angy,Raselles,arasellesbv@mapy.cz,Female
915ed56e-63be-4db7-bcb4-043a92240586,Manya,Lednor,mlednorbw@fema.gov,Female
239591ff-48cc-43ad-b2ff-64d5118cfba6,Susanne,Goford,sgofordbx@loc.gov,Female
9d28544a-dca2-4f29-98e1-fde0d6f35c96,Jana,Bonnick,jbonnickby@army.mil,Female
49bc0c4f-8375-4353-b81e-d86026275a00,Kimmi,Kleint,kkleintbz@un.org,Female
f3bbc32f-1b25-4819-85a4-bd3ae893a772,Tate,Kynastone,tkynastonec0@flickr.com,Male
2e85e639-f547-4eed-838b-f2b5a35908c0,Kiel,Shuttleworth,kshuttleworthc1@ibm.com,Male
c8ebb671-8797-4b3f-9828-534651809196,Lin,Hurler,lhurlerc2@harvard.edu,Male
618992b7-5906-4211-911e-d6e8f30943a5,Sydney,Luxmoore,sluxmoorec3@paginegialle.it,Female
0aa1a86c-252c-4722-92ff-3b34affdec28,Eimile,Mc Combe,emccombec4@blogspot.com,Female
63ffe6c1-bf4b-4f79-b248-6467a91a9dba,Vassili,Wakelam,vwakelamc5@shinystat.com,Male
bee68381-ed8f-4413-96e6-a50eb8e9ff93,Ula,Nation,unationc6@eepurl.com,Female
9aa51330-0310-4be8-b488-2a6aa7fae8d9,Lin,Hayers,lhayersc7@google.com,Male
ec728de6-1914-4999-935e-62d1e41bfd13,Syman,Cridlon,scridlonc8@facebook.com,Male
6cd8db00-4aa2-404b-b83b-78122ae67e11,Loria,Sloat,lsloatc9@trellian.com,Female
0f6811cc-1d0f-47a1-9ce7-74e04b7e6f43,Jesselyn,Capner,jcapnerca@printfriendly.com,Female
72b9e66f-2c98-4280-b413-9bc268218a53,Blondie,Joselson,bjoselsoncb@sciencedirect.com,Female
5de4cff4-45fa-4df3-8b94-ffaf24b4733b,Patrica,Landal,plandalcc@imdb.com,Female
e9367b79-b55c-4edc-81c6-a03a0420bda5,Federica,Jannings,fjanningscd@spiegel.de,Female
7b46d630-1c76-445b-9b2a-c5debfe1f93e,Sybille,Riggey,sriggeyce@redcross.org,Female
f9c1e345-5cd8-4613-b3e8-6e218f1f67c4,Archibald,Ralfe,aralfecf@latimes.com,Bigender
65a76d8d-bf63-478a-8ba4-7d42e1824a36,Griffith,Cahillane,gcahillanecg@wikia.com,Male
7e11856d-7578-4054-8083-cbf5f4693f82,Babs,Craighall,bcraighallch@123-reg.co.uk,Female
fd96ed4d-28fa-4599-bfa0-540abfc688c0,Cris,Frie,cfrieci@phoca.cz,Male
039fa4ea-032c-4b0a-a6b6-fd33188a519b,Grannie,Scrymgeour,gscrymgeourcj@macromedia.com,Agender
aaf0c8a6-eacc-4d11-a07b-88b5d76e4337,Benny,Giacobelli,bgiacobellick@google.de,Male
3ede9504-02d4-4779-b38b-a00f57862dd3,Betta,Ring,bringcl@so-net.ne.jp,Female
972d8a02-7e4e-4b51-ab25-f3021bddd1eb,Wheeler,Murdy,wmurdycm@hhs.gov,Male
3445ca94-38d0-4e39-9a4a-b051d050c52e,Minta,Sandys,msandyscn@gizmodo.com,Female
26b3369b-456b-42ca-baa1-11acfe9c42e1,Brandea,Kingsford,bkingsfordco@wired.com,Female
65adab5b-1b04-4b7b-bf8c-47538442183a,Vaughn,Waddingham,vwaddinghamcp@smh.com.au,Male
ae718904-5039-48be-9a94-722bcb5d1b34,Dodi,Nizet,dnizetcq@aboutads.info,Female
63b3fad3-9fed-46b8-a5f5-ff9c14495723,Tessy,Yeats,tyeatscr@istockphoto.com,Female
9ccc7f25-9eee-417f-97b0-14b5f64a5c91,Justino,Dade,jdadecs@earthlink.net,Male
f3054996-4265-4649-a4c0-59600a5ffba7,Janelle,Stilliard,jstilliardct@google.co.jp,Genderqueer
1b151803-e582-4c58-b390-a2d20818ee46,Towney,Dungay,tdungaycu@mediafire.com,Male
e01f3aa7-2308-4f48-89c1-0afd9b5c42c0,Neille,Human,nhumancv@cornell.edu,Female
ee01c50b-e136-41f9-a35c-3cb6ef750e21,Calv,Axup,caxupcw@hao123.com,Male
7b359ede-2d8c-43cf-aea0-cf7eb8e595dc,Norina,Aldiss,naldisscx@last.fm,Polygender
7f95a9e4-3bc1-4c06-b9a7-fb5257a3abe5,Aguste,Coburn,acoburncy@blogtalkradio.com,Male
20b64e3a-a615-4625-805f-a806f4d50527,Farlay,Chorley,fchorleycz@japanpost.jp,Male
f0207808-eaa5-482a-b326-7d4dddd5bb06,Cullin,Balshen,cbalshend0@utexas.edu,Male
e72aa047-f517-4365-b24d-63185226fe67,Carilyn,Thistleton,cthistletond1@google.co.jp,Female
cce2f247-9cc1-439e-8d86-f238ae8d0ad4,Sari,Kolakowski,skolakowskid2@facebook.com,Female
3aad3e01-f1a5-45a3-8e69-c89cecc9fda1,Aggy,McCann,amccannd3@opensource.org,Female
b40379ca-4e39-4a2c-a673-61598828db09,Barbabas,Grayshan,bgrayshand4@nsw.gov.au,Male
587b5582-bc95-4639-81dd-d764e37e12ea,Marena,Vasyunin,mvasyunind5@oakley.com,Genderqueer
8820a079-29b9-42bc-bd41-dccd25e8bb55,Iago,Cavee,icaveed6@a8.net,Male
a0a331f5-3189-4fdf-8618-bd3c0d6d2edc,Ingrim,Osgordby,iosgordbyd7@nbcnews.com,Genderfluid
9e75d4e5-aa00-4e1c-bfa9-e9ece9479a95,Mayor,Levey,mleveyd8@china.com.cn,Male
8592d267-0120-4fd4-ad68-76c16d9f0140,Dietrich,Maffezzoli,dmaffezzolid9@census.gov,Male
51f99dfc-1718-486b-b6d3-1114d3d7d271,Archy,Dreinan,adreinanda@arstechnica.com,Male
7cd3a4b7-d352-4c12-bdcc-6da375a58fce,Iver,Chaplin,ichaplindb@histats.com,Male
35eb42f5-077a-4915-bd71-2f1c9b02951b,Robina,Baribal,rbaribaldc@ucoz.ru,Female
e52e6ad7-3486-4137-af25-b1063d4e25a5,Baily,Brundell,bbrundelldd@wordpress.com,Genderqueer
dffa95e7-f6c6-4fe1-8fe9-2175191a07c8,Leroy,Fieldstone,lfieldstonede@disqus.com,Male
6cc4b255-8d68-4e11-857f-738575bd156c,Jay,Thoday,jthodaydf@indiegogo.com,Male
27a16f60-ee2d-41b9-ad08-27c2a89604e7,Benn,Tomblett,btomblettdg@mapy.cz,Male
64e389b5-cada-43cd-b265-2a2ac2f4f20a,Gay,Ambrosetti,gambrosettidh@people.com.cn,Non-binary
5bc2d998-413b-488c-a868-fb40b640cff9,Obie,Storrock,ostorrockdi@sun.com,Male
288588f2-cded-4ffb-a5ca-acc8887672a8,Arlee,Bisset,abissetdj@purevolume.com,Female
49c1bb35-3b7a-4b31-89cb-7d3004b4aa88,Tremain,Duley,tduleydk@meetup.com,Male
e8b2ef83-832f-4208-9c9b-4802653256a7,Marya,Chaise,mchaisedl@house.gov,Female
8f76bb0b-bd5c-488e-ab04-26967f8b5aab,Egor,Oag,eoagdm@un.org,Male
548e6616-96c2-4110-affd-23b5736bbe23,Janka,Gibbens,jgibbensdn@trellian.com,Female
10267b1f-5ebc-4f81-a3e8-c72697717c6c,Lusa,Cole,lcoledo@bing.com,Female
c750361b-b2b8-494a-a008-7571603505a7,May,Briar,mbriardp@posterous.com,Female
ffee582d-38b3-4196-b4f8-b1035e2bdf9c,Kalle,Donaghie,kdonaghiedq@blogspot.com,Male
eb290b50-06b0-4b1a-8524-8debcf9ce51d,Venus,Twyford,vtwyforddr@hostgator.com,Agender
1c722eff-87f1-47ed-b5b9-22900f61e6c4,Nari,Le Clercq,nleclercqds@ucsd.edu,Female
651fb453-0e89-4b54-8dac-f474700cab21,Shoshana,Westhoff,swesthoffdt@indiatimes.com,Female
c2f6ceb7-7aa6-4b88-b22e-9387ff4e2512,Myrlene,Gresty,mgrestydu@cbc.ca,Female
6b0b407a-a120-4b03-868b-688ff9e6acb8,Allegra,Keymer,akeymerdv@slashdot.org,Female
56c4c3bb-8abe-4b66-9441-c608fa5740cb,Ramonda,Yearby,ryearbydw@ox.ac.uk,Female
009ccaf5-cb2e-4101-a533-282d34bf003a,Dre,Rubinsky,drubinskydx@nature.com,Female
bb42643b-d25d-4dff-b071-4584c9757fad,Cymbre,Barham,cbarhamdy@wordpress.org,Female
3029116b-9ee9-4353-bfa9-53aeeb438e94,Nobe,Moutray Read,nmoutrayreaddz@blogtalkradio.com,Male
26499f50-b4d8-42a4-b91d-1b460c255e5b,Blythe,Duckham,bduckhame0@deliciousdays.com,Female
77da8d76-3aff-4028-92f6-50cdda66269c,Lane,Trenchard,ltrencharde1@uol.com.br,Bigender
d5295566-23de-4d28-adf0-02431702b078,Maje,Brolan,mbrolane2@msu.edu,Male
0f58fd07-e5dc-45e1-82b8-d97196b80c9a,Calv,Cantu,ccantue3@senate.gov,Male
074a05f4-c218-4ce2-a74b-07b56cc28f05,Sorcha,Gudde,sguddee4@patch.com,Female
66f51620-ee0e-4ae2-b448-5819d6bfb72d,Fonsie,Dudson,fdudsone5@studiopress.com,Male
45232d96-ec48-4273-b85f-1fddcd9d6d78,Gavrielle,Bain,gbaine6@dion.ne.jp,Female
0a7bc0ea-eda0-4327-af98-48617b5668d1,Grace,Raggett,graggette7@barnesandnoble.com,Female
851f2754-7dd5-4e84-bc04-114232c8d7eb,Son,Wallentin,swallentine8@opera.com,Male
310ed48a-e279-4987-8ee9-68d803d8a682,Arnie,Beaudry,abeaudrye9@google.ca,Male
222bcc76-1c32-4a79-829b-0a4211d781e8,Damon,Palfreman,dpalfremanea@oracle.com,Male
bd295e22-c4c0-428e-b257-f7af3f46ad27,Danita,Domone,ddomoneeb@va.gov,Genderfluid
dc1d3f35-1da2-428b-a04f-6c163d08f2c7,Alano,McTurley,amcturleyec@photobucket.com,Male
e6c829f9-8c41-4be1-a95b-b1f404dd97bd,Osborne,Agglione,oagglioneed@microsoft.com,Male
c32b51d9-e3ae-42bf-8be8-b1ed232bfa8f,Taddeo,Mullard,tmullardee@nasa.gov,Male
3f4f4526-2a7e-4a13-b0c0-96dd01374b0e,Roslyn,Feckey,rfeckeyef@wikispaces.com,Female
a8bf3458-8b99-4c9e-9c61-e7706aad56cb,Fremont,Lamshead,flamsheadeg@va.gov,Male
76b928ec-af6b-4485-bdc2-46a819884c77,Jaine,Chatelot,jchateloteh@mashable.com,Female
2b9494f9-ed6b-41de-9aa1-e4576d04b740,Kerry,Masden,kmasdenei@sourceforge.net,Female
9781035a-e78e-4b8f-a879-b835cc26bf80,Babs,Roeby,broebyej@nasa.gov,Female
988ee044-9607-41af-b41f-4306299c5a84,Morton,Crutchley,mcrutchleyek@google.ca,Male
84241a4c-f75c-4dc5-a082-90ca9c772ce8,Ansley,Adamovsky,aadamovskyel@drupal.org,Female
e0755d69-d563-468b-b8e3-9ae3d7f6f9fb,Idette,Fullegar,ifullegarem@mail.ru,Female
b05dc495-4bc5-4ad8-98f0-7e934984e105,Wake,Bartczak,wbartczaken@ebay.com,Male
381e522e-cd11-45f1-880e-2ce5e91a8c98,Maye,Boddis,mboddiseo@skype.com,Female
00a19311-b856-4812-8eba-3282edb21fc8,Nappie,Baudic,nbaudicep@cnn.com,Male
1fda2ab5-3456-4c8b-a00e-75c9bae95e30,Alisander,Grubb,agrubbeq@webmd.com,Male
99ae767d-c9c1-4a31-b1ca-e2826f27ad93,Staffard,McPherson,smcphersoner@miitbeian.gov.cn,Male
b2a8675b-2846-433d-b6ff-b6c89d8f03e4,Cathee,Connue,cconnuees@artisteer.com,Female
2387d020-afed-423e-a949-7a99446d310b,Farica,Shurman,fshurmanet@ask.com,Female
89fdf5ec-484d-4b51-a126-f13af4ed96f9,Lily,Gerren,lgerreneu@twitpic.com,Female
ec044376-ba0a-4954-b86f-3d182db4607c,Gloria,Millership,gmillershipev@yahoo.co.jp,Female
2f987e4e-cc6c-4d4d-9a51-f8c0685525b3,Correy,Gallamore,cgallamoreew@vkontakte.ru,Female
3ab02b48-6566-47f5-81a2-a54e3c3c7208,Milena,Martinon,mmartinonex@360.cn,Female
c6bddfaa-0780-415d-be09-43bf35be0b78,Merrile,Zarfati,mzarfatiey@umn.edu,Female
d69792e6-dd8a-4035-a8f8-f2fb7c5e2800,Nichols,Fonzo,nfonzoez@histats.com,Male
51440518-d067-44e5-ae13-396e15168aa6,Linn,Divver,ldivverf0@unblog.fr,Male
7fd86ebd-86c5-4fe8-b0c7-a22d969e05a8,Kerianne,Spriggs,kspriggsf1@vk.com,Female
3e51c608-6c8b-4487-96a9-25e9f8e60f75,Salvatore,Hurn,shurnf2@canalblog.com,Male
8e1702d6-2654-41e9-ad6e-63af38aaa3aa,Reinald,Laverack,rlaverackf3@ucoz.com,Male
9494983d-d6a4-414f-9938-cbf94d6036c7,Gherardo,Raspel,graspelf4@blogger.com,Male
da564fc0-0c2e-4ebe-bd32-bbdb0feab7b7,Shirl,Bonaire,sbonairef5@cloudflare.com,Female
f80f22cb-64bb-4c05-9a7b-392d09063d55,Issie,Irvin,iirvinf6@state.gov,Female
440fd842-cc34-4325-91ee-21a491421f06,Bealle,Mackrill,bmackrillf7@wsj.com,Male
4428e229-ac44-496e-aa76-8ac100325c36,Fair,Prettyjohns,fprettyjohnsf8@adobe.com,Male
830a25e3-76cc-43e1-a01f-635047bba166,Avivah,Sacase,asacasef9@de.vu,Female
c69a72c3-7ce4-46e0-ab8a-eb83318dfda2,Aldous,St Louis,astlouisfa@theguardian.com,Male
c02d7205-88af-4097-8a13-d545d6823f0f,Phyllys,Diwell,pdiwellfb@163.com,Female
66994571-e165-414b-b4a3-ed9c83532d8e,Jacquie,Dillingham,jdillinghamfc@istockphoto.com,Female
3ea0300c-158e-45e9-868f-d12520fe6314,Gerda,Summergill,gsummergillfd@dropbox.com,Female
0ae2027b-d2ee-4755-9df4-9bcf444f261c,Dacey,Grimm,dgrimmfe@eventbrite.com,Female
11de784c-c585-4bd7-9f33-55d26ad7c13a,Herc,Winnard,hwinnardff@illinois.edu,Polygender
30ca7210-1d05-4582-95cd-8907ccb614bb,Evey,Basezzi,ebasezzifg@ucsd.edu,Female
edbb304d-de0a-407e-9b4a-80050d69d25a,Tris,Alywen,talywenfh@accuweather.com,Male
9edeadaa-d8c0-4b69-a1d0-ce3305b7d052,Marcus,Scargill,mscargillfi@indiegogo.com,Genderqueer
6b8d5965-8366-40e3-91b8-3faf49d12ba9,Althea,Goddard,agoddardfj@twitter.com,Female
cea96d6a-9394-4856-8b42-3a2fa91f2408,Sibley,Reedshaw,sreedshawfk@bing.com,Female
b1a5f94a-a532-4404-bb0f-4487f710e801,Ado,Lodden,aloddenfl@flavors.me,Male
32edb271-a419-4f6e-849c-fe34ce2f3b7a,Deeann,Heinish,dheinishfm@cisco.com,Female
8432550d-9416-47da-a8fc-625aba4b7efe,Allegra,Diss,adissfn@quantcast.com,Female
c538b37d-6403-4bf0-b2ad-6f44df069731,Randa,Hutchcraft,rhutchcraftfo@tuttocitta.it,Genderfluid
62d56823-82e7-4252-ac2f-406ea92e1c97,Clo,Lathleiffure,clathleiffurefp@mac.com,Female
267f8eb2-c8a6-4714-90f1-d7e019500372,Garrott,Whistan,gwhistanfq@t.co,Male
2db92bc5-835d-4c97-98df-c49130381408,Regine,Seaman,rseamanfr@craigslist.org,Female
2e9d7257-dddf-4ec1-8fde-26a2496c8fd1,Sigfrid,Bloan,sbloanfs@devhub.com,Male
c610beb5-cd4e-4e76-8b50-addea3360107,Harriott,Petri,hpetrift@guardian.co.uk,Female
625c0bcc-b99f-4e0d-8fb6-ac9ebe7dba50,Daniel,Camlin,dcamlinfu@vkontakte.ru,Male
b445a577-4625-4eda-8315-72190d708699,Frazer,Warsop,fwarsopfv@webeden.co.uk,Male
f9b76801-a039-4268-9cb2-f4fd31f0edfc,Kalina,Howgill,khowgillfw@hhs.gov,Female
869215fe-d3d8-4fb7-b41c-c101df5ea510,Ivette,Melmar,imelmarfx@desdev.cn,Female
30987baf-6256-4bdd-b9fc-e769cc65aaab,Amaleta,Cottu,acottufy@qq.com,Female
beb96404-3d85-4f0a-a226-91f41e8bf2e7,Vernen,Semarke,vsemarkefz@dyndns.org,Male
d2971b82-28ae-45d3-9dca-b7177ca7e9fb,Davey,Cutford,dcutfordg0@google.cn,Male
209acf32-dde5-465f-b660-a164711a881c,Ricoriki,Tofano,rtofanog1@tamu.edu,Male
01bed30f-a207-4ccd-8732-950136b56560,Shelley,Egle of Germany,segleofgermanyg2@wiley.com,Male
7db56530-bc2c-4fa0-8ef3-8a07ea072b04,Cosme,Roark,croarkg3@hhs.gov,Male
0c35615e-af20-44ba-9ac8-17034187d0a7,Hadleigh,Langhor,hlanghorg4@sourceforge.net,Male
cedf0a1e-3060-4c27-a795-747d6d8b714d,Arly,Maybery,amayberyg5@cisco.com,Genderfluid
afd97c67-c0a0-4fce-a241-c740fa145c2f,Laurice,Espasa,lespasag6@npr.org,Female
e7385dd0-df87-4913-88ec-d88e8f1794ab,Sarena,MacCafferty,smaccaffertyg7@bluehost.com,Female
8d2a892c-ce58-4123-ab6e-8a09879d16c2,Vinny,McCobb,vmccobbg8@washington.edu,Female
3fea21ad-2909-4d2e-a88d-538a26fad89a,Kizzee,Jedrzaszkiewicz,kjedrzaszkiewiczg9@exblog.jp,Non-binary
1dbb723f-060c-4a9d-be56-3bfe00148ab4,Sissy,Allkins,sallkinsga@wsj.com,Female
9f91c2d5-8023-4134-b220-99ef2a2ebee2,Aleksandr,Rohfsen,arohfsengb@geocities.com,Male
325064d0-4615-440b-bd9c-01b1cfaf18c8,Sylvan,Conboy,sconboygc@shareasale.com,Male
72706274-1136-4d0f-849d-5cee1d9cc4de,Cacilie,Bradbeer,cbradbeergd@1688.com,Female
aeead355-8a04-4e08-9ba8-8454b2c09479,Millicent,Reith,mreithge@arizona.edu,Female
6f98b663-d6d3-4fb5-b163-7a2a0d899ab2,Dore,Gerber,dgerbergf@senate.gov,Bigender
2e1bbd54-5cb2-49be-a547-7be3fc63f70b,Jessie,Debling,jdeblinggg@bizjournals.com,Female
f9ef8528-faa7-4b5a-ab18-e90c702ce948,Alvina,Gooder,agoodergh@hc360.com,Female
733164a7-1de2-4ef6-b1f1-672c4cdcff61,Janek,Bentote,jbentotegi@oakley.com,Male
1cc7696c-25f5-42ba-8631-b63f4cbbbe50,Andrej,Phair,aphairgj@dedecms.com,Male
e8628052-4ff5-426e-8a05-3bf66faf3fda,Igor,Mason,imasongk@seesaa.net,Male
e6e87e74-f9cd-4cd2-85cb-064251508c94,Beverly,Cuerdale,bcuerdalegl@amazon.com,Female
6cc2db1a-47b9-4b95-9196-f734c00f240a,Chery,Cecchetelli,ccecchetelligm@cbslocal.com,Female
53d1fdac-4465-4106-848f-f5fb44ac1a6c,Allison,Pays,apaysgn@java.com,Female
892585a1-475a-487d-8b67-0b58a0dd8d09,Cindy,Shergold,cshergoldgo@mysql.com,Female
9e03563e-4ffc-4b59-b52b-22987e8a9043,Lena,Mish,lmishgp@jalbum.net,Female
e7700ff4-a030-496a-938f-598c5d2e2fb0,Ki,Lindgren,klindgrengq@delicious.com,Female
d13d054e-406f-42f8-90c8-d03505b0190e,Ives,Offener,ioffenergr@fotki.com,Male
69b8b5fa-9e33-4fa5-baed-74f798694367,Madelin,MacAree,mmacareegs@ehow.com,Female
4e5fc30d-85e2-4c1d-922f-00de92808e3e,Emily,Klimontovich,eklimontovichgt@washington.edu,Non-binary
691806ab-f81b-4b10-93a2-9737842b240b,Tabbi,O'Hare,toharegu@freewebs.com,Female
eb4e7269-c270-4d3c-908a-cce6925b0961,Antoine,Juppe,ajuppegv@storify.com,Male
39f26bc2-42bd-4828-9dbd-d0d299c4b63b,Josepha,Stowe,jstowegw@google.co.jp,Female
af0e5835-7c42-449f-9d9f-758b3d26ddeb,Madelyn,Grahlmans,mgrahlmansgx@phpbb.com,Female
081fc74a-8759-4fa6-828a-156a4c899d17,Vivyan,Labin,vlabingy@state.tx.us,Female
280d6d58-bdbc-42b5-98bf-c53f3ecb1efc,Carol,Sarfatti,csarfattigz@dot.gov,Female
191a4bb3-10c1-467b-bd7c-060e2caf6466,Philbert,Karpushkin,pkarpushkinh0@photobucket.com,Male
527c18ae-6c73-487b-83b8-b5fba54eb863,Augy,MacConchie,amacconchieh1@youtube.com,Male
7e12f97d-f20f-4f5e-8357-c16f5b644952,Lock,Briztman,lbriztmanh2@shareasale.com,Male
48b7aec2-a950-44cb-bfc1-de718863ce5f,Turner,Courtman,tcourtmanh3@typepad.com,Male
d1089493-5dca-426d-8086-9a3f7a4baa24,Almira,Sowter,asowterh4@rakuten.co.jp,Female
583e8f71-b473-4ec5-b40d-cb42a4eac746,Adrian,Speares,aspearesh5@cafepress.com,Female
77ddad28-8654-4645-849d-e46a590d480c,Ram,Bassett,rbassetth6@independent.co.uk,Male
719724ee-39a1-43d5-a1db-618e33ac81fd,Casey,Thatcham,cthatchamh7@ask.com,Male
9c6e3dcf-a1ca-4c2a-ad1a-17064f5b0bed,Loleta,Tidmarsh,ltidmarshh8@elpais.com,Female
c170fc64-2557-47f6-9c45-39fba256c120,Minnie,Brabender,mbrabenderh9@soundcloud.com,Female
a80373cb-d57c-4c6d-b74e-aaf77b8a03d9,Tallulah,Walkington,twalkingtonha@usnews.com,Female
043f8e54-91aa-45d9-b3d8-38b5614954c3,Bond,Dimitresco,bdimitrescohb@slate.com,Male
0f8162c0-fefd-4434-9dd3-a1c611f1f4e2,Lucila,Defries,ldefrieshc@senate.gov,Female
4817246d-5d22-4b17-af29-50f56b8a2fb7,Farand,Tidridge,ftidridgehd@theguardian.com,Female
191ff880-1b9d-4879-bf03-0fe70eaa54b3,Tiebold,Innocenti,tinnocentihe@google.cn,Male
9a23b2be-b21b-4273-985d-34665e3ab2db,Elfrida,Tick,etickhf@scientificamerican.com,Female
c242c401-fc29-4821-b77d-2679ab754afe,Jory,Shevlan,jshevlanhg@soup.io,Male
940d6043-dbca-4c98-9692-51f33aa939c0,Glenda,Preble,gpreblehh@nasa.gov,Female
c67639e3-3941-4e9c-bb7b-81098445c35c,Sawyere,Marling,smarlinghi@domainmarket.com,Male
4f22f41d-0c9a-4a46-a47f-137400b8c747,Phyllys,Baude,pbaudehj@ucla.edu,Female
0a76d38f-160b-4840-aaa3-159c7a9f144d,Carly,Churm,cchurmhk@goo.gl,Female
0b139e7d-0749-4599-ac88-02dda3d0caa6,Artemis,Baynham,abaynhamhl@discovery.com,Male
bb3b9c49-2791-4bed-9243-1a3100996f59,Darcee,Dimmack,ddimmackhm@about.me,Agender
2f5b7c54-e96b-403e-8dca-db46416986f3,Raychel,Cristoferi,rcristoferihn@topsy.com,Female
655cc26c-8695-4e72-9605-b9929c5d6186,Tony,Micah,tmicahho@disqus.com,Polygender
af7b995d-a5d4-4a37-b8f6-c8b1c2b70aab,Percival,Bliss,pblisshp@unc.edu,Male
c53642be-ead6-4678-801b-ad46a19c2015,Fax,Bandey,fbandeyhq@blinklist.com,Male
3f39d3ad-e6f0-453b-bc21-c673df7a57d6,Mohandas,Hanselman,mhanselmanhr@microsoft.com,Male
cb009d2e-eacf-40f8-87a0-f4331a48cce1,Karlee,Gambrell,kgambrellhs@google.nl,Female
69187a86-c057-472d-b3e4-b10820c28814,Carie,Fidilis,cfidilisht@ucla.edu,Genderfluid
632748b1-7d02-4c3e-8004-14ad1e59e4fd,Skylar,Pull,spullhu@dropbox.com,Male
116fa437-f956-4588-adeb-5b7b5a3a4a07,Aubrey,Vanderplas,avanderplashv@joomla.org,Female
34cf183c-38ae-4202-a551-dab3f0b09efe,Alie,Pieroni,apieronihw@wunderground.com,Female
10f42e3a-16be-4a2e-bafe-54e03a81f0cd,Steffen,Cason,scasonhx@vinaora.com,Male
28e6a55e-0899-4d81-a5e8-c7c21b1e522a,Ole,Danher,odanherhy@cam.ac.uk,Male
d0e06bfa-b18d-42c5-af25-7f36b25c0464,Keith,Dewick,kdewickhz@wikipedia.org,Male
cab2b8c3-40da-4a96-9efb-893ffe05cdfe,Pamella,Lidgerton,plidgertoni0@bluehost.com,Female
8f4357c8-d3f7-46af-8aef-6719862b9a71,Wyatan,Fabbri,wfabbrii1@purevolume.com,Male
40dc6c1c-bdb4-47bd-b1a8-e482e3a1e4ac,Abraham,Enderson,aendersoni2@reverbnation.com,Male
59297540-cd9a-4888-aec4-8f01ffa5a10c,Stanford,Moss,smossi3@mozilla.org,Male
65abeda9-9d5b-407a-bf38-230756198714,Darryl,Bilton,dbiltoni4@oaic.gov.au,Genderqueer
03e4774c-23b8-47b8-ac6c-e367a689ae2e,Martainn,Moy,mmoyi5@oracle.com,Male
892f8b86-2a89-45c3-a2b4-3fb510dea636,Wini,Jahndel,wjahndeli6@wikia.com,Female
1de478cc-e24a-494b-bacf-a7db94cef6a2,Mathe,Amesbury,mamesburyi7@examiner.com,Male
babed54b-c492-429c-94dd-e0949468456c,Lurlene,Kingh,lkinghi8@photobucket.com,Female
8bbbae9f-a020-4030-a0ff-5c51365d0dc0,Franz,Perrygo,fperrygoi9@wikispaces.com,Male
f6fbf8c7-13b7-4843-939b-bbc55741d05b,Harlen,Stubbin,hstubbinia@amazon.co.jp,Male
e0e8997a-9ef0-49b4-92a0-f5ff749b6d20,Pooh,Graham,pgrahamib@myspace.com,Male
74d52478-a9a2-4737-920a-300787c23d57,Harmony,Gallier,hgallieric@army.mil,Female
e63022d2-9bae-4f18-80e3-5b43fb0b5906,Clemmy,Linbohm,clinbohmid@baidu.com,Male
eecedd9a-8833-4b8e-ad23-0394396b8228,Aurore,McAuslene,amcausleneie@netscape.com,Female
dcf915ae-bcfc-4c59-a787-6fc5ef491bbb,Melody,Torbet,mtorbetif@shutterfly.com,Female
10f9cf63-0b20-43e2-af68-2023e42eb671,Neale,Mateo,nmateoig@china.com.cn,Male
ab1c9fc5-da71-4263-bcd4-e1022b52ea8a,Khalil,Peak,kpeakih@vk.com,Male
7a490be9-31ad-412c-b98f-3d6389d3a277,Jacques,Morsey,jmorseyii@goo.gl,Male
114458a1-eb5e-4f45-ab15-62115a02d49e,Ermentrude,Sinnie,esinnieij@bloomberg.com,Bigender
ac7cb306-034f-47b7-91d8-0debe0083933,Corrina,Abrahams,cabrahamsik@walmart.com,Female
61004ab5-aab3-4085-aa63-694773ff7b0f,Rodie,Gilgryst,rgilgrystil@scientificamerican.com,Female
453d41b1-fae7-42ce-9b87-9e540c701bc7,Caresse,Petr,cpetrim@skyrock.com,Female
2eb1eb7a-548e-4079-b8a1-48c50ef012c1,Morris,Angrock,mangrockin@privacy.gov.au,Non-binary
6782335f-b8a5-4b9e-b183-95d56557ae1b,Herc,Illston,hillstonio@omniture.com,Male
9874d8c2-02c6-4c1c-af0b-8db508e756f6,Dru,Teml,dtemlip@merriam-webster.com,Male
44d3c6d2-6fd3-4b1f-9af7-6d83866878a7,Mohandas,Enric,menriciq@wordpress.com,Male
4a3a50c5-c79b-4583-9d6f-f2c67227e02c,Emmie,Duester,eduesterir@fema.gov,Female
03eb1986-1fdb-4ab5-8437-92fd1da61d61,Thurstan,Bloy,tbloyis@who.int,Male
3ef5ca43-d6b6-44e9-8537-a6769f25ba3c,Gal,Fudger,gfudgerit@patch.com,Male
bb7be0c7-4447-426a-ab68-118d2d60e8b4,Maddy,Goreisr,mgoreisriu@dyndns.org,Male
b480f75a-d20e-45f9-86f6-77a12e04fdb2,Jacobo,Halsho,jhalshoiv@archive.org,Male
f5b63c2d-88f2-4132-be79-3063f6e180d4,Charlean,Strang,cstrangiw@bravesites.com,Female
ab9c0418-30a8-4727-bbd3-8d368950d892,Jehanna,Roskilly,jroskillyix@skyrock.com,Agender
7f3eca28-4c23-45b8-a346-f7c655b2e92f,Anna,Bedo,abedoiy@bluehost.com,Agender
ab601dbb-d750-4b04-a5d0-ee6ef7a8866f,Ashley,Menhenitt,amenhenittiz@utexas.edu,Male
34bce597-019c-4369-ae97-4de324c0f67c,Hyman,Deinhard,hdeinhardj0@nifty.com,Male
9f17bc62-4698-4fe1-a0dc-06bfc0ad1001,Jody,Ogilvie,jogilviej1@goodreads.com,Female
7e411973-8640-4d68-9a92-b468216ef201,Mathias,Toupe,mtoupej2@studiopress.com,Male
90ecb8c2-d649-422e-8895-9ee87959eb90,Martica,Pinsent,mpinsentj3@loc.gov,Female
5b9b4be1-ea48-4f6e-9e06-0e0f3302f92e,Adelheid,Alvarez,aalvarezj4@hatena.ne.jp,Female
90287668-fff0-4805-87a3-b3bb2e948bc0,Broderick,Tanguy,btanguyj5@wsj.com,Male
d2b80b40-a56d-4de8-91fd-40275525faab,Marietta,Koubek,mkoubekj6@indiatimes.com,Female
40592a37-df28-4e31-9fe9-80f4bc2d671a,Dorena,Levens,dlevensj7@a8.net,Female
806ca3ee-b4ac-403e-8f0c-a0054693553f,Gilemette,Karpmann,gkarpmannj8@unc.edu,Female
6794b35b-88f8-4088-8563-b3e62928006e,Nonah,Vidloc,nvidlocj9@macromedia.com,Female
d8e1f7c5-b6f5-4b05-83fd-8e462fa130cf,Karlens,Skilling,kskillingja@vimeo.com,Male
debc76b2-a600-4484-a573-84a7e0a33dcf,Cairistiona,Storrier,cstorrierjb@weibo.com,Female
14a870df-0c4f-4146-8caf-c37f807ff546,Cordie,McCrum,cmccrumjc@bravesites.com,Female
7c78cd27-7c65-49d5-bcfd-1006c9d5b0eb,Mose,MacCorkell,mmaccorkelljd@github.io,Male
2f3b4ca3-51b2-4b94-8629-220cc1b97689,Bruis,Willoway,bwillowayje@google.fr,Male
ba5cf9b6-510d-419c-986f-65b22ecb8216,Pierre,Pellew,ppellewjf@sun.com,Male
31cdd9c3-37a0-4063-8dd1-0528efe77a08,Lyon,Tomkinson,ltomkinsonjg@sciencedirect.com,Male
b49ff129-4c81-4d9d-8128-b3513acc558c,Itch,Prendergrass,iprendergrassjh@walmart.com,Male
418d50ae-6cb9-47ad-a6fe-7ee7ff3efc34,Olimpia,Ricciardo,oricciardoji@ox.ac.uk,Female
fdbb41dd-56da-4367-a3d0-21135938facf,Esteban,Tonks,etonksjj@ca.gov,Male
8b026804-c781-4af4-9523-17e56c2993b7,Daveen,Djorevic,ddjorevicjk@weibo.com,Female
5fb131d8-c694-474e-992e-37711fa8df90,Shauna,Sodeau,ssodeaujl@liveinternet.ru,Female
9ce69bd2-d223-4880-b7d3-c0fb78570c5c,Effie,Catterick,ecatterickjm@edublogs.org,Female
f8fb1636-f923-45d7-9f8d-065a2c330817,Hedwiga,Gatland,hgatlandjn@imgur.com,Female
0ff9d92b-9d14-4072-9489-c07d363a8ea4,Herculie,Capel,hcapeljo@yelp.com,Agender
0f363fbb-4562-43c2-9bea-858bf7c959e7,Elladine,Toll,etolljp@networksolutions.com,Female
6a5c515b-04c9-411b-a162-2bf6856422e7,Tyne,McCalister,tmccalisterjq@shop-pro.jp,Female
8fbb699a-c745-412f-81eb-69b133baf867,Holly,Shinner,hshinnerjr@japanpost.jp,Male
baf7da64-2061-4bb7-9c63-f8e6bd5bcd7f,Clemence,Dayley,cdayleyjs@salon.com,Female
d1ea6ff5-5848-4640-8940-4f998474d6ad,Flo,Poel,fpoeljt@hugedomains.com,Non-binary
ef11adea-a027-4d93-8fee-931c8417f77c,Solomon,Willmore,swillmoreju@hc360.com,Male
6ad08023-f97f-4401-b9f7-2150589f5eef,Kacy,Gladwell,kgladwelljv@noaa.gov,Female
b86c42de-8a73-4547-92dc-2b3c6292e292,Lindsey,Etchingham,letchinghamjw@eventbrite.com,Female
dfe77001-6400-4406-9512-eb4e89da1563,Schuyler,Frankis,sfrankisjx@wp.com,Male
6dfa2527-66af-4c07-bc00-74600829e35b,Asher,Genny,agennyjy@goo.gl,Male
d748c3bc-ffb8-4854-a9a8-56d5fe7e970a,Ardeen,Gathercoal,agathercoaljz@techcrunch.com,Female
f969640f-1a43-4f02-9fbc-898c963d7352,Donny,Howsan,dhowsank0@vkontakte.ru,Male
9809c696-13ba-4ddf-9fa5-d44b8b4de1fd,Pancho,Passmore,ppassmorek1@usa.gov,Male
932c4842-bf76-476e-b481-94ad8316764e,Wendye,Caville,wcavillek2@tuttocitta.it,Female
7f31341a-f231-4fbc-b7eb-517dad5928d4,Saw,Sperry,ssperryk3@elpais.com,Male
305c2134-2934-421e-a4cf-4ecfce4ffe6d,Darb,Voase,dvoasek4@nih.gov,Female
424f95a5-d9eb-41ef-91d2-c3b22f40e4c1,Sophronia,Kausche,skauschek5@soup.io,Female
76bd4d49-9daf-46f0-a672-e71e5c2d275c,Dulsea,Donan,ddonank6@marketwatch.com,Female
280e0274-b397-47cc-bfe1-8dccdfe6d6ee,Hogan,Halbert,hhalbertk7@jalbum.net,Male
d52915b3-222d-4dbf-b175-9cd1873cd621,Rosemonde,Hoble,rhoblek8@tumblr.com,Female
f6a62cda-e259-4796-9a17-c1e7fa3f5f7a,Lorri,Strowger,lstrowgerk9@spotify.com,Female
ce6301fb-ea5a-4e8e-b7af-7f086ee85698,Delmar,Lazer,dlazerka@altervista.org,Male
c1547da3-5f4f-4389-9157-884cff672a49,Valery,Longfield,vlongfieldkb@a8.net,Female
a241ba62-a02e-479d-abd1-2a87cd23ef4c,Fulvia,Hasson,fhassonkc@patch.com,Female
74c7f615-8189-4187-b43d-2a2d1c7af4db,Marcellus,Roz,mrozkd@hatena.ne.jp,Male
f1ab2edd-19ad-4b4b-9ecc-2ae2404bd46a,Tricia,Gonzalez,tgonzalezke@ca.gov,Female
a203300b-87d1-4638-b741-b40335115630,Tommie,Pervew,tpervewkf@technorati.com,Female
9f268188-d697-43ea-a82a-5ae1eddcaf88,Lombard,Minchinton,lminchintonkg@g.co,Male
f28d4781-36a6-4760-b4f7-89ae83f7bde3,Alwyn,Klimov,aklimovkh@howstuffworks.com,Male
96234fa8-c26b-483f-a458-24416ba3c57a,Jorry,Ragborne,jragborneki@gnu.org,Female
a1db6b93-bf52-4a2b-a531-2f412c9b01dc,Rois,Hazeltine,rhazeltinekj@lulu.com,Female
978acf1c-e536-47d8-8bbd-9521605b0201,Dani,Lefridge,dlefridgekk@sohu.com,Male
037c16cf-3bb2-4125-bb2e-ee4d2e432739,Gerhardine,Sarsons,gsarsonskl@tiny.cc,Female
3396d3ed-d016-4003-8304-7bbb988a2219,Ellene,Vanderson,evandersonkm@apple.com,Female
b1f029e8-a30f-4f32-acdf-541dce8cc70c,Brandie,Waylen,bwaylenkn@princeton.edu,Female
d30a214c-942b-4555-835d-6cb43e49571f,Teodoro,Byres,tbyresko@jiathis.com,Male
cf7262c1-7f81-4c89-8745-a93eb79480aa,Job,Dawe,jdawekp@weather.com,Male
7fde028b-ffd8-4ecf-aeab-c7722c4340be,Cindi,Shilling,cshillingkq@imdb.com,Female
4f5df29f-ca19-4185-9b27-716271a0ed10,Codi,Lyngsted,clyngstedkr@squarespace.com,Bigender
fd5a9e9c-ee58-4c46-b7d0-213e3cfa44b3,Yettie,Abbe,yabbeks@dagondesign.com,Non-binary
afff9b99-f6e4-45ce-82f0-25198879ebb0,Baron,Wedlock,bwedlockkt@wordpress.org,Male
eddb374d-e097-4f2b-86a3-4c063e79a7a2,Cate,Keaton,ckeatonku@meetup.com,Female
8aca8410-096c-465f-b5a5-32bbeedc6165,Jason,Geraudy,jgeraudykv@liveinternet.ru,Agender
e52764aa-1f76-413a-aa78-cfe5ec028eba,Jania,Brasner,jbrasnerkw@trellian.com,Female
72a95b50-63ef-4a36-80dc-84074e4e8790,Reyna,Wegener,rwegenerkx@cisco.com,Female
2d8770bd-01eb-462a-886d-5aa0b983dbe6,Hoyt,Dreelan,hdreelanky@google.com.au,Male
477d7058-369c-4cb4-a1f4-e4eca7ad842d,Jule,Girling,jgirlingkz@ebay.com,Genderfluid
ec6cf511-c5b4-4a72-bb20-9f24b69ab5dd,Brandtr,Ciccoloi,bciccoloil0@scientificamerican.com,Male
89575a1b-036a-4ff8-bfa0-91aafb968110,Jerrie,Vuitte,jvuittel1@msu.edu,Female
af34028d-aa08-4754-875f-99f072fab10b,Jeremy,Roderham,jroderhaml2@cbslocal.com,Male
9a309336-0779-4c6a-a00c-cdfab19f86bd,Tadio,Rushworth,trushworthl3@umn.edu,Polygender
9056ace2-edd3-4be5-b415-4c528787e669,Mozes,Stone,mstonel4@w3.org,Non-binary
81893b39-2e79-4c81-a4be-f2ec72e59f64,Saidee,Peat,speatl5@state.tx.us,Female
509499e5-f720-406b-b69c-3582671d85ab,Lisa,Cayle,lcaylel6@mac.com,Non-binary
a7d7e373-07ef-410e-8ec4-7b94781fba6d,Tanny,White,twhitel7@hc360.com,Male
26b338dd-5855-4e08-aac0-cbc0a99d4ee4,Arlana,Ilyenko,ailyenkol8@sciencedaily.com,Female
199d9692-21aa-47b3-8f8d-d04ae880ede5,Ogdon,Dovidaitis,odovidaitisl9@delicious.com,Male
be3b6ac5-471d-4d88-a375-a7bad676aef1,Jane,cornhill,jcornhillla@vk.com,Female
4ba70849-b931-4c2d-a726-943bd4eae3e8,Olga,Grew,ogrewlb@theguardian.com,Female
c71476e7-8e15-4701-8fce-1335d86d70ef,Gaile,Starie,gstarielc@newyorker.com,Male
3aa30991-1c89-41ec-84cc-33b1336c83b7,Maurie,Bewly,mbewlyld@hugedomains.com,Male
20ba2a1c-04c9-40fc-bbea-ca1ac48ceced,Ki,Longcake,klongcakele@illinois.edu,Female
71207a33-3168-436f-a4f2-c931aea8ea34,Andromache,Royce,aroycelf@artisteer.com,Female
59ec08f8-8dcc-4002-b376-c7247608da13,Dicky,Brodhead,dbrodheadlg@arstechnica.com,Male
277ce17d-c007-4dcf-8b22-b2c83d8adb05,Dorena,Beckenham,dbeckenhamlh@eventbrite.com,Female
eb8c063b-a709-41b8-84fe-7ed96a262f23,Gearalt,Ashwood,gashwoodli@yelp.com,Male
70161c5f-965c-461c-9a89-40fbee899707,Tonye,Tomala,ttomalalj@dropbox.com,Agender
55b14a03-5165-46a9-9125-6ad03a5de4b1,Torin,Dahle,tdahlelk@bloglovin.com,Male
bd27796e-ad51-4416-8cfe-32424d70ab2b,Tris,Tapscott,ttapscottll@last.fm,Male
21fb0a17-e602-4858-a469-8606e0da624c,Prisca,Bootland,pbootlandlm@instagram.com,Female
5c90d6d4-0e10-4ac9-98f4-173686a832f0,Vern,Moxom,vmoxomln@google.fr,Male
a35676cf-c847-44e7-aa5d-8a1f946970f1,Venus,Truse,vtruselo@amazonaws.com,Polygender
19d8d44b-6251-4859-8574-56a25549158a,George,Escoffier,gescoffierlp@redcross.org,Female
fbf22fdd-9efb-4850-8db1-5d9e8ceb6103,Lotte,Pattullo,lpattullolq@uiuc.edu,Female
dbec1721-1662-47d3-a88f-2aa74a18cc42,Lida,Brumpton,lbrumptonlr@shop-pro.jp,Female
4a3c6804-f13b-450b-86ff-0b2d51faae73,Meaghan,Strettell,mstrettellls@g.co,Female
bf8a7f15-0df9-466b-bb14-0789cc52dcf9,Emmaline,Camps,ecampslt@drupal.org,Female
cc4b0ce3-6d36-46f6-9953-8081a32a63a1,Hercules,Loughrey,hloughreylu@cam.ac.uk,Male
97de2d44-7a43-434b-b36a-844a20c7bf9b,Shauna,Matthesius,smatthesiuslv@goo.ne.jp,Female
64dbb2cd-c550-4df4-a96b-ed2f0028dd56,Vicky,Sussams,vsussamslw@free.fr,Genderfluid
e5130eec-57ed-47e5-824b-b379b61fa3b7,Hobart,Twelvetrees,htwelvetreeslx@google.com,Male
a4db3cf2-4042-4720-a3bf-bfbc62e59037,Carly,Navan,cnavanly@hp.com,Male
35235a7e-c74c-4d74-87f7-1b1b8a1709f8,Kerrie,Huddle,khuddlelz@reddit.com,Female
6803db49-4ef6-4046-91b4-9950763303fb,Myrtle,Busek,mbusekm0@live.com,Female
55e4b8ac-2f00-43d5-83f8-eb0c3fd5eaca,Florance,Dellow,fdellowm1@mapquest.com,Female
2c7de03c-c31b-4ce1-8a94-e1da97dc7857,Brew,Greenalf,bgreenalfm2@mac.com,Non-binary
0846934b-d9e1-4798-a3c3-43fdec81bd4d,Ros,Pomphrey,rpomphreym3@delicious.com,Female
10688525-1969-40fd-85f5-de6274dbcbf4,Devland,Heakey,dheakeym4@sourceforge.net,Male
a3783fd0-4a17-426e-a0d1-bde08e803acc,Forrester,Rapps,frappsm5@slashdot.org,Male
23f753b9-66ce-4356-bf46-53d3c7f3a0cf,Ddene,Suckling,dsucklingm6@alexa.com,Female
013d86d9-4233-4095-8615-2ed05dbc6e29,Cad,Sandford,csandfordm7@archive.org,Male
9d41c1ad-af15-4176-ae05-177beced29ea,Rochette,Ferminger,rfermingerm8@pcworld.com,Female
5b94fe10-3146-4294-8f4b-86ad070d9ca2,Catlee,Taphouse,ctaphousem9@bloomberg.com,Female
0fe33411-192b-40fa-b975-9f7469e63963,Ronnie,Atkin,ratkinma@imageshack.us,Female
b3add1a0-c87a-4a17-8a9c-308361d84ba3,Bettina,Scattergood,bscattergoodmb@moonfruit.com,Female
ad37d407-eb7e-4f04-b919-6966fc5525b7,Cristionna,Geator,cgeatormc@cmu.edu,Female
1d66edf5-eef6-463e-a6d1-e7986522f345,Allistir,Apdell,aapdellmd@ca.gov,Male
5dcb681f-0b81-43c2-b22e-3fe726b61e76,Robbyn,Oxtarby,roxtarbyme@google.de,Female
dcda480f-56ed-430c-8a69-8eeb5563ac02,Morlee,Cohane,mcohanemf@list-manage.com,Male
22d774f4-f9cf-446e-ab57-20d6c88281f0,Tally,Manuely,tmanuelymg@tuttocitta.it,Female
09adbf09-9b91-498a-a69f-9f4af8da9c1b,Alina,Lilburn,alilburnmh@prlog.org,Female
938d04c8-d3aa-49a5-b0c4-ce5156e095bb,Matthieu,Pillifant,mpillifantmi@blogspot.com,Male
3bddf111-ee7c-4a99-b74e-9d829184ca24,Anni,Giamitti,agiamittimj@jugem.jp,Female
88a83857-3f4d-4aa4-9721-fb42c910d8c5,Janice,Bedwell,jbedwellmk@vkontakte.ru,Female
1ab5c20a-1148-48f4-9450-e8a79550c5f8,Natala,Columbine,ncolumbineml@prweb.com,Female
b07b6b64-be3c-4236-9667-04ff7b2782bc,Lissi,Gianotti,lgianottimm@fda.gov,Female
47b8b34f-9d8c-49bc-845f-2ff5cd903607,Jaquelyn,Brissenden,jbrissendenmn@china.com.cn,Female
07a888b5-db1b-4837-bd4d-05670396d723,Terrill,Aizikovitz,taizikovitzmo@cisco.com,Male
2e9d5b08-4554-4d8a-9479-6b1e5f152ff5,Hyacinthia,Alexandersson,halexanderssonmp@ask.com,Agender
cd87895d-4690-46d7-a35b-d56a31f5ea63,Aluin,Brownlea,abrownleamq@archive.org,Male
e40777dd-60db-449a-9d7e-81b28b349030,Bartholomeus,Byass,bbyassmr@yahoo.com,Male
8a72d9c1-825b-4ac5-8788-407eb61f9574,Chrotoem,Phayre,cphayrems@printfriendly.com,Male
4b6ddd61-697e-4df9-8a4a-b9ff2f475873,Antoine,Syversen,asyversenmt@webmd.com,Male
99fde363-7ea4-4c26-a271-66d382ad2b62,Rolando,Gauson,rgausonmu@mtv.com,Male
527bc0bb-b35d-4d17-8b4c-be13818cb1e6,Gerhard,Jordeson,gjordesonmv@arstechnica.com,Male
ba0470aa-5ade-469e-9031-d9d8ca3c020c,Tybalt,Seeger,tseegermw@earthlink.net,Male
879c03fe-c1dd-47ed-a813-c104cffc9960,Johnathon,Blakely,jblakelymx@google.co.jp,Male
1d1911ad-103d-4878-9140-6569cf788931,Tallia,Von Oertzen,tvonoertzenmy@ucsd.edu,Female
b8d974f5-5cca-42c5-aee9-236bd85257f1,Gwenneth,Dimelow,gdimelowmz@imgur.com,Agender
00a71beb-0fb4-40fe-86b7-312ca0b1446a,Cristy,Sands-Allan,csandsallann0@biblegateway.com,Female
984f94de-aff9-4ba6-be81-aff8c2b0c48e,Perla,MacGahy,pmacgahyn1@naver.com,Female
78cc76c9-4c07-409a-9a03-89da8f0e8246,Melisent,Vankin,mvankinn2@cbslocal.com,Female
318bda69-2048-46fa-8147-6bc454ba61dd,Suzanne,Draysay,sdraysayn3@exblog.jp,Female
ea78a6de-405c-48df-a42c-d0a1902a0791,Stanfield,Roberson,srobersonn4@1und1.de,Male
48bef000-9552-4f21-acd4-74d52d591631,Debera,Karlolak,dkarlolakn5@booking.com,Female
f86c0e5a-161a-46a7-a30b-6741b45b2c11,Sander,Bygraves,sbygravesn6@cnbc.com,Male
dcaae321-6bd1-48b9-8e63-122d346e20c7,Lyon,Broome,lbroomen7@ca.gov,Male
48224c44-ca1c-4d48-b48d-eef5cb834fbc,Livy,Zwicker,lzwickern8@posterous.com,Female
d7932b06-06e8-4863-bbcb-0d5f08008ca8,Judon,Bowick,jbowickn9@theatlantic.com,Bigender
405ebe96-a56f-456a-bae0-ab0ab45e5b9b,Flo,Mordey,fmordeyna@hubpages.com,Female
5d4a253d-1c71-44ec-9f95-298be07cf68d,Dieter,Jencken,djenckennb@arizona.edu,Male
ced5b746-b656-4b5e-ab61-80710eec1830,Anastasia,Meineking,ameinekingnc@naver.com,Female
b03b4af7-d9da-4a3b-89ad-0b5760282940,Layne,Osbidston,losbidstonnd@geocities.jp,Bigender
b42ef63e-4a03-404f-83d4-b65d9ef1c6d2,Carlotta,Priddle,cpriddlene@youku.com,Female
1656a5ff-f7a8-40e9-a9ad-9ffff40ec535,Othelia,McCritchie,omccritchienf@yellowbook.com,Female
1d59b505-d7a7-4718-bb39-cf1e1e471309,Angel,Imlach,aimlachng@baidu.com,Male
b0862599-9a63-42a7-ae48-217fe05b2462,Valene,Collinwood,vcollinwoodnh@marriott.com,Female
4e903c97-528c-4436-8583-7852fe617dbc,Engracia,Cornilleau,ecornilleauni@fotki.com,Polygender
5479c8b1-8b49-4988-9501-44ea8740182c,Sonny,Warrener,swarrenernj@ning.com,Male
aae13621-41a0-4b30-b69d-55072b684637,Uriel,Biasotti,ubiasottink@tinyurl.com,Male
2e920c24-a050-44f1-97ae-66f68833bd15,Adiana,Maraga,amaraganl@t.co,Female
c2b71d9a-3d1c-40e9-b0c2-a5ce40b1c4f3,Quinlan,Capes,qcapesnm@woothemes.com,Male
74e028dc-a77d-4538-953b-72b12af0360a,Vinnie,Lacrouts,vlacroutsnn@joomla.org,Male
f0f3848f-5039-47be-98bd-77dc188c5137,Pyotr,Swaine,pswaineno@eepurl.com,Male
b4662ea9-53ba-427c-b21e-f8652b3e5936,Hartley,Hoogendorp,hhoogendorpnp@yelp.com,Male
9b0bf834-80e3-4f0d-9b7f-4e66377d7847,Desmond,Kinforth,dkinforthnq@mysql.com,Male
7a8b8f6a-77ff-4989-97a9-b4d55cb42560,Harrie,Dobel,hdobelnr@last.fm,Non-binary
e70dc9db-d298-4191-94ca-63464d9a985f,Mace,Ableson,mablesonns@weebly.com,Male
4136360f-c247-439e-b4c9-1acc9133dc2a,Charlie,Emsley,cemsleynt@zdnet.com,Male
3692ad15-d09b-43ff-86b8-9d21c942a0ef,Armando,Kamall,akamallnu@sfgate.com,Male
0b8ecb00-9b6e-4aa2-af57-b2b1723886ab,Hughie,Austick,hausticknv@adobe.com,Male
1282b770-3306-4c94-b222-d14c54c37a42,Ryan,Borzone,rborzonenw@hubpages.com,Male
641e6e72-0f97-441c-9b71-40e9b1300414,Dillon,Laverack,dlaveracknx@wikia.com,Agender
f0b454b3-685f-4048-bc65-d7a6733ae298,Georgina,Sjollema,gsjollemany@ifeng.com,Female
a4d6ac55-173c-4899-ad05-4d2a460249c7,Clair,McCarrick,cmccarricknz@cam.ac.uk,Male
8832bdd2-3b0a-47e4-84ae-80b97725c036,Farlee,Redington,fredingtono0@yale.edu,Male
7d2bfa0b-8205-41a6-80ea-83f26d75d20d,Cahra,Colbertson,ccolbertsono1@globo.com,Female
0c398601-8e0b-4bd5-ad0c-03f621b8d5de,Keeley,Tole,ktoleo2@ifeng.com,Female
2297970d-306a-49f2-b55e-229dd2c48f38,Leroi,Cancellor,lcancelloro3@nationalgeographic.com,Male
e85b1041-9e87-4533-817e-efeda97dea14,Danni,Wickersham,dwickershamo4@google.es,Genderfluid
46114b13-b614-4832-9b82-97df8905d690,Meade,Reeken,mreekeno5@redcross.org,Female
881cc262-b6ca-4d1b-8ae9-e82529a30342,Lotta,Lilleycrop,llilleycropo6@angelfire.com,Female
8b1f752b-285c-4142-83ad-fc04ea005f39,Godart,Espasa,gespasao7@dailymail.co.uk,Male
7ee72abc-f3f6-4956-af96-75a63686412b,Dionis,Francey,dfranceyo8@nationalgeographic.com,Female
69334306-b9c2-4159-b9b0-7ad3f10c519e,Joby,Iuorio,jiuorioo9@mit.edu,Female
64d95f5f-eb3c-4799-9ad0-e93de4637403,Eugene,Forsdyke,eforsdykeoa@google.ca,Male
ec5ea0f2-fabb-4ef1-99bb-7935d96965ba,Fedora,De Paoli,fdepaoliob@fda.gov,Female
3c9cf929-02f1-471b-8971-03c507f39767,Ara,Radnage,aradnageoc@bluehost.com,Male
c5202102-525f-4fd2-9f78-74c624f6c27b,Tiertza,Ollett,tollettod@weebly.com,Female
2c55f5cb-771e-468f-ad1e-964cde0fbc7b,Anissa,Whitehair,awhitehairoe@gnu.org,Female
7ba5da92-fe44-4545-9bb2-e02c27273dd0,Sally,McLukie,smclukieof@furl.net,Female
540b7571-5f06-4a68-8836-49fff8ec60fe,Gris,Sanja,gsanjaog@tinyurl.com,Male
c516282d-1a47-4e1b-a3aa-a514f001238d,Scot,Chalker,schalkeroh@alibaba.com,Male
96a2e266-ad26-47b8-87ea-8e4fb1745a1a,Toddy,Tranckle,ttranckleoi@ifeng.com,Male
23a1a14a-952f-442a-830e-3f20911a052a,Onfroi,Polamontayne,opolamontayneoj@google.ru,Male
223f638a-e68d-44c5-ad9a-c641a159ba2a,Gilberta,Baynam,gbaynamok@fc2.com,Female
9bbd92d0-ac1b-49a5-8dee-90d0675f9868,Bertram,Benallack,bbenallackol@cargocollective.com,Male
b58a2f5c-7074-4db7-a8ed-f0fdc95c8302,Jareb,Emmet,jemmetom@cnet.com,Male
c1bf8395-13db-4369-8a92-3301403efdc8,Maurise,Van Zon,mvanzonon@dion.ne.jp,Female
b7fbb25f-8449-4979-9be2-b6c53c65387f,Hobie,Brobeck,hbrobeckoo@tinyurl.com,Male
73cf4cb1-170e-438d-a735-6876ae96afaf,Maxy,McMeekin,mmcmeekinop@sohu.com,Female
138b34a1-f0b4-4e07-9649-585c93a4074f,Kay,Cardno,kcardnooq@soup.io,Female
87b1b899-28c5-425d-b153-99b276c03c57,Silas,Vanyutin,svanyutinor@nifty.com,Polygender
24e7d911-446c-464b-8a93-785963226608,Marne,Lawrenceson,mlawrencesonos@plala.or.jp,Female
95106ad2-c826-43a2-a5b6-568a87a27546,Kent,Sonley,ksonleyot@flickr.com,Male
6cc36f70-c68b-4709-a40d-c2c8ffc811bf,Ainslie,Duffy,aduffyou@japanpost.jp,Female
063de22f-6488-48b3-a549-801492f6336a,Ryley,Airton,rairtonov@wikipedia.org,Male
ccdab4e3-a7de-4f66-a613-c64fa8b8165a,Melisande,Bolderoe,mbolderoeow@zdnet.com,Female
2aecfa04-c49d-4772-a1db-958ce4001c77,Purcell,Elward,pelwardox@omniture.com,Male
7357911d-5557-40be-8fb2-fdb54b9eaaee,Barnard,Willimont,bwillimontoy@adobe.com,Male
e1cc0772-0195-40c9-bad8-a3db79404933,Mordecai,Kinane,mkinaneoz@cargocollective.com,Male
86211d80-7a2f-4832-91ed-242e7b460b9a,Jordain,Killeley,jkilleleyp0@berkeley.edu,Female
88529de7-e947-4503-b8a4-f6936d50edae,Peggi,Averall,paverallp1@reverbnation.com,Female
06fd48ad-e7da-41d6-9a9f-ce7910a8049f,Braden,Roan,broanp2@4shared.com,Male
c5d1c864-1b87-4646-b7dd-5250ec02ee2c,Caesar,Layson,claysonp3@tmall.com,Male
2da8d34d-9c27-4893-be5d-5c21525b10ee,Irvine,Kennifeck,ikennifeckp4@utexas.edu,Male
5f26042f-0431-45cd-b0b5-62ef99abc2b6,Nevil,Leynagh,nleynaghp5@abc.net.au,Polygender
34728dda-40e4-4508-8785-f0bb5d544e2f,Gregorio,Jennemann,gjennemannp6@sitemeter.com,Male
c43ee294-8a70-404f-b38a-8f3aff95fc59,Alena,Fydo,afydop7@marketwatch.com,Female
9b93943d-b30d-485f-b4d8-4199ab79922a,Anallese,Le Prevost,aleprevostp8@wufoo.com,Female
66f4767b-a584-41a1-b393-053c262df47d,Drucie,Chaikovski,dchaikovskip9@hostgator.com,Female
93c945bb-7042-47b6-86b8-15dbdb88fd9a,Willie,Antill,wantillpa@aboutads.info,Bigender
592bc96a-bbf5-408a-93c5-8ce6ad7d4cf4,Leyla,Hatherley,lhatherleypb@newsvine.com,Female
b4c5fdad-ac11-4fd0-8a5f-011a97c3580b,Ethan,Lockyear,elockyearpc@tumblr.com,Agender
f9fc1acc-84ea-4c71-8e6d-ce7134129cb5,Eba,Bartell,ebartellpd@chron.com,Female
b7032303-db11-4fbe-980e-4dc866175a77,Gerti,Oller,gollerpe@live.com,Female
173d2bc3-caef-4111-b12b-1d66c6d452c6,Ado,Vedeniktov,avedeniktovpf@about.me,Male
718991b3-ceae-4890-a96f-f0d76cc468fc,Eldon,Pentony,epentonypg@plala.or.jp,Male
6b8a66db-4f6e-4892-93e6-6d12d7cb6bcb,Tabbitha,Holberry,tholberryph@blogspot.com,Female
2d379434-8c07-4a97-8775-ff8a8589422d,Dorry,Menichillo,dmenichillopi@sfgate.com,Female
f3ed0b9c-dd38-4b4e-b1e9-b807b497f075,Zara,Karby,zkarbypj@stumbleupon.com,Female
355747ff-c4ea-4a9c-bc47-c911b22bdedb,Herb,Benjafield,hbenjafieldpk@blog.com,Male
a1bb01e6-5059-40ae-8e2e-455a58ed2cbe,Irv,Ferrier,iferrierpl@ocn.ne.jp,Male
0447b54a-7231-4d36-949a-db6f978d73e7,Verene,Claire,vclairepm@addthis.com,Female
828c16b6-ab14-48ae-b9b9-fbc1327c4eea,Rochette,Mottini,rmottinipn@earthlink.net,Female
61294730-31ce-45a4-b3e5-98043a59cc5a,Nicolai,Jeaffreson,njeaffresonpo@tinypic.com,Male
d7e07f43-f6b6-4bce-90e1-645f761c62c4,Giles,Broschke,gbroschkepp@si.edu,Male
8c871928-44f7-42e8-8b67-d114c3565517,Jessi,O'Kuddyhy,jokuddyhypq@princeton.edu,Female
e04e0814-30cd-4c48-83e6-044e48846147,Correna,Tunsley,ctunsleypr@scientificamerican.com,Female
669bf750-9ba5-43b1-8160-462558aed878,Milty,Trevance,mtrevanceps@adobe.com,Male
4006f8c9-ae9b-44ea-8afe-503869f2e60a,Suki,Iacapucci,siacapuccipt@state.gov,Female
d5768b95-5d0b-4456-8323-f4f0aab8cca5,Shirlee,Marsden,smarsdenpu@tripadvisor.com,Female
552d74b2-9d06-461b-b856-59a8b754f8e7,Ervin,Thrift,ethriftpv@gmpg.org,Male
ea99ccbd-fe51-4770-baa7-6313c644ad27,Consolata,Sager,csagerpw@mysql.com,Female
6e1b4aa5-e74b-4e18-991b-1dcced79da67,Derron,Antonio,dantoniopx@blogger.com,Male
c6088bbf-daba-4ee6-bf43-22d1cb9b3509,Ewan,Yarrow,eyarrowpy@youtu.be,Male
1fe3bb3c-aadd-4cb2-a777-c5333fe67353,Zara,Ramage,zramagepz@behance.net,Female
5b0c6ac7-cfb3-4cc7-b9d5-351075b0b35b,Guendolen,Oakwood,goakwoodq0@gov.uk,Female
701ca81a-802d-449c-aefb-87f34b53accd,Twila,Haney,thaneyq1@ebay.com,Female
14876971-50a7-49a5-b5f0-4c224473dd05,Teresita,Duckham,tduckhamq2@senate.gov,Female
8d681928-bbd4-4e81-87f6-ac87459d157e,Diarmid,Fawdrey,dfawdreyq3@indiegogo.com,Male
e8db6344-43ad-47c6-b6a6-59c43daf9fec,Celinka,Rettie,crettieq4@yellowpages.com,Genderqueer
bc39dc83-faa6-4987-8eb7-80d7c10f4a97,Abby,Pauel,apauelq5@statcounter.com,Female
cb09ab46-8666-485b-9e10-d9957b0964d4,Lucila,Ovise,loviseq6@usnews.com,Female
c8061e39-3722-4fad-9afd-cb5d5396523a,Thekla,Breitler,tbreitlerq7@google.pl,Female
876b46e1-8f28-43ae-b63e-8bc7517f329f,Alexandro,Van Driel,avandrielq8@digg.com,Male
114913cc-6f83-48fc-82f8-99b455956175,Harlene,Marlor,hmarlorq9@wikia.com,Female
2925e353-c819-454d-a1f5-5dd64695196a,Elsi,Brambill,ebrambillqa@admin.ch,Female
26a59ec5-e4f6-418d-8fb9-cd46cdfecb77,Harlie,Abrahami,habrahamiqb@yahoo.co.jp,Female
de28cc0d-fcb8-46a7-9b52-4566d2e3c0f6,Doe,Firminger,dfirmingerqc@google.cn,Female
a32b55cb-7e51-4a0f-833b-f39a163c3ec3,Axel,Mulhill,amulhillqd@craigslist.org,Male
fd04e5fc-2ac0-4776-84c7-8ffed81ac51d,Evangeline,Clulow,eclulowqe@spotify.com,Female
276c81d2-9e14-4362-abe1-96364a0d81a6,Ragnar,Abrehart,rabrehartqf@nationalgeographic.com,Male
d689ca46-706f-4277-8f78-0a5017d20bf9,Dorita,Mifflin,dmifflinqg@theguardian.com,Female
76ac0221-a65b-4b44-8a5c-ecd31459b209,Indira,Stubbings,istubbingsqh@rambler.ru,Female
603d0007-1f65-4440-9018-94fa886757b4,Crysta,Larder,clarderqi@unicef.org,Female
df789b8e-c413-4e22-acf3-3ff9678e59d3,Weidar,Wedgbrow,wwedgbrowqj@hexun.com,Male
33bbdf8a-757f-4a88-85cd-669fd2de9eed,Kanya,Mant,kmantqk@parallels.com,Non-binary
091488bc-dd0a-4408-b6be-9ea60746e3b6,Annette,Duggen,aduggenql@huffingtonpost.com,Female
1ec319b2-189f-4173-b58a-0635dab07583,Lowell,Saphir,lsaphirqm@istockphoto.com,Male
fe821632-facf-45f5-a67e-3c12e2d0715c,Afton,Hickin,ahickinqn@huffingtonpost.com,Female
aa1761d1-1ad8-4cfc-a786-a4321a41edb9,Omero,Yon,oyonqo@dailymail.co.uk,Male
2d0a8b2d-5444-4a13-bccd-f435390bb884,Barby,Sidebottom,bsidebottomqp@unblog.fr,Female
2ed3af38-6e30-4144-ae64-4bccac5819a2,Antonius,McKiernan,amckiernanqq@360.cn,Male
95c48f25-8dbc-4be9-b46e-182cfdbafeae,Valerie,Swiffin,vswiffinqr@yellowpages.com,Female
1fc29667-848e-4ada-b8c3-a4d00f824013,Bobbee,Jellyman,bjellymanqs@archive.org,Female
b7812907-12c8-4681-aa2f-174fadc981f5,Leilah,Antonognoli,lantonognoliqt@answers.com,Female
be8be27d-cded-4fbf-83f2-1182c79eedbb,Allin,Elbourn,aelbournqu@nyu.edu,Male
4d8bbcc1-de27-4b0d-a11c-358fd3855c44,Abie,Baldassi,abaldassiqv@army.mil,Male
3f280ec6-3e71-4aff-8c0e-c8c2f2bb86ec,Daisey,Duckerin,dduckerinqw@hhs.gov,Female
fc35da22-16e9-4a48-8d37-cb6ddc7c9e63,Olag,Plant,oplantqx@tripadvisor.com,Male
d9f0335b-0bed-473c-ab61-a2a91fda6b3e,Gilbert,Koppe,gkoppeqy@zdnet.com,Male
6625f292-6000-4a10-b882-b9a3e176a5a0,Natalee,Shakshaft,nshakshaftqz@yale.edu,Female
caf7353e-9b3a-41a3-80b1-6c02def8bf3f,Darb,Wagg,dwaggr0@webmd.com,Male
d907361f-e367-4be5-856d-8718d0677896,Dorice,Astie,dastier1@dmoz.org,Female
3a12d483-55fc-4822-ab76-fd68b4fdb201,Ursula,Castelluzzi,ucastelluzzir2@irs.gov,Female
bd26c2d2-42a6-48e6-88b9-0e3187589540,Alejandra,Victory,avictoryr3@skype.com,Female
7607445d-c112-4854-9319-1481ab05c73e,Humfried,Feenan,hfeenanr4@msu.edu,Male
8efcd9d5-4c44-49b8-8893-0733d3328185,Austin,Eite,aeiter5@cloudflare.com,Female
8ce5a98d-d214-4fc0-a35b-9d103bd1e9fe,Cissy,Ruperto,crupertor6@deviantart.com,Female
444965bc-03a7-418e-b351-c76777fb3fc3,Darby,Siddele,dsiddeler7@google.com.hk,Female
aeb04ee0-bcb6-4f56-a746-7f30b2fc416f,Florida,Cron,fcronr8@google.ca,Female
33c9574e-14cb-4840-8838-bd56521168ea,Nevsa,Upham,nuphamr9@skype.com,Female
e0f32515-d3d1-40a7-98bc-eab4326c2332,Hillary,Pendlenton,hpendlentonra@privacy.gov.au,Male
572c84ed-c48a-4cb0-94a7-d3654fa86416,Melodee,Beckhouse,mbeckhouserb@bandcamp.com,Bigender
c40bc87f-c0f5-45b9-8dff-7c58be0b54b9,Andras,Verralls,averrallsrc@senate.gov,Male
2e1fd74a-315c-4b78-8a71-566a59cacc47,Rafaellle,Glyne,rglynerd@hostgator.com,Male
ab2a3c16-7557-4a68-985f-fc05c755c1b9,Ferd,Batchley,fbatchleyre@pbs.org,Male
2c4c4c37-65b7-493a-8e55-a0e32551177e,Ariella,Wikey,awikeyrf@yelp.com,Female
52e4479d-e0fb-45ed-bde6-94bb8f7b91fe,Zebadiah,Dallander,zdallanderrg@sciencedaily.com,Male
b3836ef2-4f07-4a93-b441-7c4232aea12a,Jessika,Cassely,jcasselyrh@toplist.cz,Female
3bb83829-52ab-464f-97a3-89bef3a8f343,Christan,McCudden,cmccuddenri@prweb.com,Female
8aeadb95-c520-4a77-bdba-203020803938,Dionis,Coushe,dcousherj@facebook.com,Female
d2174ed0-dc20-4ee0-8e37-ed3868dde234,Loretta,Lawlan,llawlanrk@arstechnica.com,Female
d68c9305-e181-4837-b76a-585cc2d411bc,Price,Grichukhin,pgrichukhinrl@nsw.gov.au,Male
ec5012dd-b5a4-43c3-aff1-e9f2207cd78f,Geoffry,Kovnot,gkovnotrm@arstechnica.com,Male
cbf6b4ad-bcad-4e28-b341-a59072402f49,Stacie,Dummett,sdummettrn@google.com.hk,Female
ba8f14c9-5e5c-430d-a820-b5fd878c9a81,Tiffanie,Gittens,tgittensro@liveinternet.ru,Genderfluid
83a812de-d628-4867-9a69-1d286a057050,Kevan,Kiera,kkierarp@scribd.com,Male
85fb9589-b40c-4903-99a9-1fbc4a558179,Arlette,Kibbye,akibbyerq@e-recht24.de,Female
643d2ec6-c88b-45e5-9349-132e557908c2,Bud,Janodet,bjanodetrr@archive.org,Male
