id,first_name,last_name,email,gender
1ad49743-dfc2-480d-9ce5-7daf25317315,Milissent,Waterland,mwaterland0@chicagotribune.com,Female
f2edf890-3010-47d7-bba9-d5bb08af8572,Cindra,Cholerton,ccholerton1@foxnews.com,Female
0ef6bc06-ba31-41aa-b2ea-b7cfc8b31608,Glenn,Scarsbrook,gscarsbrook2@comcast.net,Genderfluid
b05d6fd7-ec8a-47d0-a740-0428c867793d,Allistir,Narrie,anarrie3@berkeley.edu,Male
a709d2dc-5115-4a41-8493-0f9789248b49,Trevar,Klaggeman,tklaggeman4@deviantart.com,Male
136c17b0-1072-491f-87de-651252e0fe72,Alon,Corry,acorry5@epa.gov,Male
657ba814-8602-4047-bf7b-403f793c9f07,Gabriellia,Wennington,gwennington6@paypal.com,Female
a6c1f638-cd96-4629-8812-c315c4150007,Agretha,Whear,awhear7@blog.com,Female
32989d29-4cf9-4192-9950-2b1d969903a2,Clywd,Biskupiak,cbiskupiak8@quantcast.com,Male
8650058c-8f30-4cd3-b497-bc6aff189535,Elora,Parratt,eparratt9@bravesites.com,Female
982e1aa1-925a-4ca6-9521-08dd169aba00,Pieter,Rysom,prysoma@eventbrite.com,Genderfluid
02eadd0d-001b-4098-9ef8-bcefa0a4539b,Sorcha,Butterwick,sbutterwickb@github.com,Female
fc452a71-e9ee-45bc-8905-e44b307789ba,Doria,De Vaux,ddevauxc@google.com.au,Female
fbc16267-dcf8-41c4-9ebd-1532c777be9f,Hildagard,Rawcliff,hrawcliffd@parallels.com,Agender
803cfebd-7b48-4fb8-9ae3-e5f00883bcbd,Dame,Frazier,dfraziere@ted.com,Male
a95c704f-9d25-414a-9fc2-425d8d20a9f3,Mirella,Friend,mfriendf@ovh.net,Female
9df23d8a-5bd2-4cbc-87f6-7f801edb9b59,Rosalia,Vigrass,rvigrassg@umn.edu,Polygender
8f3807d3-3a19-44e2-888c-6a1c21362cec,Winonah,Dilston,wdilstonh@twitter.com,Female
a63c5d1e-6083-4950-b733-cbc8bc2399e6,Kirsteni,Horsewood,khorsewoodi@blogspot.com,Female
849439d7-f7d5-4b2f-8efe-13b7578a23e9,Codie,Urridge,curridgej@sun.com,Female
fdee5fb5-50df-4232-a2c2-3ab8dcb1e6e6,Mitchel,Naris,mnarisk@rambler.ru,Male
479b460b-2e54-497c-8daa-5c72f9661cb5,Robinetta,Meriton,rmeritonl@spotify.com,Female
f2e8c4dd-bfc4-4878-ac59-598db1830c2f,Lorrie,Polotti,lpolottim@ted.com,Female
e9e18603-1b9e-4a02-949c-d4cef97be17d,Janetta,Hellwich,jhellwichn@usda.gov,Female
fe51322e-86cb-4edf-8d5d-31e47bcb4020,Genna,Plues,gplueso@w3.org,Female
ade77c35-2ae0-4890-8bff-09fd8668d5ef,Em,Sloyan,esloyanp@msu.edu,Male
65b431d2-ebe7-4d1a-afb9-f5e8ce55a0bf,Bernete,Janas,bjanasq@ox.ac.uk,Female
95c1d5e9-30d1-4c54-a51f-ba7ee5b9b3af,Calypso,Earwicker,cearwickerr@flickr.com,Female
f6f2cce0-2fe8-4c41-948f-7afc47930c07,Odele,Dunmore,odunmores@sourceforge.net,Female
5f884844-4a55-4a0b-8765-74851d1ea7b2,Fairfax,Buncom,fbuncomt@dell.com,Male
c87a329a-583e-4e22-8a10-84aa7b33af7e,Issie,Signe,isigneu@ezinearticles.com,Female
25c073ab-b807-438d-965e-c10c1bf14a04,Anthiathia,Sorrell,asorrellv@github.io,Female
308ff73c-7b71-436d-a3ef-ac51af035744,Anya,Moral,amoralw@delicious.com,Female
54c07c96-30ee-460e-80bf-379f9d668ba1,Powell,Rusling,pruslingx@indiegogo.com,Male
ac1281c4-0548-420e-8eff-137101080896,Frances,McMeyler,fmcmeylery@cargocollective.com,Female
fae078a8-02a9-4bbb-a213-504ccf36a71e,Angelique,Brownsill,abrownsillz@ucsd.edu,Female
c571c07a-7b7e-459e-b152-1f8a0493eaea,Sybille,Blore,sblore10@icq.com,Female
65bbd417-6595-4565-bc5f-3e6da436ded8,Ezmeralda,Pallas,epallas11@latimes.com,Female
38189737-dd18-4dd6-861a-b07120bcd330,Natalina,Kember,nkember12@networksolutions.com,Female
f9fd248b-741b-476d-9578-1036f9bee0a1,Colman,Calendar,ccalendar13@cornell.edu,Male
ea783b40-3931-4d86-9786-a91ac103d6b5,Brenden,Wafer,bwafer14@trellian.com,Male
8fdf35f5-673d-4d7d-b6aa-d5b2714b9889,Saudra,Sywell,ssywell15@springer.com,Female
e9c22461-67c3-4abc-abeb-f423e59a707d,Maynord,Ashment,mashment16@github.io,Male
97657438-dc0b-4c2d-8458-805c44646b6d,Eugenius,Richardes,erichardes17@comcast.net,Male
210ddf84-f394-4d87-9860-bfc1d38524a4,Madonna,Sandyfirth,msandyfirth18@mail.ru,Female
094d1877-04ee-46dc-836a-d33840d5652c,Engracia,Blenkin,eblenkin19@umn.edu,Female
ad167543-e957-4809-9817-55f5a0b60b63,Lauretta,Harken,lharken1a@ask.com,Female
07c7b1d9-063b-41e3-a995-8fff6c8a5d98,Preston,Mouth,pmouth1b@oracle.com,Male
601891c1-8a26-49c5-a34d-50c980147b9e,Mitchael,Seviour,mseviour1c@scribd.com,Male
c8bf2181-4d0f-4451-98b4-119b8dce827b,Rriocard,Essame,ressame1d@theatlantic.com,Male
aa20f5be-8fcd-4539-91bb-1700a0c50f6b,Simeon,Billie,sbillie1e@t.co,Male
d5b991e3-a31b-4ddd-8627-8bcc7d1c5615,Mordecai,Brane,mbrane1f@is.gd,Male
bd61834e-0f0c-4f94-bc44-e80a0edf9468,Iggy,Niccolls,iniccolls1g@adobe.com,Agender
42678fe1-0a7e-44ad-aa81-8c7ba81fc0a5,Clyve,Edgars,cedgars1h@vk.com,Male
00b495e0-82aa-412d-bc2d-a8453174cf6a,Ddene,Josland,djosland1i@bandcamp.com,Female
e8b252a0-083d-4b95-b925-d60dfdee699c,Clevey,Scahill,cscahill1j@google.it,Male
77f8531a-5a21-4a49-882a-34e76de9233a,Basil,Middell,bmiddell1k@shop-pro.jp,Male
7da8c694-68a8-45e9-9fc5-85308e5e0540,Kirby,Lyford,klyford1l@ca.gov,Female
3643a440-3012-43b0-9711-1693f19497cb,Em,Templar,etemplar1m@nature.com,Male
e3e34b6b-55f5-47a0-8a12-699de3134a86,Nelie,Soutter,nsoutter1n@liveinternet.ru,Female
a8319dcc-e409-4849-bb8c-a2970a0de151,Vannie,Bohman,vbohman1o@businessweek.com,Female
7567ff77-0812-466a-8093-5b2b603cde54,Doralin,Christene,dchristene1p@sakura.ne.jp,Female
335f2556-bf9c-464d-aa4b-2cfe7444ec5f,Millicent,Banbrick,mbanbrick1q@goo.ne.jp,Female
5cd90223-d68e-439f-8288-b3727920c7b7,Risa,Putnam,rputnam1r@adobe.com,Female
b0c83ac1-84e3-4df9-b501-d77b691dcd45,Gothart,Helian,ghelian1s@goo.gl,Male
452e7636-fed3-422a-b045-1e03451f41fc,Torrance,Runcieman,truncieman1t@amazon.com,Male
e14fbb97-6bb7-4253-9ae5-803cb08048b8,Fiorenze,Flewan,fflewan1u@desdev.cn,Female
986dc117-42eb-4e27-a643-d021b1c396f3,Lewes,Benoey,lbenoey1v@sourceforge.net,Male
2deb654d-9084-4d08-b5b7-45b931132186,Ingunna,Castagna,icastagna1w@prnewswire.com,Female
08df7d3f-c8e9-45e3-a702-2e0e4b09f2d4,Kipper,Filipiak,kfilipiak1x@mashable.com,Male
6d199023-565d-434b-9d84-fcaa398f2fc2,Harmonia,Yalden,hyalden1y@springer.com,Female
36a8f28e-a039-4222-b313-83153772755f,Lauree,Bellanger,lbellanger1z@seattletimes.com,Female
768ac477-3772-4cf1-82b4-5348cd725222,Nil,Bodd,nbodd20@sakura.ne.jp,Male
5ef18f4d-fe98-4de9-9910-cdd9941c996f,Waylin,Larking,wlarking21@about.me,Male
600f85e9-b17f-4a99-910e-eee89f0fa36b,Graham,Chaytor,gchaytor22@paginegialle.it,Male
e6eb2c3d-66cc-467c-8383-9b8a9f3ec5a4,Marve,Teml,mteml23@ca.gov,Male
7d450984-5eba-4feb-bb6e-954e6ab81faf,Tish,Dufaur,tdufaur24@netlog.com,Female
08a3f6db-8937-4c6b-8e42-20b9311f2ef3,Frannie,O'Codihie,focodihie25@adobe.com,Genderqueer
a3331d91-c851-4570-b849-570ccd0ec35a,Franklyn,Papaminas,fpapaminas26@blinklist.com,Male
035f2a75-17ae-4c84-8259-6265c4aac527,Amberly,Grimsdyke,agrimsdyke27@twitpic.com,Polygender
3028fd62-9e5b-409f-aa64-d4ad6f83fbed,Lester,Schlagh,lschlagh28@amazon.de,Male
b292c49a-a2bd-40ac-b72c-df066e37f66a,Shauna,Rigard,srigard29@cnet.com,Female
91265b3b-69cf-4d65-bf2b-0d07aa1473e3,Scarface,Ivanyukov,sivanyukov2a@parallels.com,Male
068d9178-1b5c-42b4-a2b1-b32bbf3ffbfa,Ivar,Barenskie,ibarenskie2b@washingtonpost.com,Male
0b0f6014-7c24-4db5-b53e-0a73d8107698,Cash,Storms,cstorms2c@opera.com,Male
d6ecc1f7-a1f0-43d8-b043-2ee5ae93c431,Ysabel,Kernaghan,ykernaghan2d@spiegel.de,Female
d12009a0-ce18-4e87-a640-1cafba876502,Karalee,Sancho,ksancho2e@desdev.cn,Bigender
9e9e3d66-a68d-44f8-a3db-75783f34a838,Judah,Van Leijs,jvanleijs2f@sakura.ne.jp,Male
2bd0d1ea-22aa-431c-9cef-ed8726323f6c,Loria,Brownsell,lbrownsell2g@over-blog.com,Female
1cefcc93-41df-4bb3-a9e2-c0a4c766d13e,Wenona,Macken,wmacken2h@businessweek.com,Female
52701836-a568-475a-8ada-63cce591c637,Gwenny,Tolcharde,gtolcharde2i@xrea.com,Female
fc7c9fd5-7905-41e6-9b84-d2ac703954ef,Tabby,McGeraghty,tmcgeraghty2j@hao123.com,Male
6278e8cf-fbf5-481b-85af-ba462b390b6c,Arel,Brokenshaw,abrokenshaw2k@freewebs.com,Male
1e2a06db-1a2f-4692-bb79-6207f7450b31,Malinda,Juden,mjuden2l@deliciousdays.com,Female
338a4571-6c98-41b1-9801-77143ed03047,Hailee,Maggill'Andreis,hmaggillandreis2m@cnbc.com,Female
d49ffc05-54a8-4b7c-b0ce-145d6291a44f,Norby,Sheekey,nsheekey2n@devhub.com,Agender
c0d61b60-988c-49e9-ad0a-345bca55c15d,Hana,Vass,hvass2o@howstuffworks.com,Female
a4ba5914-a3ec-4449-88bf-cfe4a8becca3,Minnnie,Alves,malves2p@noaa.gov,Female
96382f8f-278a-40e6-a375-292aa17e7a7c,Renaldo,Broddle,rbroddle2q@tinypic.com,Male
b9240801-2834-4cc7-9924-28e6e7a6a654,Karrie,McLemon,kmclemon2r@etsy.com,Female
c0a35a8a-2646-4d28-894a-28e472c5658c,Fanya,Welham,fwelham2s@wufoo.com,Female
2a8d6b99-0d82-4b25-9992-036f8d5023d3,Grazia,Sharville,gsharville2t@disqus.com,Female
ea6e9d39-a2db-4de8-aaf0-7d2f08f44dd7,Lorette,Mitchener,lmitchener2u@amazon.de,Female
b62e26e9-a823-4de9-88f3-cbb042615225,Krishna,Aldcorne,kaldcorne2v@cisco.com,Male
4ba121c1-4502-46b5-83bd-47cb1638c32b,Yancey,Merriton,ymerriton2w@opensource.org,Non-binary
7b8385e0-a7bd-4933-9632-b5bd1c87f4ad,Rodi,Gaspero,rgaspero2x@alexa.com,Female
139b2c2e-4a89-4ba4-972a-0a9679ec8536,Sanderson,Guntrip,sguntrip2y@psu.edu,Male
e75f6c40-dd5b-49e8-9a57-3e84a0c78fa8,Gayleen,Hitcham,ghitcham2z@oaic.gov.au,Female
95c3f8e4-b98c-43c3-97c9-77963c61b6a6,Garland,Leadbetter,gleadbetter30@wufoo.com,Female
9566198a-5393-4093-b456-9ad5385da222,Marcie,Ahern,mahern31@gnu.org,Female
5c475dfc-bad3-4d59-9a8e-e2de7b6f3e3a,Val,Paynton,vpaynton32@shinystat.com,Male
a0258cf9-a1bf-4345-aaa4-70c87c8bc79c,Ethelred,Muat,emuat33@constantcontact.com,Male
4f46128e-6c29-4cb9-b63b-23208d3630e8,Catharine,Ginty,cginty34@seesaa.net,Female
c0349ca3-21a3-4227-aef0-6b978861e440,Hinze,Doudny,hdoudny35@macromedia.com,Male
dfe0a665-0a95-4c25-807b-4938823f5867,Lisha,Reade,lreade36@elpais.com,Female
f108f331-23d3-4ae3-bd59-5ccd7fdabcdf,Darby,Mathiassen,dmathiassen37@irs.gov,Male
08e2294a-c2e4-4bac-8e50-4ed66f3e8629,Delila,Castangia,dcastangia38@bing.com,Female
955fd9d4-0181-406f-83d2-2b811ca05013,Donall,Whild,dwhild39@unblog.fr,Male
7bbc91b0-7bc8-4e17-b947-06d5e96497ba,Griffin,Okker,gokker3a@state.gov,Male
56dd4e8c-a742-4203-a9eb-565b86565fa3,Ermina,Farncomb,efarncomb3b@mozilla.com,Genderqueer
4b084d18-a551-47cd-a40f-a791f7dea1cb,Stephenie,Pisco,spisco3c@dailymail.co.uk,Female
9348f8aa-1ee6-4fb1-9ae8-a78ba6ae5e26,Fanchon,Covey,fcovey3d@archive.org,Female
f24b8718-6b21-4da1-94e3-af432df50ecd,Buddie,Yanin,byanin3e@studiopress.com,Male
3a1118f3-77fc-4cf7-ada1-347eb31dea7a,Allina,Gonsalvo,agonsalvo3f@wordpress.org,Female
e09c1817-5b0c-4932-9b63-221783e16891,Briney,Finnemore,bfinnemore3g@4shared.com,Agender
e28b3d2a-7cf6-4dea-8d9e-b2144ca504b4,Zacherie,Renihan,zrenihan3h@cnet.com,Male
9abd6aeb-fa97-44c8-88be-c84bcd27e3bd,Clerissa,Montgomery,cmontgomery3i@diigo.com,Female
2a4b65e3-12c8-43b7-861d-0bfba895a623,Katrinka,Schelle,kschelle3j@posterous.com,Female
af6897c8-69c8-43f1-bdcc-ee8835d0bea0,Rheba,McElhinney,rmcelhinney3k@adobe.com,Female
8c68a7cb-a1dd-4e6e-a292-1ee94b418c08,Lothaire,Mossbee,lmossbee3l@a8.net,Male
ec96e88c-cf37-4f0d-b280-1f51d0ce6c81,Antoinette,Campany,acampany3m@a8.net,Female
c4a5acb7-af3e-4a4b-8b85-b5dd9a3b4d4e,Lock,Thorley,lthorley3n@123-reg.co.uk,Male
6ead1679-a973-4f76-a7e4-40e6b1cb9454,Corena,Hub,chub3o@usa.gov,Female
cc17c3fe-5e10-45de-88c3-d7d76e9be623,Reed,Hully,rhully3p@about.com,Genderqueer
903e4abc-ed39-4e7c-9b2d-99166592d769,Gaelan,Mullaney,gmullaney3q@mediafire.com,Male
6e79ca0c-1be0-47e9-8e16-7bbb9afc15ad,Pepillo,Petrillo,ppetrillo3r@goodreads.com,Male
dacb430e-2e4b-4ffd-a72b-e366b8dace7b,Tallie,Liepmann,tliepmann3s@acquirethisname.com,Female
18688c59-35bb-4a23-ae0d-c2ea1d9d349f,Percival,Harriday,pharriday3t@artisteer.com,Male
41097adb-dd80-455f-9799-b04c1e243715,Cheri,Spensley,cspensley3u@shareasale.com,Female
d8fb060e-c3a4-45c4-b121-be898f5d6964,Eleen,Fanstone,efanstone3v@utexas.edu,Female
07d5b38e-826b-4a6a-921d-4652d05f3e21,Gus,Kilroy,gkilroy3w@netlog.com,Male
b4b84940-a3b3-43d0-89b4-6611d3395ff4,Mabelle,Eddy,meddy3x@newsvine.com,Female
2f4fa80a-49a4-49d6-8045-81879d5659ad,Candis,Beattie,cbeattie3y@typepad.com,Female
b700dd25-9657-41d9-91eb-a5c51c38b819,Cinda,Friar,cfriar3z@ebay.com,Female
4be2b569-c332-4d16-9cb9-0341528371fc,Dela,Jorge,djorge40@wordpress.org,Female
9dfd7b2b-2b59-48ae-914d-8ac39648d2b3,Vivienne,Mauro,vmauro41@jigsy.com,Female
1c5c2038-0b60-4c29-b141-855c2f2a80d2,Ericka,Peres,eperes42@economist.com,Female
880c08d1-2438-4452-9f26-800d1eba8fff,Nelle,Wasling,nwasling43@booking.com,Female
f4d0c9ae-a2f7-4875-98f3-1c159737acc9,Sheryl,Gaylord,sgaylord44@tripod.com,Female
bcb2b5f6-3c74-48f8-a650-11264005e38d,Korella,Klempke,kklempke45@google.co.uk,Genderfluid
5467cb67-8fe8-4843-8215-1bb347068a8a,Morley,Sivier,msivier46@house.gov,Male
5c406900-d3bb-4a8e-b932-c0cd30ecb07a,Lee,Clarricoates,lclarricoates47@archive.org,Male
69a6bf24-5786-4a89-886b-6f8a9d74c464,Lucho,Gilks,lgilks48@fda.gov,Polygender
8de1491d-4f21-4b56-a4dd-5b918f3f7011,Somerset,Philippson,sphilippson49@icio.us,Male
031e912a-713a-4204-b1aa-33d0f5c2e7a5,Everett,Toplin,etoplin4a@admin.ch,Male
a0609a0a-28be-438f-9f88-d300a880df42,Lonnie,Gemelli,lgemelli4b@jiathis.com,Male
e30ab155-d5f4-48ed-88c6-b76215f311af,Bourke,O'Calleran,bocalleran4c@nature.com,Male
86e84efd-c9b5-4738-be79-4bce3049b0bf,Nonie,Poznanski,npoznanski4d@networkadvertising.org,Genderfluid
79b09737-c881-420c-83ca-cd7e8fa779d7,William,Meineking,wmeineking4e@kickstarter.com,Male
775815af-9077-4c35-b2fa-a04b8adbc668,Feliks,Hurle,fhurle4f@yellowpages.com,Male
7d389522-4933-4f85-822e-7b69931e58af,Joachim,Ledram,jledram4g@harvard.edu,Male
284d6efd-7a37-4b0c-984f-70a9d4509720,Francis,Giuron,fgiuron4h@weather.com,Male
4b461f6e-4b15-4849-af12-37bf9e7ea9ac,Morgana,Wedlake,mwedlake4i@elegantthemes.com,Female
5c14140f-d30d-4700-905b-d624421e68a0,Earl,MacGillavery,emacgillavery4j@creativecommons.org,Male
fd2db704-7e05-4dea-9ce6-568b2237aebc,Tessi,Kendell,tkendell4k@goo.ne.jp,Female
671cd52f-bcf3-4ccc-b752-a46a74813b57,Duke,Aberkirder,daberkirder4l@nifty.com,Male
220d4554-2c29-4afe-a7ef-84e62ed208c7,Shanan,Vaudin,svaudin4m@pinterest.com,Male
110748dd-c006-40ab-8a7a-b2422f7f6022,Deirdre,Lagne,dlagne4n@sun.com,Female
a4dfba59-5b6b-4a86-96a0-ae042ae39df7,Ingaberg,Ivanichev,iivanichev4o@acquirethisname.com,Female
7e8d54e7-08ef-4635-a40a-535f64b3926f,Clement,Wilbraham,cwilbraham4p@hao123.com,Male
74f15d13-cbdb-4430-940e-c792dd583064,Wileen,Bodechon,wbodechon4q@bluehost.com,Female
9be909e8-99c6-4703-88a9-62da619d0367,Chev,Stodd,cstodd4r@drupal.org,Male
c27e0599-14d0-4d0f-a230-021662a33b16,Nevins,Antoniottii,nantoniottii4s@webnode.com,Male
88bb2407-8d85-482f-ae65-2f4798ce0a2a,Zeke,Cristofaro,zcristofaro4t@joomla.org,Male
cf112291-f273-4f3f-a1bc-92768a350b6e,Arman,Parkins,aparkins4u@foxnews.com,Male
2747dd32-2141-4b55-838a-e0f6980f428b,Issi,Carnachen,icarnachen4v@moonfruit.com,Female
c1d6a337-a73a-44f5-88f8-3f98749b8171,Vanny,MacFaul,vmacfaul4w@vk.com,Female
eb62a09d-e42f-4583-9211-b0fae447f90a,Sal,Leversha,sleversha4x@bloomberg.com,Female
29728bea-c97a-43eb-92bf-d01038649af6,Ophelie,Ronnay,oronnay4y@thetimes.co.uk,Female
47fa3011-c9b6-4914-aa0b-d5f2de3ccdae,Brendis,Ranfield,branfield4z@ehow.com,Male
79564d61-3588-4e48-9478-aaf85ee2a1c3,Sephira,Luddy,sluddy50@ning.com,Female
4e2f6ec9-4df4-49f6-b2e8-6d676c8d73c6,Haskell,Labroue,hlabroue51@aol.com,Male
59483652-33bd-4b0b-9f5a-f4220e418b60,Nikos,Nibley,nnibley52@mac.com,Male
ec9c6911-3cf0-439c-835d-396fa5e6d182,Niles,Bench,nbench53@list-manage.com,Male
4b3340aa-69ba-4601-ab3a-c19f0bc13735,Aurora,Bettington,abettington54@xing.com,Female
7823acb5-e642-4f33-ad83-3b407467e3da,Mason,Mosley,mmosley55@networkadvertising.org,Male
405f56f4-67ac-4276-bea3-cbc4d80c54a5,Malchy,Bremeyer,mbremeyer56@artisteer.com,Male
26f1e427-fdaf-472e-9c37-0748ba439b26,Liane,Brame,lbrame57@forbes.com,Female
e9fee8e9-1b0c-45bf-9b0f-e4fdb758c3f3,Lavena,Dictus,ldictus58@blogs.com,Female
1ff6c29c-aca8-4eef-985a-0289ff6d9f32,Gaile,Yurov,gyurov59@edublogs.org,Male
9e9eb7fd-2f07-4e05-a817-bf712b4162d7,Cosme,Anthill,canthill5a@artisteer.com,Male
9ee36ff0-9f2d-478f-a1de-35bbbb53069b,Nathanial,Guidotti,nguidotti5b@tumblr.com,Male
b317fb14-4382-4ab0-82b7-e262323b4779,Tristan,Christofor,tchristofor5c@timesonline.co.uk,Male
0531f457-c785-4df3-8d2a-6b87b7fd1a06,Linda,Rozea,lrozea5d@blog.com,Female
a0ffbb27-1ecc-406f-baf1-89a24262358a,Gunner,Plewes,gplewes5e@cocolog-nifty.com,Male
8c8ed3ba-5e32-4c75-b6c6-163c4d20255e,Yolane,Joint,yjoint5f@dell.com,Female
4ead41f9-b46a-40d2-989e-0f7e5cfeac48,Danell,Ivanishin,divanishin5g@icq.com,Female
1d07558f-1034-4417-8c8c-afb73a2acddc,Minor,Cohr,mcohr5h@businessweek.com,Male
857e08c7-c75f-4814-b47c-073eddc32a02,Pooh,Scolland,pscolland5i@howstuffworks.com,Male
d99f9322-a3e9-45fa-915d-534a3b0479fa,Ole,Kivell,okivell5j@icq.com,Bigender
28d005e9-17dd-47f9-9011-273d769b7def,Ted,Sein,tsein5k@businessinsider.com,Female
bb73e934-d839-4f02-894c-8307f1517648,Simone,Ellen,sellen5l@php.net,Female
59742dfe-72f5-449e-9e46-92660fff6554,Alexis,Bater,abater5m@bbc.co.uk,Female
1e5a2520-41f9-4616-b081-04b02a531e2f,Ginelle,Prosch,gprosch5n@ovh.net,Bigender
c35b663a-a736-4f8c-9871-867064ffc8d7,Goldia,Jizhaki,gjizhaki5o@wikipedia.org,Female
20476142-0188-45a4-bf57-42fe3a427f35,Dominique,Cushworth,dcushworth5p@storify.com,Male
b077e1a7-3833-4e37-8970-8f6a93d7539e,Dorise,Ranahan,dranahan5q@paypal.com,Female
1d895142-343d-4d00-a8f2-4a852fa94d73,Nisse,Milborn,nmilborn5r@dyndns.org,Female
df74a10b-dd10-40f8-9ddc-979fe0ecab98,Jeffy,Hands,jhands5s@alexa.com,Male
04e6e7db-9629-49c1-8fb8-c46c6abc40d1,Melantha,Latch,mlatch5t@google.ca,Female
bdc341ad-0f5a-404b-a0be-cff49e8bbaa1,Tobe,Vinick,tvinick5u@ucla.edu,Male
fa7428e5-7102-43f4-90e1-22459b85fe14,Xerxes,Zorzini,xzorzini5v@stumbleupon.com,Male
6d7abfc6-111e-435e-8070-69df624c9d4a,Claiborne,Heustace,cheustace5w@google.com.br,Genderqueer
f958d24b-f6ab-4be2-9c28-72625b4eb87b,Chiquita,Maruska,cmaruska5x@rediff.com,Female
8980ee22-1ca7-48b7-b614-488fc71b5a2d,Janel,Kimbrough,jkimbrough5y@alibaba.com,Female
029ce1d5-a138-4f2e-b675-87c69984d49d,Delinda,Scrowton,dscrowton5z@jigsy.com,Female
41218c25-e294-418a-9f1b-5dfbb7a1f0be,Hy,Bardey,hbardey60@cafepress.com,Male
c4db929c-2445-41d7-880b-350b40a70c91,Eleonora,Baunton,ebaunton61@infoseek.co.jp,Female
53cf2987-63a6-43c5-8773-19d37f5ef084,Ethelbert,Werlock,ewerlock62@mlb.com,Male
e5c5b648-9be9-4cd7-8a09-ec671fe6c2a2,Vladamir,Dunford,vdunford63@blogs.com,Male
3769aae6-b393-4891-8686-5dee146a2d2e,Barthel,Bloodworth,bbloodworth64@mit.edu,Male
939f4ab5-8071-496d-bb32-4c775854dfb6,Fergus,Duxfield,fduxfield65@imdb.com,Male
8abaff72-3cc6-48a6-a096-b558582e68f2,Carmita,Heeron,cheeron66@google.ru,Female
d5c9b453-b06b-40ef-970b-15a7b3e1dc30,Sapphira,Morling,smorling67@usatoday.com,Female
8f22f5ba-8880-48d6-b4b9-c97d5ba5e6fe,Donny,Tamburo,dtamburo68@independent.co.uk,Male
b3c2c57a-2997-4e9f-a295-6431594f6fab,Tori,Clench,tclench69@eventbrite.com,Female
3b80b2a7-5a1f-4ba3-9052-ef087cd8b821,Garwin,Aish,gaish6a@bloomberg.com,Male
3bca1818-0765-4106-ba3c-e78402e94297,Paula,Studman,pstudman6b@bigcartel.com,Female
15af8f2c-a9a8-4bfa-bd22-40f91fd0e3f1,Orland,Jakoubek,ojakoubek6c@desdev.cn,Male
da363be4-50dd-4a3a-b098-3d8dd493f1ab,Micah,Dionisii,mdionisii6d@infoseek.co.jp,Polygender
6346bd96-de5c-45a3-9611-a1d60f98b50d,Esme,Kulic,ekulic6e@wp.com,Male
447f9f60-d1c6-4a8c-b1a8-a89ee28ea07d,Philippe,Struss,pstruss6f@oakley.com,Female
3c869619-b5fe-47d5-8e0d-5cb4825d478e,Louise,Parsley,lparsley6g@oakley.com,Female
7a453383-6bfe-4dd8-bd8c-6ad084309585,Brew,Boich,bboich6h@senate.gov,Agender
28031304-461c-4c5f-9ede-5e42bad11319,Reyna,Paulazzi,rpaulazzi6i@xrea.com,Female
d96a3c5d-a79f-4e06-a569-771685d7bbcb,Eleni,Jonas,ejonas6j@wufoo.com,Female
2a325673-7c1b-49be-95e8-185a85aa56ba,Carmelita,Philpot,cphilpot6k@bravesites.com,Female
8edab8fd-b7ff-423b-85be-1ab3d9e4ba2e,Jarred,Ollive,jollive6l@bloglines.com,Male
acb7b6ce-e080-442c-9580-879e66760cad,Kristofer,Merali,kmerali6m@illinois.edu,Male
0d7cec1a-3af8-4b50-9762-3b4e3624ac74,Ned,Cordeux,ncordeux6n@marketwatch.com,Male
f52842f2-e2aa-4a51-bf88-4a04c4a8e77f,Joell,McCarron,jmccarron6o@prnewswire.com,Genderqueer
8d1f2e8b-7dfa-4d3b-afba-212561e5dec6,Pamella,Lovewell,plovewell6p@ox.ac.uk,Female
5597ea43-c98a-4548-93a7-6343b24b54b9,Ashlee,Gannan,agannan6q@lulu.com,Female
82a4cae0-ac5c-4bc2-a57f-70006d839c66,Fae,Kleinschmidt,fkleinschmidt6r@sciencedirect.com,Female
c4fbd95d-7837-4e59-82aa-57fc8a9c4c6e,Mellisa,Fancutt,mfancutt6s@mozilla.org,Female
0abec083-8b19-4870-8ea6-eab4a5e7d002,Birdie,Krochmann,bkrochmann6t@skyrock.com,Female
8638bf24-6ddc-4c60-800f-4378a6c7cc3b,Kiley,Rowbotham,krowbotham6u@google.de,Polygender
1afb7840-6788-4233-9c29-b58a3f258055,Chaddy,Kezar,ckezar6v@yellowpages.com,Male
191c1f41-8172-4ffe-8dc7-595a44593502,Glendon,Hanhart,ghanhart6w@si.edu,Male
2ae5934a-7532-4c55-88fa-c09d52dbf463,Rutherford,Dooland,rdooland6x@soundcloud.com,Male
2372fc83-9b12-4fdd-a6bb-9d004647585a,Griffie,Misselbrook,gmisselbrook6y@latimes.com,Male
0d671392-94f5-4b22-9b4a-f66da8ad1935,Denny,McKomb,dmckomb6z@fastcompany.com,Female
5b4fd060-fb8f-4d79-9ce2-6c19ee09bcf7,Ester,Losseljong,elosseljong70@ed.gov,Female
77ec90a1-1ce6-4b21-9f09-e15b4745c021,Teena,Hosier,thosier71@tripod.com,Female
ee1452f1-4d0f-40ce-bdcf-bed2c36a8ce0,Tresa,Ridgeway,tridgeway72@prweb.com,Female
2c620bd6-d769-470e-99e7-6cd78354e3f4,Jacky,Denziloe,jdenziloe73@senate.gov,Male
ce957ebb-32cb-4a1a-8503-f438a4ae2382,Bryana,Mourton,bmourton74@exblog.jp,Female
f52669cf-8a06-4a8d-9b01-d34a85a99db4,Astra,O'Currine,aocurrine75@dropbox.com,Female
20fe1ca1-ece0-437c-993a-df3057ee8217,Sapphire,Hulse,shulse76@wsj.com,Agender
fac9f780-5371-442e-a2ce-996aa8119dd5,Emyle,Dykins,edykins77@sun.com,Female
a11cba81-e3a5-45f4-a060-b1b8d5c42c05,Hollie,Imm,himm78@slashdot.org,Female
aa917abf-9a4b-4d4d-8c15-b7a5f23c6caa,Kerstin,Arrol,karrol79@fda.gov,Polygender
cc2f0f32-55df-4b54-9214-31e375882d23,Edan,Brugman,ebrugman7a@europa.eu,Male
561bd135-60fa-47d2-9db3-3c8dae919401,Jana,Jankin,jjankin7b@com.com,Female
109b2ffe-f46f-411d-bbab-9a810f929781,Clywd,Bridgewater,cbridgewater7c@surveymonkey.com,Genderfluid
53871167-dd03-4d30-85b9-e3fee80fb46d,Hermia,Dwine,hdwine7d@discovery.com,Female
6d716b48-4e9e-4ef2-8ae7-50a551075d0d,Cord,Heskey,cheskey7e@acquirethisname.com,Male
8d8a32f1-20df-4b32-abd2-92e1af4a8ad3,Arvin,Craise,acraise7f@sun.com,Male
462ecb6a-c4b2-4efd-9095-5dfbe7596bf2,Delmar,Davydoch,ddavydoch7g@ehow.com,Male
6197bc71-9301-472c-8ec2-d928da1a79f2,Rosette,Konneke,rkonneke7h@independent.co.uk,Female
ce1f7cb5-d4bf-4ed1-a75b-454ed754240f,Isabel,Josh,ijosh7i@arizona.edu,Female
66ee18f1-4855-4c44-b8f9-0b679cc91116,Westley,Talby,wtalby7j@so-net.ne.jp,Male
aef1522c-e36d-4c76-b8bc-3d256168c87c,Fritz,Gladhill,fgladhill7k@sciencedirect.com,Male
8efab6c0-85ae-4f9c-ba80-65d6dfec342c,Ros,Lusted,rlusted7l@seattletimes.com,Female
06dfc36c-7303-4cf3-ac43-692e5018483c,Thia,Maffei,tmaffei7m@weebly.com,Female
d487af74-480d-4f33-8e8e-2378b5da1a68,Daria,Baptie,dbaptie7n@seattletimes.com,Polygender
ed1f7072-3bdd-4c8c-b374-8a2badb5ae25,Angie,Enochsson,aenochsson7o@nytimes.com,Female
01f98f36-7182-43b3-a886-91e15a54484e,Rodge,Quaif,rquaif7p@examiner.com,Male
9855f662-98b9-45cd-89fc-dd0e14d57cc3,Demetri,Gotliffe,dgotliffe7q@disqus.com,Male
9f33921f-dd16-4c2c-8540-3badbd3fbcbd,Yelena,Troubridge,ytroubridge7r@eventbrite.com,Female
9dbe2ad3-f65b-4770-9a25-07c366ebace5,Shaina,Blazevic,sblazevic7s@yolasite.com,Female
4f2f5085-2266-4082-b466-b3f3aa83d2cd,Ax,Eyles,aeyles7t@yale.edu,Genderfluid
242b69c7-87d8-4411-be3a-fc6eb8e7c47d,Quintina,Gareisr,qgareisr7u@mashable.com,Female
0a4cc4dc-7763-4b4b-b865-47b31f1d2da8,Marlene,Midner,mmidner7v@bandcamp.com,Female
831be164-1c9f-4681-b1f0-f6800b94797d,Leroy,Voak,lvoak7w@nasa.gov,Polygender
6d2ef65e-9d97-4239-acaf-acb08aeaa187,Grady,Holworth,gholworth7x@gizmodo.com,Male
edfd2015-bcdd-4a09-83bd-7b21c9f1e435,Alexia,Linge,alinge7y@indiatimes.com,Female
797ad097-647a-42fc-8ff0-c75de391b7d9,Emilie,Lindenfeld,elindenfeld7z@abc.net.au,Female
9e0d5052-76dd-4f17-8943-a9dc44d09986,Alexandre,Leguey,aleguey80@gizmodo.com,Male
fe282ee7-e0ba-4656-86ee-8e520d8a9691,Andrey,Ibbitson,aibbitson81@cam.ac.uk,Male
351b74d2-f54e-4cb9-aab4-eee1650c8027,Clyde,Lay,clay82@nih.gov,Male
9e13ba54-8eb3-421d-8dba-59ef9d1fc720,Rancell,Reville,rreville83@rakuten.co.jp,Male
b5043e99-7df5-4176-90a1-d85563793ccc,Nigel,Kingsley,nkingsley84@eventbrite.com,Male
f7bc98d1-5e18-43ba-8ddb-95d88e82fa5e,Eugenius,Giovanizio,egiovanizio85@wikispaces.com,Male
c2e7cceb-f028-4aca-b581-7cb2c1b4cda9,Chrisse,Wardingley,cwardingley86@hc360.com,Male
09776023-3ae3-400a-bb21-093832d863a3,Shayna,Neissen,sneissen87@phpbb.com,Genderfluid
6f309c1c-3cdc-4bdb-9cfd-cad33046e5c8,Adore,Khoter,akhoter88@theatlantic.com,Female
3fb728e8-9850-4fe8-a1dd-51def063e01e,Hanan,Baggot,hbaggot89@foxnews.com,Male
296e71c5-c963-4db7-9d18-fa895758d0cc,Kirk,Beddoes,kbeddoes8a@foxnews.com,Male
07ddec41-d77b-444a-b1e3-14fbb6815ca4,Fianna,Carrol,fcarrol8b@smh.com.au,Female
79a5a80a-199f-40e2-aeb5-96ddcd6d86f7,Bertie,Veltman,bveltman8c@guardian.co.uk,Male
80bde499-4981-4f0c-aa15-072bc19284af,Jessica,Ourtic,jourtic8d@usa.gov,Female
2d02f1b1-ea39-4481-983a-15f096c96549,Carlie,Durnall,cdurnall8e@canalblog.com,Male
d61c694d-d46e-4b3a-b2e7-216163d6ccc0,Berni,Nyssen,bnyssen8f@zimbio.com,Agender
c5b390b7-3b28-4973-a8fc-7c7bd5cd4057,Tiffanie,Blannin,tblannin8g@sogou.com,Female
85ea22ad-da8a-4094-b417-c0e84a7c9e24,Gusella,Dennidge,gdennidge8h@netscape.com,Female
e475ff4c-3ca0-4c37-a257-fb8769e095a0,Boniface,Milvarnie,bmilvarnie8i@shop-pro.jp,Male
0e869075-a1d3-4daf-b5d1-e48f3f9e8ec4,Cher,Hedling,chedling8j@wikia.com,Female
7b3332c6-e893-4069-9dca-165f237b33dc,Ansel,Slater,aslater8k@typepad.com,Male
a1f9e24e-aac9-49bd-9710-36f5899a5938,Derward,Petre,dpetre8l@prlog.org,Male
6f382fcc-2567-40b8-b8b4-52cae9cab8cf,Zebadiah,Dyzart,zdyzart8m@joomla.org,Male
47f9c073-7381-40f5-a3af-22b376b32d04,Kara-lynn,Troman,ktroman8n@wix.com,Female
5974cf43-8e1d-47e4-88d0-a6ca80b086c0,Karoline,Boutflour,kboutflour8o@usgs.gov,Female
a5d72ba0-3550-4cd9-b2da-171676f8d6ab,Aldon,Hainey,ahainey8p@theatlantic.com,Non-binary
6c9a7368-0e26-4b82-98a4-a6702b8efbec,Gale,Danielut,gdanielut8q@newyorker.com,Male
f614b47b-ded6-4120-aef1-4beaf6f753f1,Danielle,Hentzeler,dhentzeler8r@dropbox.com,Female
7d0e7984-f963-444b-9234-d3975552b1ed,Rabbi,Markson,rmarkson8s@elpais.com,Male
408958b0-474c-4776-9f69-b352799d1ecb,Sinclair,Penticost,spenticost8t@cam.ac.uk,Genderqueer
0415d941-caa8-4845-b4d9-49277d1a1664,Bonny,Gumey,bgumey8u@howstuffworks.com,Female
3b664ee7-79df-4870-b962-96dbefca2f87,Grissel,Tebboth,gtebboth8v@deliciousdays.com,Female
23b09f70-4d6d-4182-87b4-cfbf8ddb0cbd,Russell,Standbrook,rstandbrook8w@nhs.uk,Genderqueer
2ce7b0ea-c096-437e-b1a9-607f8469530d,Nonnah,Gerrad,ngerrad8x@weather.com,Female
59e73998-04a3-4fed-94aa-b319065ecbd4,Hewie,Kildea,hkildea8y@huffingtonpost.com,Male
bee351fa-4d47-4f79-87ff-5880506e04a1,Ingar,Fidele,ifidele8z@army.mil,Male
2189f3e2-21a5-4c85-94a1-6890cd788a27,Ainslee,Filyakov,afilyakov90@technorati.com,Female
c3ea5b69-7a34-469f-8bff-c9e0a6a3f0d2,Sawyere,Beetham,sbeetham91@free.fr,Male
10fc785f-76ae-4084-9033-258b309ca2a9,Lou,Whotton,lwhotton92@123-reg.co.uk,Female
76649367-5465-4846-974d-dad7dc3b4da8,Ilario,Clemonts,iclemonts93@dyndns.org,Male
9b32186f-7814-4883-a879-ada76e7a866d,Sergei,Dymott,sdymott94@youtu.be,Male
1e86b97e-3896-4e9c-b802-808af3db5cf7,Cirilo,O'Looney,colooney95@npr.org,Male
e3b84bfa-36d6-43df-a6d2-2a2e042f333f,Daniella,Veltmann,dveltmann96@technorati.com,Female
97fd61cb-b6e8-4461-a5ca-052875ceb972,Chanda,Yglesias,cyglesias97@wikipedia.org,Female
adde61b5-ba6b-457f-94d0-698a1d3c3eec,Regina,Helsby,rhelsby98@ftc.gov,Female
150bac07-4a52-4ff4-a8f3-e0135964e895,Jule,Keegan,jkeegan99@state.gov,Male
0513306f-fb70-4e85-9e80-e1e13954e38d,Haskell,L'Hommeau,hlhommeau9a@themeforest.net,Male
8ad785bb-1fc8-406b-9bf2-d299332cda20,Gianina,Klammt,gklammt9b@sun.com,Female
069eef1c-5a99-418c-b249-8609d4905f0a,Vidovik,Cawson,vcawson9c@globo.com,Male
2dc87007-7fc9-4bd5-b86c-3c711637b42d,Glynnis,Lorkings,glorkings9d@china.com.cn,Female
77f94bcb-e14e-49ce-b6fd-dcd19260d6df,Fredi,Jennins,fjennins9e@biglobe.ne.jp,Female
8bd6de50-1c03-4bbf-a500-8683a3c260b0,Loni,Highwood,lhighwood9f@admin.ch,Female
330abf95-5e2e-4714-b418-6e07c4cacfb9,Ethe,Dunderdale,edunderdale9g@netscape.com,Male
478538f1-fbc3-433b-af90-a5977fb8ba9b,Eldredge,Dewsbury,edewsbury9h@mediafire.com,Male
404eb7b8-50eb-4812-84fc-9dbf7df9191d,Cacilie,Clemenceau,cclemenceau9i@livejournal.com,Female
2c8b4f85-8103-45c9-8928-440ae9fc71ff,Tami,Franies,tfranies9j@cafepress.com,Female
168be8f4-10eb-4d1a-931a-e1c1c4b1bfce,Abner,Rosthorn,arosthorn9k@vinaora.com,Male
2fd2254e-4ddc-4923-9dee-baeb3b41f533,Rossie,Ferandez,rferandez9l@msu.edu,Male
67921068-abe3-4262-aebb-39a654db490f,Napoleon,Chater,nchater9m@nbcnews.com,Male
f17150d9-4129-4ba0-b203-748132493a79,Remus,Benting,rbenting9n@nhs.uk,Male
ed44c1bc-7399-4a30-8dd9-10645db9818a,Thurstan,Streader,tstreader9o@gov.uk,Male
6d93ccbe-fcfc-4b93-aca7-4ca5b97c2cbc,Deloria,Raymont,draymont9p@umich.edu,Female
bbdfddda-0963-4a0b-ab4e-85ec9801e58a,Leonora,Canham,lcanham9q@360.cn,Female
e274ff43-d3fc-4194-854f-7b5e01547609,Meryl,Agar,magar9r@discuz.net,Male
b9920bdb-6ac9-407d-8225-8131ef622806,Ravid,Mearing,rmearing9s@constantcontact.com,Male
c4c47b89-b53a-444d-8dd6-e8372042db08,Venus,Peever,vpeever9t@printfriendly.com,Female
1e1f99ad-c915-4c33-abcf-95150316ac00,Ado,Deyes,adeyes9u@bravesites.com,Male
9c040720-a481-4887-a2f1-895e633605ec,Jayne,Calcutt,jcalcutt9v@yolasite.com,Female
a6ad0f37-ec42-44e8-ac80-d2b4c9c36d8e,Selestina,Zavittieri,szavittieri9w@ow.ly,Female
a697574e-b8ca-4326-a7fd-40df44934aac,Sharai,Gaskins,sgaskins9x@redcross.org,Female
631a6d1e-fa85-43ff-a2a6-427905bd5468,Julie,Giovanitti,jgiovanitti9y@amazon.de,Female
ca512517-e7e3-4e0c-8790-5cc5d5da6d03,Charlotta,Wytchard,cwytchard9z@usa.gov,Bigender
73f519d3-5142-4cae-a7c8-3a00829d06dd,Georgena,Prescote,gprescotea0@parallels.com,Female
e8400ac8-34da-4471-a651-a4633be0a8ab,Geri,Sobtka,gsobtkaa1@sciencedirect.com,Male
b966ef1d-de6e-4473-8596-8b6cc6eb9b2c,Ara,Girodin,agirodina2@wordpress.org,Female
357ca2c6-7152-4eef-b3a8-fb098bae8832,Marcelia,Putson,mputsona3@netlog.com,Female
51a364f6-870e-4503-9ee5-9f130615e5fd,Lock,Pinsent,lpinsenta4@edublogs.org,Male
669bfdb2-1747-4e8f-aa42-4bec6da5eab9,Garrard,Phelipeaux,gphelipeauxa5@goo.gl,Bigender
0d33802c-bd14-4389-8297-efbdd73edf32,Dane,Heinonen,dheinonena6@shop-pro.jp,Male
21e8f2d9-158b-48ab-b052-8850300c9e2c,Philomena,Ismail,pismaila7@ezinearticles.com,Female
7dd5b806-6cf9-47fb-8651-f62f9062f386,Bryan,Carlile,bcarlilea8@about.com,Male
40688f3e-dce9-41b6-8521-5f0c03b942a2,Tiffie,Batchelor,tbatchelora9@microsoft.com,Female
88eae0ff-cd89-498b-9a93-482d36f04c64,Coralyn,Cundy,ccundyaa@wsj.com,Female
c21bccb2-5773-4723-a2e3-12b79593a1a0,Seth,Kohnemann,skohnemannab@bizjournals.com,Bigender
38a38061-0073-4084-b215-f3bc12ab449e,Chucho,Meekins,cmeekinsac@telegraph.co.uk,Male
8c1b5f8d-6d48-47a2-b187-a1357deaba38,Silva,Furnival,sfurnivalad@a8.net,Female
fcdc56b1-6c22-4be0-aa1a-928bdde31d22,Ted,Humbatch,thumbatchae@ocn.ne.jp,Female
5ea46404-f420-4f4d-8757-3a521cb2e870,Angeli,Whitebread,awhitebreadaf@163.com,Male
6c311b4a-6f76-4a8f-955c-f298f83bde13,Goraud,Phateplace,gphateplaceag@usda.gov,Male
add54d0c-c8b9-4b44-b27b-f4620fdce5ae,Arel,Hartfield,ahartfieldah@123-reg.co.uk,Polygender
89356684-5bcf-4745-8dba-733926897310,Evangelin,Robichon,erobichonai@barnesandnoble.com,Female
a4a06176-5e3e-42e2-8f22-4cf52024a1ce,Bryana,Cane,bcaneaj@google.pl,Female
203ed960-7e00-44bd-b2a1-75b80c0c6cdc,Marge,Buckston,mbuckstonak@tinyurl.com,Female
73c71add-07d9-48f1-8cd1-8a27e499c1d1,Modestia,Conniam,mconniamal@mayoclinic.com,Female
4dc3f08b-5749-48ab-8375-9750397df961,Tomkin,Childes,tchildesam@yahoo.com,Male
50da9d7b-d4cc-4c32-9896-e3d7430cbe02,Horatius,McNickle,hmcnicklean@ning.com,Male
6181c340-1503-4881-85e4-ccdab98f2cb3,Alastair,Matyushonok,amatyushonokao@miibeian.gov.cn,Male
5bee7c3e-7597-4e6d-8511-5921a6f7e7b3,Erv,Ysson,eyssonap@state.gov,Male
8a7d51d8-d12c-4e52-a3b6-1727fd3e9a2c,Cacilia,Baysting,cbaystingaq@cyberchimps.com,Female
88d09265-0f6b-4213-92f3-644a8f164040,Gard,Halahan,ghalahanar@delicious.com,Male
e92b2041-1b7d-4fae-8fac-ea77b72933d6,Idalina,Wroth,iwrothas@utexas.edu,Female
cc13815a-02ba-43ff-a1e4-8540bb70ea95,Eveleen,Tilio,etilioat@rediff.com,Female
527427c6-55c4-44aa-8e0d-98bb50a9f1a6,Gleda,Gudgen,ggudgenau@diigo.com,Female
dbb6bc78-d52c-4fdc-8915-ea99e6279ef6,Lance,Cottier,lcottierav@ebay.co.uk,Male
681c61dc-6717-4ea4-b1d4-e07428aa3609,Mabelle,Grieg,mgriegaw@1688.com,Female
4a7991dc-ca47-4fa7-b59d-953fd1661570,Meir,Stoffersen,mstoffersenax@bloglines.com,Male
c3a94ff8-94a5-4d21-8851-f9ec74f476ff,Morena,Gotcliffe,mgotcliffeay@friendfeed.com,Female
5d9fff76-f609-49c9-8f0f-e76a220c05bb,Natassia,Wilmott,nwilmottaz@lulu.com,Female
b91538e2-df9b-40a2-a5d8-fd819f94acc1,Hyacinth,Ketteman,hkettemanb0@phoca.cz,Female
c547eaf0-c6de-431a-99b9-9ea2f22f1767,Linn,Hexham,lhexhamb1@soup.io,Male
5a106f32-6105-4157-aab3-fa2a043badb5,Rice,O'Driscole,rodriscoleb2@hc360.com,Male
13a6ab54-5bfa-4c57-8956-289ae9cc0f68,Lexine,Weston,lwestonb3@1und1.de,Female
41dc1878-5f15-4993-920b-5aa50ccc6a8c,Keelia,Daymond,kdaymondb4@sitemeter.com,Female
9a0a373a-4453-424e-a54e-b31d48c8e856,Fielding,Short,fshortb5@webmd.com,Male
ca1c0906-77fc-41ef-b910-cea0529650c0,Andy,Mitham,amithamb6@shutterfly.com,Male
6684a632-71b1-40db-b64a-5dffd2746d00,Artur,Caunce,acaunceb7@google.de,Male
4816b5e0-edb7-49c7-9d1b-5ec1ce2dc2d4,Monah,Hritzko,mhritzkob8@newyorker.com,Female
c44bf357-f7f5-4604-ad54-bcaeff7856e7,Roxane,Gerant,rgerantb9@msu.edu,Female
626ddbf1-bf8a-4843-b606-5fe6b1341aa9,Magdalena,Eltringham,meltringhamba@booking.com,Female
8a3bf92b-a076-48c3-889b-166ee1b43aec,Cleveland,Pomroy,cpomroybb@columbia.edu,Male
fefdd18e-cfe5-4385-b8d7-584f3d5ba69d,Desiri,Schaffler,dschafflerbc@simplemachines.org,Female
c1d14cd5-4a92-469c-8701-3908f03c8970,Orion,Le Port,oleportbd@arizona.edu,Male
3e3434de-fd23-4ece-abc1-be3045e293b9,Cyndie,Cardo,ccardobe@pinterest.com,Female
e70e2fb9-836b-46b2-9370-1d8a25d52b87,Rupert,Rother,rrotherbf@tiny.cc,Male
c156b3d8-63f3-49d5-b431-5908e3f41915,Kincaid,Banane,kbananebg@thetimes.co.uk,Male
96ef085f-1d84-42e3-8a8e-921ec885136e,Chicky,L' Anglois,clangloisbh@mac.com,Male
3bb6756e-4948-4347-ac51-41d5afe5517b,Franklin,Elvy,felvybi@usnews.com,Male
fa36a3c6-4918-4768-9f8d-37a5c1b70a9c,Krispin,Grutchfield,kgrutchfieldbj@1und1.de,Male
01af0905-b02d-4adc-a547-7bd5f90e39d7,Pietra,Muzzi,pmuzzibk@godaddy.com,Female
a2ca50ac-48dd-4bc5-a2b4-286327558c97,Noll,Staziker,nstazikerbl@google.pl,Male
5c92bf82-1230-4153-97a0-8a8d4259f7c0,Vaughan,Titterell,vtitterellbm@sciencedaily.com,Male
20cca63c-9ae6-404e-8345-2ebec4d28de9,Lauritz,Bisset,lbissetbn@issuu.com,Male
586eb816-aa55-424f-8b54-8d67469ef734,Flo,Plowman,fplowmanbo@salon.com,Female
07b31b1c-3e4c-43d4-badd-7c1fad7a98b9,Elisha,Poyzer,epoyzerbp@fema.gov,Non-binary
9aa1dcf5-3ce2-47ec-9bd3-be03dbcd1235,Isadore,Boam,iboambq@ameblo.jp,Male
60e1eba1-9d68-43f2-a807-df1b6c919226,Holt,Fosdick,hfosdickbr@marriott.com,Male
d656d86f-2ceb-4dfa-b624-11ccc5213394,Savina,Gatecliffe,sgatecliffebs@sogou.com,Female
726196ef-b9b7-4b4c-a4d2-180dcd197765,Vilhelmina,Byron,vbyronbt@go.com,Female
821083f6-d075-4784-b6a9-5f00f52841b8,Cherin,Gerram,cgerrambu@nba.com,Female
7d5995fd-e154-4856-ac63-e15fb16a0b4c,Tessie,Bendik,tbendikbv@apple.com,Female
c6a57aeb-51e7-47b4-a21e-f345d4354500,Alyse,Skeech,askeechbw@youku.com,Female
7837d5b1-b12d-4fcc-b8aa-0626acd0dfe9,Gavra,Holtham,gholthambx@globo.com,Female
d6a29e59-c004-492c-b46d-64945ff4fb72,Packston,Greatrex,pgreatrexby@npr.org,Male
cee4f37d-2080-4087-ac21-5b1a5279edea,Ezekiel,Dedrick,ededrickbz@theguardian.com,Male
454e084f-c369-40a7-b976-d86255c77219,Tamma,Spadazzi,tspadazzic0@pbs.org,Female
1f1dc23f-db8a-4e7d-8158-c177fbdcdf54,Elizabet,Andreaccio,eandreaccioc1@mit.edu,Female
5c2e16f7-3590-4286-9a3f-72c54095e492,Aeriell,Collihole,acolliholec2@mit.edu,Female
d0f09b01-026f-49a3-961f-f802940be9c7,Dominga,Lomis,dlomisc3@fda.gov,Female
c264f143-c930-46e8-b151-20c2316e2183,Gaby,Aguilar,gaguilarc4@wikia.com,Female
0d9f1ba2-a62f-4567-8be7-88a013ede4ec,Skylar,Burston,sburstonc5@ovh.net,Male
4dac1a19-c088-4122-8d62-382d2f370b7e,Haleigh,Simmig,hsimmigc6@geocities.jp,Female
b1f8adce-cf94-482c-b16f-cbbb45337a81,Callie,O'Curneen,cocurneenc7@ucoz.com,Non-binary
8b248b73-afe6-4225-a7dc-9eaab1b173e2,Nicoline,Haselhurst,nhaselhurstc8@independent.co.uk,Female
f9dcd255-e112-41c4-8905-d1ede05295d5,Audrie,Pickerin,apickerinc9@thetimes.co.uk,Female
031959c8-0be4-408c-90fb-45405ab9a3da,Rabi,Whelan,rwhelanca@si.edu,Male
c0f9fd15-6366-4d94-85b0-a16cdffba822,Mella,Lattos,mlattoscb@yahoo.co.jp,Female
c7c83d58-e18a-44a1-88ea-974eef34d0f0,Paulie,Keyhoe,pkeyhoecc@facebook.com,Male
c8b9cbbe-4ac6-4d60-8560-309704e9e4bf,Niles,Pont,npontcd@examiner.com,Genderqueer
0a1877cf-254f-47ea-b0b6-31fd811f334f,Vail,Rushforth,vrushforthce@feedburner.com,Male
5072b9a1-646d-4ffe-bb9b-daf556e3ad04,Reine,Sanford,rsanfordcf@phpbb.com,Female
88a1e3a1-c87a-4f07-9f82-71c69232ea5f,Dyane,Sage,dsagecg@tinyurl.com,Polygender
c6ed3f2b-c91c-4f9c-b03b-8edae4a81d19,Tiffani,Likely,tlikelych@jigsy.com,Female
67ac61be-0407-4edd-858e-1bdc16ffac76,Zebulen,Tomblett,ztomblettci@istockphoto.com,Male
35809d6a-4d40-4637-b6be-681c8812b459,Rosalinde,Skirving,rskirvingcj@google.co.uk,Female
1de68f50-4bce-4467-9bfc-870dbb3ac3cd,Eugene,MacIlwrick,emacilwrickck@gizmodo.com,Male
e308d4c9-6a35-43c3-93bf-9219e3d1c10f,Grata,Spincks,gspinckscl@hud.gov,Female
fab68ef3-e87e-4faa-b9ef-c459f5c6e4d4,Sarene,Coopman,scoopmancm@indiegogo.com,Female
a82428f1-393e-4e87-a1db-887e2e90bd6c,Tallou,Cullen,tcullencn@edublogs.org,Female
0fe213b8-22d8-4ded-8035-b3209231a88c,Kelcie,Foreman,kforemanco@stanford.edu,Female
44aae874-d7fe-4dc2-baa4-defe95bbdd29,Darby,Basset,dbassetcp@abc.net.au,Agender
f72c898a-cc8b-4198-855e-8c21df2236de,Karia,Ewer,kewercq@cdc.gov,Female
95b347bb-419f-4bbf-a37b-616ed7fd52ce,Waite,Soloway,wsolowaycr@yahoo.co.jp,Male
6ce7e3d6-9b06-4e29-a2c7-84f8be2407b7,Chance,Tweedy,ctweedycs@google.co.uk,Male
09314018-3c03-4aab-8dd9-8304c8325c7a,Bobine,Borlease,bborleasect@wordpress.org,Female
22fef8ce-5cc4-40af-b4a7-2ae5b413c40e,Conway,Batch,cbatchcu@senate.gov,Male
8f8f6436-ceab-41dd-aa8f-07a1c67f6b25,Vidovic,Walles,vwallescv@stanford.edu,Male
11daa994-9268-4286-8962-123c7f9dc31f,Jarrad,Breming,jbremingcw@bbb.org,Male
cd2cdcbc-d2f9-41f0-8961-98c2eb6ab56c,Renato,Casaro,rcasarocx@indiatimes.com,Polygender
b8fff225-fa63-4c1e-8ae8-39ad350d5017,Thomasine,Praundl,tpraundlcy@dot.gov,Female
db55d3f0-e1ca-41e0-a819-14c97c05e8e7,Juliana,Guterson,jgutersoncz@latimes.com,Female
0c0fc938-49bf-4e55-ad2e-e8f39f4a4a6d,Chip,Goold,cgooldd0@pcworld.com,Male
489e799e-89fe-44fc-b7e8-f325e23f4887,Jarrad,Huggin,jhuggind1@cbslocal.com,Male
f30f9c90-f727-4a95-9eff-cde64df9b86d,Bartolemo,Brockie,bbrockied2@e-recht24.de,Male
60cc7b36-85e9-47c4-b3fc-cda0ca163df4,Christiane,Keggins,ckegginsd3@house.gov,Female
d19acad3-2c8f-4fe3-b766-f3ab065247e5,Mordy,Dionisio,mdionisiod4@ask.com,Male
06d7adc6-8aa9-4755-a0d8-fea727be2b98,Bern,Jotcham,bjotchamd5@columbia.edu,Male
1bc1088f-58a7-4cb7-8424-746e4b7b8548,Magdalene,Dench,mdenchd6@wordpress.com,Female
90874c71-2163-4569-b968-a2afc737e762,Wye,Sine,wsined7@java.com,Male
145bed77-d404-4e98-b31d-6f4f6002fb7f,Norry,Petrillo,npetrillod8@i2i.jp,Male
4fbaaebf-11f2-4ce3-b5e2-6f3ed7e910f7,Jyoti,Roycroft,jroycroftd9@comcast.net,Female
c9e1d2d3-10ee-471a-a1ee-4f03c9a7a555,Eda,Barbie,ebarbieda@posterous.com,Female
0fb3ba31-ac77-4b96-bae2-32cf005441f1,Cozmo,Radeliffe,cradeliffedb@reverbnation.com,Male
2f4eae08-1112-4629-8160-7f91bf9b26c4,Valenka,Jordison,vjordisondc@marketwatch.com,Female
62cd5156-cf63-4b00-bbb7-7a3234a61335,Irvin,Fullun,ifullundd@yahoo.co.jp,Male
560fa23e-8d94-4d5b-be33-29a4a713918b,Reena,Linton,rlintonde@aol.com,Female
8860e7b0-85d4-42cf-a70e-4220188a442b,Aksel,Tune,atunedf@ted.com,Male
2b62470d-c5a7-488b-a65a-a39e814c7435,Ashley,McCree,amccreedg@time.com,Female
19a52f3b-aad1-4631-8708-6c6a042d7857,Korrie,Cherry,kcherrydh@mozilla.org,Female
6eb22da6-c6d1-4082-acb9-e3c81f9ffbb3,Vitia,Culbert,vculbertdi@phoca.cz,Female
e59d3fcf-b8ee-4c7d-976c-5f05d2669b84,Ruy,Kuzma,rkuzmadj@xinhuanet.com,Male
855f2162-8a23-4036-a551-6dc4bdde7a81,Walker,Trubshawe,wtrubshawedk@techcrunch.com,Male
4a4bffd7-4083-44cb-be3b-6870a8f89da2,Agretha,Suddards,asuddardsdl@google.com.br,Agender
47a69a18-4bb9-4efd-bae8-d522ec1721c7,Caspar,Barenski,cbarenskidm@cnbc.com,Male
ea764d18-ea9c-467b-a21f-1e6a20ceb01a,Hollis,Balcock,hbalcockdn@cpanel.net,Agender
a28ee290-aacb-46b8-a546-30ef8552cb24,Bradly,Dibbin,bdibbindo@archive.org,Male
823143df-e39b-426b-9c58-b2e499e8af05,Nester,Danit,ndanitdp@drupal.org,Male
fc6f4326-5404-474c-aa5b-5a8bd0145ed3,Merv,Jays,mjaysdq@hostgator.com,Male
b95db763-b787-436d-a8ef-78da15953bd4,Marjory,Last,mlastdr@dmoz.org,Female
33773a0a-b1e5-4785-93af-acce5eff2579,Briano,Dimanche,bdimancheds@omniture.com,Male
37ac7334-be9d-4acb-b500-d9ded937d3b0,Cob,Bore,cboredt@merriam-webster.com,Genderqueer
68f39048-4e03-4a86-acea-323bac8d75d7,Denny,McElwee,dmcelweedu@twitter.com,Male
560eb74c-d317-45ee-a7f0-1348ee807e52,Tremayne,Reubens,treubensdv@list-manage.com,Male
2752aae8-342c-4ae1-b806-e888cd9173d4,Bella,Jesper,bjesperdw@joomla.org,Female
33d985ef-a92a-4811-9188-5ae67c42c27c,Christy,Vader,cvaderdx@weather.com,Female
605950e3-7716-4429-b408-52aab9d4d235,Darsie,Dedden,ddeddendy@amazon.com,Female
589f0d54-482e-4f56-9bfa-24c51f896e12,Susanna,McCorley,smccorleydz@bloomberg.com,Bigender
db8277c6-1f4b-4620-be25-0358a2623523,Urbanus,Chilles,uchillese0@yale.edu,Male
78ebb6e9-fa2b-4a6e-b717-c732935d5338,Iorgo,Mundwell,imundwelle1@barnesandnoble.com,Polygender
c7789e2c-3e82-476f-b787-0bce3f008e19,Hieronymus,Eseler,heselere2@rediff.com,Polygender
e3c144d3-e293-4b1c-9365-ba7fbc4ed7bf,Kala,Gaveltone,kgaveltonee3@ameblo.jp,Female
e32415e6-6dac-4e9a-b9ae-29656d34d65c,Anastassia,Beckensall,abeckensalle4@1und1.de,Female
efaf74f3-4b9e-4558-b1e7-9157986b65cd,Ladonna,Gilbody,lgilbodye5@tmall.com,Female
0bc0ce59-535f-46e2-a509-7aa5744bcc74,Lazaro,Paffley,lpaffleye6@jigsy.com,Male
9390c3db-de38-4cfb-bcaf-86c47a819b94,Grover,Pawelek,gpaweleke7@myspace.com,Male
b9e6e424-364d-4cf1-82fd-bbe12c646451,Skyler,McGragh,smcgraghe8@linkedin.com,Male
f4b88198-e6e9-4b8c-83d9-ab4ddfab64a9,Cecile,Skakunas,cskakunase9@zdnet.com,Female
979d5519-217a-450a-a54b-deb06e46dc18,Mirabella,Gallaher,mgallaherea@geocities.jp,Female
d4f712aa-184f-420e-891a-196d1ab81905,Rhoda,Nehls,rnehlseb@webeden.co.uk,Female
9dec8c31-e730-4a18-8d33-9dbbc6028aaf,Mallory,Corrie,mcorrieec@sciencedirect.com,Male
34a5214b-ed3e-4053-9e6c-16ffcd3962ad,Kristan,Leworthy,kleworthyed@illinois.edu,Female
856f193c-80d0-4ea8-ac4d-ebc3c82e56b5,Nicolea,Quipp,nquippee@rambler.ru,Female
28db234f-6b84-415d-8b34-623a07c8876e,Reece,Whyke,rwhykeef@yahoo.com,Male
8a989306-5b6d-4cf9-ba73-707bb1bbd47b,Dar,Kinnock,dkinnockeg@bandcamp.com,Male
def088e8-7d96-4e37-80fd-a9af93fd23ea,Cristian,deKnevet,cdekneveteh@sakura.ne.jp,Male
aaab3217-963e-4808-bfa9-f9d606969cd1,Tuck,Cotter,tcotterei@intel.com,Male
3c865894-0f93-49f9-a1f0-a7182711af93,Peterus,Succamore,psuccamoreej@hubpages.com,Male
fb703eb2-9696-4b93-87cc-4bf4eb2806c5,Albertine,Doutch,adoutchek@reverbnation.com,Genderfluid
9665a403-9577-4213-9d5b-983ab89ff231,Raviv,Chisholme,rchisholmeel@comcast.net,Male
2323b6a6-28f6-465e-8cea-b905bfb31a23,Reeba,Christescu,rchristescuem@bravesites.com,Female
6d1a05a2-3549-40e9-81ef-4c80ca10cb19,Adrea,Bower,aboweren@dion.ne.jp,Female
12508ae3-ab1e-4014-bdc4-5926f8a2f173,Lucila,McCreadie,lmccreadieeo@imgur.com,Female
e6427c90-9cfa-430e-bf3c-135c577596e8,Erena,Sall,esallep@elpais.com,Female
8cd792cf-1b68-457c-bd12-5d444d5f413f,Bill,Gallager,bgallagereq@cdbaby.com,Female
b618f076-c826-49b1-9ec7-0302a59f5f0d,Kanya,Soppit,ksoppiter@vinaora.com,Genderqueer
55133733-9843-46a7-8394-3ca6fdeba0f9,Lanny,Langstaff,llangstaffes@theatlantic.com,Male
4ffa7814-c483-4b5a-b277-aeeb5b27e4d3,Jennie,Friend,jfriendet@uiuc.edu,Female
2b1f6b04-9e33-40d6-956a-ffa1a9400a19,Editha,Wragg,ewraggeu@reuters.com,Female
ba32f5a2-2bda-41e3-8704-b20977959af4,Antoine,Laffin,alaffinev@qq.com,Male
87898132-1ee1-490b-a6cd-1d8b2db212cd,Janot,Bontein,jbonteinew@soundcloud.com,Female
2b0526a4-2b55-4ae1-a3b6-f3f6d196bfb7,Osbert,Haskell,ohaskellex@domainmarket.com,Male
b2dd18f4-1a82-4217-98cb-411552fcfd65,Bat,Heugel,bheugeley@freewebs.com,Male
75a4a041-9ffe-4789-88f3-0e10294430e0,Gard,Gianni,ggianniez@behance.net,Genderfluid
4ca1675c-2ea2-4cb5-a40e-846056674f4c,Ricca,Ryde,rrydef0@stanford.edu,Female
405fd255-3daf-4117-a31b-73ec81b899c8,Delia,Dyche,ddychef1@seesaa.net,Female
2a1b16dc-3082-434e-9973-ece100d61e47,Yoshiko,Stringer,ystringerf2@google.es,Female
4f38da71-5b10-4058-808b-b75d6f4fafe2,Lucais,York,lyorkf3@home.pl,Male
901f4da8-6878-4eeb-b5c5-d09fda40e10d,Manfred,Buie,mbuief4@mapy.cz,Male
7ce8a05b-d7ca-4886-9c7a-e6cbba0d114f,Welsh,Alyonov,walyonovf5@hexun.com,Genderfluid
22ef8a60-9230-4efd-a00d-969f8f65603c,Jackie,Arlt,jarltf6@bing.com,Male
90c4ea93-aa6d-4143-8272-a96402c8f883,Donavon,Siemandl,dsiemandlf7@pen.io,Male
c19651f1-45ca-4dc9-bf53-e796302ce376,Hew,Denyukhin,hdenyukhinf8@google.es,Male
2a2a6988-10cb-431b-8494-e58e81b5e16d,Reine,Jubert,rjubertf9@rakuten.co.jp,Female
8e6cab3f-26f5-4006-ac31-2e990106c5ac,Thor,Markwick,tmarkwickfa@yandex.ru,Male
72c7391a-e4fc-4757-b3d8-8451b031a5e0,Irina,Vallis,ivallisfb@printfriendly.com,Female
ebd63a7c-0cb5-49e6-8719-7d0040aff3f8,Stanfield,Simonsen,ssimonsenfc@cdbaby.com,Male
399710b3-dc11-4398-ac1b-7c094bdf8db4,Alphard,Critch,acritchfd@exblog.jp,Male
e3fa0088-8e1c-4e99-8385-1d5e48fd795d,Felicle,Thresher,fthresherfe@weather.com,Female
ce80a5cc-1c00-4f22-87af-b8af08bf0590,Domingo,Seleway,dselewayff@ycombinator.com,Male
748b95c4-394a-4604-a47e-36b169413e59,Kenyon,Lundbeck,klundbeckfg@va.gov,Male
0857fea9-a6a3-44f9-ba1f-f174d58631e1,Krishna,Bowerbank,kbowerbankfh@jalbum.net,Male
69e42af9-f978-43b7-b49b-f54756f88761,Richardo,Ody,rodyfi@shop-pro.jp,Male
cdf0edfb-54dd-42d8-bebd-1ebef392b158,Cloe,Bartoshevich,cbartoshevichfj@google.fr,Female
ed5fd06b-ac55-4eb1-a0ee-2ad806ea9118,Briana,Baynon,bbaynonfk@dot.gov,Female
4d00ead1-7a39-4f68-aab0-a9e6f01de112,Merwin,Hansley,mhansleyfl@altervista.org,Male
33239a40-e28a-48ed-9de1-1b25222d241d,Lemar,Bullon,lbullonfm@fema.gov,Male
94761af0-336d-43f4-b723-fde6aca90e53,Eadith,Borborough,eborboroughfn@clickbank.net,Female
71ab30c2-193a-4101-9ee8-927f5d57522b,Rowney,Brummell,rbrummellfo@prnewswire.com,Male
00a356e8-53fe-4399-8398-edf3f32aeb60,Artemas,Harg,ahargfp@dailymail.co.uk,Male
6b4fc4c7-3567-48a0-9b61-516c8c2d2fce,Nial,Ledamun,nledamunfq@vimeo.com,Male
26c1eab6-e0bb-4144-82d7-8640fa927928,Terrell,De Ferraris,tdeferrarisfr@networksolutions.com,Male
8bca4228-243b-43a0-afd1-4bdb0bd53ce8,Boyce,Loghan,bloghanfs@home.pl,Male
76d726d4-8858-4ef2-8d8b-258d184730a5,Avigdor,Harvett,aharvettft@liveinternet.ru,Male
c2a2c7f1-814b-48d1-ac8c-3e12db2a19bc,Cherey,O'Cannon,cocannonfu@arstechnica.com,Female
3f358a86-0acd-4537-835b-8ea875e368f8,Deane,Kellegher,dkellegherfv@studiopress.com,Male
9676b806-543b-465e-85a7-e6d328d87ff0,Suellen,Thomassin,sthomassinfw@instagram.com,Female
240cfa74-d216-4081-8326-a6d22bfe7a7a,Elisha,Balling,eballingfx@google.com,Female
5995d6f5-b484-449d-95db-7bfc5c020f5b,Margaretha,Bonifazio,mbonifaziofy@slashdot.org,Female
3c8fb4b6-725b-4580-8d09-59989d8059e2,Godard,Kelso,gkelsofz@guardian.co.uk,Male
cd4ee728-e0bb-474a-a32d-3f1b10eef205,Morgen,Margerison,mmargerisong0@ebay.co.uk,Polygender
f8f26630-d8c0-460b-9dd6-cf16fcbc6efe,Darlleen,Ventum,dventumg1@vinaora.com,Female
f27db18e-a32a-4fea-80a7-7983b4ad147a,Ogden,Hargroves,ohargrovesg2@princeton.edu,Non-binary
e33f1284-d515-43e4-a431-098828c836f9,Kylynn,Ferrillo,kferrillog3@google.com,Female
b5918b18-2d9c-424a-8408-71a63ff27078,Dael,Belcham,dbelchamg4@ox.ac.uk,Female
d4a4d1d0-61b9-4f4d-98f7-c48daf4bb0c4,Nickie,Moncrefe,nmoncrefeg5@vkontakte.ru,Male
c2f787c9-bf3f-457b-96cb-0e25a230c036,Brandi,Wigfall,bwigfallg6@youtube.com,Female
8a43e24d-f91f-4f51-92af-56491b5ed4dc,Starr,Dollman,sdollmang7@amazonaws.com,Female
d4f1d22b-5b25-4530-bb6e-8a2b48d45ac3,Ludovico,Godley,lgodleyg8@sakura.ne.jp,Bigender
655d10fb-fa42-4ad4-95ec-543588277e59,Barrie,Pitrasso,bpitrassog9@cnet.com,Female
c5e557f1-47de-43f1-a0e1-2fc2ef1d1380,Rois,Allsworth,rallsworthga@ted.com,Female
80d350ba-1066-474a-b9ca-d28a387fb777,Kris,Dillow,kdillowgb@privacy.gov.au,Male
13b75f1c-6746-454c-b1a4-80710f59d772,Leelah,Lerway,llerwaygc@t.co,Female
3b12dbff-266b-4018-9138-09433e71dc6c,William,Banishevitz,wbanishevitzgd@bizjournals.com,Polygender
bcfef6b2-ea62-41bb-9e2d-ed61ede0a785,Colly,Riordan,criordange@xing.com,Female
20956e3e-4363-4e33-8a24-7dc3f11ce6e4,Bellina,Doumenc,bdoumencgf@twitter.com,Female
ca05f37d-c3fc-4217-9850-40f632f65a94,Colline,Coronado,ccoronadogg@altervista.org,Female
1ec58c0c-6bde-4e16-8049-53d7310902d7,Jaquelin,Crosham,jcroshamgh@furl.net,Polygender
bf9cd790-9015-45e0-a52d-e1f7cbd177df,Inga,Habbergham,ihabberghamgi@stanford.edu,Female
b5dd31e2-f94f-45ed-a6cb-88187f18c97f,Lewiss,Lambart,llambartgj@goo.gl,Male
97c63c3c-f14d-4ba5-a75f-7c47d0f1108a,Massimiliano,Quartley,mquartleygk@multiply.com,Male
4b2e074c-8d17-41cf-baac-5459da1071c3,Moss,Kirsop,mkirsopgl@addtoany.com,Male
5c030633-5051-4df2-91d8-71a204d5205b,Sibyl,Raiman,sraimangm@xrea.com,Female
c6fabb9b-ad77-4062-9456-e86eeff89a43,Olympe,Allewell,oallewellgn@twitpic.com,Female
0bd600fc-b23b-4df4-b8d9-8e91df18e8c9,Rosella,Haste,rhastego@hostgator.com,Female
3fcddd25-0e70-40cf-8a41-b9f40da2a4fe,Allys,Cogzell,acogzellgp@java.com,Female
b3873cd3-cf8f-4435-a824-090e47e76257,Valentino,Priestley,vpriestleygq@si.edu,Male
3fca37eb-ad55-4fac-9abb-f8d31889d978,Wilburt,Gue,wguegr@ihg.com,Male
cabf5550-7da0-4336-bb9a-487948008c83,Em,Riseborough,eriseboroughgs@msu.edu,Female
4214ab19-f2a0-4503-8220-0271b23898f6,Erinn,Braybrooks,ebraybrooksgt@hubpages.com,Female
e78a155d-a35d-4f78-a8f0-e9125b6c2fe7,Barbara,Iacovuzzi,biacovuzzigu@nymag.com,Female
0f5e6883-ba63-4700-bb4c-a1b0b552adee,Stephannie,Culwen,sculwengv@php.net,Female
ee137938-f2f9-4e84-a9d7-52b0a4b60040,Thornie,Couchman,tcouchmangw@amazonaws.com,Male
4ffa4184-55c7-40a1-bd3f-283fcde64730,Alaster,Martinelli,amartinelligx@dion.ne.jp,Male
6ffd981a-b49e-4318-bfd0-e38fafa49b74,Eudora,Alwin,ealwingy@angelfire.com,Female
f4832470-afca-4676-a023-2ee81b1c4e1e,Benedikta,Duddy,bduddygz@hostgator.com,Female
9a1a907f-c8cf-4bea-902e-bd3d27484b21,Daron,Ilyinski,dilyinskih0@reuters.com,Male
f4dcb4c4-3d07-4575-b6a9-29939859a696,Annadiana,Eannetta,aeannettah1@de.vu,Female
1979805a-161b-4b56-ba5d-d3d06433de53,Jacquette,Sambeck,jsambeckh2@slideshare.net,Female
caad8be2-fdcf-4293-904d-9fd08a4bed88,Brigitta,Oboy,boboyh3@cam.ac.uk,Female
5e8052a7-09bf-4d27-a733-23c483d15bd2,Spencer,Carnson,scarnsonh4@xinhuanet.com,Agender
6226961e-dca1-4ea3-b1f9-2259ad8e5bdc,Brandise,Orans,boransh5@51.la,Female
75e20db2-a815-4417-b2be-630aa973b914,Krista,Dickson,kdicksonh6@scribd.com,Female
19162746-2c40-423b-b263-42258c550dc2,Griff,Kirwin,gkirwinh7@oaic.gov.au,Male
0f4d7d62-89b0-40bf-8546-c8673104a991,Wiley,Symons,wsymonsh8@desdev.cn,Male
0e2d44eb-70b6-4f51-911e-d4a245182ce2,Harvey,Roder,hroderh9@slashdot.org,Male
09129b9c-6016-4543-bb2e-eefb3967fd97,Ruthy,Brainsby,rbrainsbyha@google.ru,Female
8737c488-72a2-4a63-bec5-24942ffcf1a0,Hyacintha,Balls,hballshb@altervista.org,Female
b6faa000-2bd9-4d9a-b021-6020e7b1bae9,Chrissie,Hancock,chancockhc@cnbc.com,Male
8f0e6f68-28ab-49ec-9c70-85cb739ecd22,Tedman,Bowerman,tbowermanhd@theguardian.com,Male
bb9d7abf-34de-49ed-8b17-7a30ff8ffb98,Addi,Pendrid,apendridhe@cornell.edu,Female
543983ea-5679-4572-b75d-fe89a30a3ab1,Lars,Phripp,lphripphf@tinyurl.com,Bigender
66f8b647-86e5-4598-9473-eff854156724,Stinky,Sonier,ssonierhg@mediafire.com,Male
a49761d8-d108-466e-896d-f62a1c65a003,Jae,D'Almeida,jdalmeidahh@ucsd.edu,Genderfluid
57479a6a-fc59-44b6-bd27-4ce7b015ef3f,Meir,Guillain,mguillainhi@dot.gov,Male
f6dd6c8a-eba9-438d-920e-174764a8a282,Pietrek,Carlill,pcarlillhj@hostgator.com,Male
f2284e7f-79f0-48c6-ad5a-63c22116ed98,Juliet,Kleinplac,jkleinplachk@github.io,Female
b578c66f-a7dc-416d-ab1c-c8377b411d9b,Kevyn,Ziebart,kziebarthl@ocn.ne.jp,Female
728feee6-8649-4ee2-b4b1-b6552ead198e,Lena,Ochterlony,lochterlonyhm@canalblog.com,Female
61da3e15-f6ad-4382-9392-11e7bb7995a8,Valma,Locarno,vlocarnohn@de.vu,Polygender
5787aa58-3b88-480b-a2bd-0c4c401cfda3,Roley,Shoulders,rshouldersho@mtv.com,Male
c0c539b0-4626-48cf-8716-512eacf2a7ce,Marla,Rozalski,mrozalskihp@wikipedia.org,Female
36d54ed6-b801-468d-b964-6e618c314ada,Tiertza,Speddin,tspeddinhq@mediafire.com,Female
fdccfa42-bb08-4684-b051-fcec7fa5f9b0,Retha,Ferrillio,rferrilliohr@hhs.gov,Agender
6329072d-68ca-4121-a192-8399532229b5,Jaime,Woodyear,jwoodyearhs@accuweather.com,Female
bbbb34ea-8f95-4f62-a237-4a069263fea0,Alphonso,Shortt,ashorttht@meetup.com,Male
3f1dfa8f-2168-4ded-9a13-7685f11e7426,Laney,Bourbon,lbourbonhu@theglobeandmail.com,Male
bd38ee0a-4400-4435-b130-a5fead2ac815,Gretta,Maile,gmailehv@example.com,Female
42029ca1-b43b-4364-ba54-0792c259edf2,Christian,Rivallant,crivallanthw@spiegel.de,Male
59b0c92f-4891-460f-808c-9dfc60cf514e,Dal,Longden,dlongdenhx@independent.co.uk,Male
ae231cc5-5796-4e37-8db6-161b71ea5879,Angie,Jollie,ajolliehy@businesswire.com,Male
2d4ca508-9342-45bb-9108-dc5359b272a2,Cort,Spellecy,cspellecyhz@is.gd,Male
08b5c24f-0e0f-436f-a7fb-a8c825875b22,Frederigo,Graffin,fgraffini0@cdbaby.com,Male
9a5507dc-bdd1-4356-9387-305f78e97ae3,Norrie,Hane,nhanei1@arstechnica.com,Female
e85f80ef-e799-4c4d-bdce-3022a6957695,Jada,Bilsford,jbilsfordi2@marriott.com,Female
2db7c730-6a87-4c11-9675-d8b12ba57338,Alexander,Fenn,afenni3@mac.com,Male
1308b522-3577-4457-8f4b-4ba20fcf0168,Lynsey,Beausang,lbeausangi4@army.mil,Female
1b27f9ff-a4e2-4ab3-9b85-45274bebb4e1,Gerard,Caillou,gcailloui5@wp.com,Male
2a610cce-6993-4004-b310-34191648fbb3,Izaak,Coppen,icoppeni6@dropbox.com,Male
8e85b1c5-aa61-4c91-97b9-1c8f817ccfa4,Rosene,Purcell,rpurcelli7@jalbum.net,Female
723c8af0-0f85-4ca3-9a4d-6d26ca1d2c4e,Jud,Hardeman,jhardemani8@w3.org,Male
9ede0c18-902a-4001-9cde-9b55e419f2ef,Arney,Edelston,aedelstoni9@free.fr,Male
418181bf-d209-415e-ba5a-8ca1551d1d08,Arlin,Neiland,aneilandia@salon.com,Male
77034868-0401-46b8-aec6-3ca04f6bf733,Pansy,Bonner,pbonnerib@topsy.com,Female
f8fb3f57-0303-4761-abf0-92e26fc651d0,Amos,Krzysztofiak,akrzysztofiakic@uiuc.edu,Male
ad30110d-1684-4575-8ce1-09ef9e658f3c,Carmen,Dabnot,cdabnotid@so-net.ne.jp,Female
612c0a17-76f0-46b8-870d-f7eaf528144b,Conny,Budget,cbudgetie@yale.edu,Male
bd685c80-25f4-4d92-ad5e-6f85bf5f3247,Heall,Cordobes,hcordobesif@tamu.edu,Male
a7d8b9ac-5990-45d9-873f-6dfc9ea0a9b8,Turner,Priestner,tpriestnerig@4shared.com,Male
280e1232-cbbe-4de8-8230-48135f4d32e0,Rufe,Mallord,rmallordih@weather.com,Male
cf7bd641-86d6-4f72-8d9c-54c12427111a,Tadd,Randalson,trandalsonii@theatlantic.com,Male
e79ca539-e444-41d5-afbf-4cc3d7078a10,Deva,Paulucci,dpaulucciij@opera.com,Female
f9fdeeca-9227-4844-b27a-8795bbb4302b,Grissel,Wonham,gwonhamik@creativecommons.org,Female
ecc06e0b-8186-4dba-a317-ae61c225a82f,Antonietta,Dodd,adoddil@angelfire.com,Genderqueer
78f16cf1-1e89-478b-8cba-e4a4d74c9f35,Lyn,Baudains,lbaudainsim@comcast.net,Female
69e2be47-813f-49e1-89e9-26f7b4871669,Sharai,Rotherham,srotherhamin@alibaba.com,Female
693df1c6-e0e6-412c-9f88-a9848eee8733,Carline,Rosenfelt,crosenfeltio@cnbc.com,Female
b3afc6f1-7355-4bfe-97fb-47583430879d,Lee,Goldsbury,lgoldsburyip@edublogs.org,Male
938f2235-92ca-433f-9b56-4c0d6f0dffaf,Maryjane,Reubbens,mreubbensiq@google.com.hk,Female
60722abc-adc7-4cfc-9af8-a8e230c4776a,Dietrich,Defond,ddefondir@nature.com,Male
83ef5c5a-ecc6-4bac-86bf-bfa20e07698f,Cornelle,Schultes,cschultesis@ft.com,Female
b15bb220-ed3a-49a4-abfe-05a131c74326,Lou,Pembery,lpemberyit@amazonaws.com,Male
3a9135a3-8a0c-4fba-ba25-db697ab99918,Shaughn,Karle,skarleiu@yolasite.com,Male
47faddda-5986-45ec-b8af-b595a374c169,Cynthy,Iskowicz,ciskowicziv@amazon.co.uk,Polygender
b332a4c6-a7e1-4ec2-8e64-4bff02e74cce,Chrissie,Lambard,clambardiw@rakuten.co.jp,Male
675de029-18ad-4680-bbbd-2d9d415aa45f,Kassia,Josifovitz,kjosifovitzix@ucsd.edu,Female
1f80b9c1-228d-4e14-bbe4-7d6159e2727a,Filmore,Mandrey,fmandreyiy@ameblo.jp,Male
c67083b7-e647-421a-b21e-5225a8b5a110,Florian,Tatum,ftatumiz@netscape.com,Male
eefc6a1d-e9eb-429b-8da3-9bfe5a1933ce,Wynne,Brownill,wbrownillj0@homestead.com,Female
186ba76d-c51a-4a01-a311-220630b2109d,Levey,Hachette,lhachettej1@independent.co.uk,Male
b0da0976-37f3-49fe-8e5a-811041a8c46c,Farah,Tomasello,ftomaselloj2@drupal.org,Female
e3445fe0-7eb5-446a-8706-b2b957f08e9a,Donn,Kolis,dkolisj3@chron.com,Male
1697dc28-372a-403c-b003-69913f8e4a6a,Terrill,Truss,ttrussj4@aol.com,Male
8aef79e9-035a-48d3-8237-1e9600b32610,Bunnie,Parken,bparkenj5@fastcompany.com,Female
87fbde3f-6709-448e-9fad-824fea320cc4,Nicoli,Brabban,nbrabbanj6@gmpg.org,Female
fafa095b-c5c0-46c7-922e-1d3742fa21b0,Margalo,Camerello,mcamerelloj7@theglobeandmail.com,Female
b3a9fad8-451c-44f2-b050-f82acdac6be0,Francklyn,Blackie,fblackiej8@friendfeed.com,Male
5c768f0f-828c-48c7-a934-7057b9b7dc4d,Ike,Frayling,ifraylingj9@ustream.tv,Male
ec852aa9-7d6c-435f-a9c3-22a1fb9399ff,Kimbra,Gunderson,kgundersonja@google.cn,Female
40f52f0e-feec-4c08-a4ea-f0a71efff793,Luther,Harty,lhartyjb@yellowpages.com,Male
c1a726e9-d71f-4002-997f-0cbb0157b870,Meg,Meijer,mmeijerjc@npr.org,Female
70953eeb-7d23-4c03-9cbe-3aeebe06f654,Quincy,Larkby,qlarkbyjd@php.net,Male
25e8e336-2117-4cad-8219-d42de156633a,Joelynn,Balwin,jbalwinje@meetup.com,Female
e808e9a0-6d8e-4eb9-86f8-1f28aacbb63b,Johny,Shillum,jshillumjf@utexas.edu,Male
484452a6-7971-4d27-adf6-3c6b407bc6b0,Madison,Leppington,mleppingtonjg@discuz.net,Male
6f07c379-1309-475e-a1a1-649e12796193,Marcela,Tomlin,mtomlinjh@wufoo.com,Female
4e301b36-3354-4a35-bb47-6abb61ed3245,Josee,Gillaspy,jgillaspyji@comcast.net,Female
813ac1c1-74e7-4233-aefb-3bdb9c62eaaa,Galvin,Espinos,gespinosjj@bandcamp.com,Male
51de6386-6507-49c9-ab4e-c67624a54382,Anita,McCormack,amccormackjk@unicef.org,Female
c8db0440-5b60-4c11-8730-01b7df3557c2,Marshall,Krier,mkrierjl@comsenz.com,Male
104b0bbe-8e2d-4474-a985-e97167830cde,Dionis,Puckinghorne,dpuckinghornejm@yandex.ru,Female
beb11a6d-55ff-4148-bc03-7e15109520ad,Burnard,Klouz,bklouzjn@dailymail.co.uk,Male
c3ebbdea-3f39-4a20-82f8-e8caa37a8962,Gaspar,Lock,glockjo@reuters.com,Male
8d0cb1eb-7236-43ee-8239-5f645c6f352a,Sisely,Izakson,sizaksonjp@businesswire.com,Female
fc9dc43b-d754-4239-9243-a308ea1a2872,Margot,Dahlberg,mdahlbergjq@bigcartel.com,Female
9cac8484-cf83-40a2-bd41-93910637b0c2,Mitchael,Wickmann,mwickmannjr@prlog.org,Male
01cca609-5eaa-44bb-a6db-6ed252669b03,Siouxie,Carlin,scarlinjs@bbc.co.uk,Female
6ee290ff-d866-4f0e-ad1d-5adee3a65a0c,Hal,Rame,hramejt@gravatar.com,Male
a91aced6-3296-43c5-8bb3-c189781ec321,Mechelle,Coushe,mcousheju@dmoz.org,Female
3d28e36d-fa5b-41f6-8d54-27b6cfdbece1,Osborne,Bilbrook,obilbrookjv@jimdo.com,Genderfluid
680ec546-e698-4229-9477-6e2a2177becb,Stacy,Evenden,sevendenjw@tinyurl.com,Female
5f7d7d9a-4283-47bf-869c-eca4a3d6d57d,Kai,Creigan,kcreiganjx@mit.edu,Female
12bd80aa-2dc1-4cfe-93e6-af592104d65e,Cathy,Bleyman,cbleymanjy@icio.us,Female
d2a77f29-7da9-45a5-8b7f-ad11159e83ae,Elmer,Laidlow,elaidlowjz@state.gov,Male
e4374c25-b808-45df-a89a-c93a2c74126b,Dwayne,Smuth,dsmuthk0@pcworld.com,Male
c6e5aaaa-43e0-485f-939c-5ab2a096fe03,Jenni,Smartman,jsmartmank1@parallels.com,Female
70333437-0c92-40ca-a8e4-85b9ff46426c,Margette,Pflieger,mpfliegerk2@bigcartel.com,Female
2b072d24-530e-4415-980d-82216382b233,Devlen,Elcom,delcomk3@newsvine.com,Genderfluid
fce6d96d-cc36-46e5-91e6-3c8aa78fe62e,Orville,Gwyer,ogwyerk4@newyorker.com,Male
761a4274-5ea9-4143-b8b1-2afc8dbeb8c6,Corrinne,Keppin,ckeppink5@uol.com.br,Female
5ccc8ecb-b4a4-4aa6-9f45-287231c62ee2,Saundra,Justham,sjusthamk6@census.gov,Male
83f1d317-bd2d-4034-9b5f-fc9aef189049,Wally,Andriveau,wandriveauk7@slate.com,Male
4a5c1056-a6aa-42d7-a62f-0f74de71923f,Bendix,Dunstone,bdunstonek8@go.com,Male
73fe9721-b85c-46e5-a20a-b7b189979d3c,Dun,Paladini,dpaladinik9@ox.ac.uk,Male
12adbcd0-e0c3-4f0b-acf1-c7031a054c34,Silvano,Fothergill,sfothergillka@vkontakte.ru,Male
3750a438-1d70-4bd9-b54b-51c6b5cd6fbf,Willard,Malpass,wmalpasskb@washington.edu,Male
f3114e5b-d51a-4c93-80f4-66122377578d,Packston,Cinelli,pcinellikc@hc360.com,Male
2bc807bf-bf7c-404e-ace8-c2680db9120f,Evita,Santus,esantuskd@shutterfly.com,Female
24d1fd8c-d437-4a96-9794-208dca03b1a0,Odille,Pichan,opichanke@admin.ch,Female
43a30251-4aed-442e-964b-23162f04de00,Junie,Bartali,jbartalikf@ucsd.edu,Female
176c27a7-b37e-4b30-b60f-ccb2c7eb3552,Bernette,Delacroix,bdelacroixkg@biglobe.ne.jp,Genderfluid
a50f9430-b799-4b9c-80b4-5774b03af757,Bel,Firsby,bfirsbykh@bravesites.com,Female
c842eb0d-cafb-4b0b-8bf3-327c4e5b0a95,Timmy,Milner,tmilnerki@miitbeian.gov.cn,Genderqueer
85d90ce5-ad1c-423a-8f02-109145ba846d,Janek,Regnard,jregnardkj@apache.org,Male
017222bf-6e34-4424-9fb7-d00d03721893,Avery,Blackstone,ablackstonekk@wsj.com,Male
804b371e-19f4-48ed-8999-a1a485200b0b,Sonnie,Rounce,srouncekl@digg.com,Male
769b948d-c8d5-46d0-971f-87b4b4a237bf,Whittaker,Abeau,wabeaukm@163.com,Male
5fa75bb9-4078-4ae2-949e-655255e31626,Jephthah,Pingston,jpingstonkn@tuttocitta.it,Male
4c67759b-8bf5-4576-92db-2d78833530b2,Byram,Bonnar,bbonnarko@sfgate.com,Male
ea683716-fcb3-4045-af44-844c2ee7fd34,Rodrigo,Caron,rcaronkp@seattletimes.com,Male
01b316b2-8412-4702-9251-ecc3bf7b22df,Baird,Kingsworth,bkingsworthkq@cdc.gov,Genderqueer
272b2106-0d18-4765-865f-d416e465baec,Zelda,Headey,zheadeykr@4shared.com,Female
fce16c03-7e14-4087-937b-81bcf4f7b29e,Bea,Longea,blongeaks@livejournal.com,Female
3fa8e04e-93c9-4fc0-8711-4d4ba2276275,Tamar,McEwen,tmcewenkt@seesaa.net,Female
c1bf5a2c-db3e-4e06-84df-aadad4a6e40c,Kesley,Bonhome,kbonhomeku@bloomberg.com,Female
4f1d7492-922c-4645-8a1c-4980a673e1c4,Jacki,Brobak,jbrobakkv@vinaora.com,Female
9d9b0793-14e8-4cb3-82c7-93eda672f373,Basile,Gardener,bgardenerkw@foxnews.com,Male
18a673cb-d4a7-4f1b-9d0b-8db6ccb649e7,Othella,Tantrum,otantrumkx@cmu.edu,Female
133661fa-0cda-4979-9a54-74d30545956d,Verna,Hanaford,vhanafordky@discuz.net,Female
0c04a63f-b845-4a0b-b8a7-1b0f6c49b663,Hamnet,Mathevon,hmathevonkz@discovery.com,Male
534e1b2d-8151-481b-937a-f5078a7e5e77,Morganica,Frantzeni,mfrantzenil0@bing.com,Female
218538a0-6aa0-42d0-b3f6-27c2219667ed,Lelia,Coopman,lcoopmanl1@google.de,Female
9ed99f47-9f1d-41a8-ac8d-460ee3eef0cd,Micheline,Brocklesby,mbrocklesbyl2@yellowbook.com,Female
7a9d2bfc-198a-477b-88e2-dbbc51b53345,Marlon,Nutbrown,mnutbrownl3@privacy.gov.au,Male
d60c9598-8663-456c-9e34-9687a7d05a45,Celina,Roath,croathl4@mozilla.org,Female
735df68a-77b7-4da5-9a60-8ffef9e19669,Dionis,Ellacott,dellacottl5@hugedomains.com,Female
1a56f420-62cb-4363-a158-5244f8c0323f,Ferris,Edworthye,fedworthyel6@dailymail.co.uk,Male
9c57fcf5-9c80-4754-9129-aad242061383,Cleopatra,Marmon,cmarmonl7@prlog.org,Female
60acfa7a-7241-4449-8bb5-6779d2fe643a,Tyne,Vahey,tvaheyl8@istockphoto.com,Female
7cd68d48-68c9-49d2-86cc-95879a0c8e2c,Trumann,Basil,tbasill9@domainmarket.com,Male
aa08bb89-8aae-4e58-b82d-f2ce807974de,Dane,Lewcock,dlewcockla@parallels.com,Male
5a7311f4-0c39-4b82-b1f3-8bf694c7c138,Noelle,Yarham,nyarhamlb@elegantthemes.com,Female
98495bf8-de3c-4454-8df8-1be3e2135704,Sophie,Spileman,sspilemanlc@seattletimes.com,Female
6a7e7a8a-eeaf-4781-833f-c71a170274f3,Belia,Goozee,bgoozeeld@house.gov,Non-binary
742c6cc6-c9f7-4f51-91e3-dcedec3b3580,Floris,Howsden,fhowsdenle@slate.com,Female
a7d87572-c19f-4615-812b-f708aec76a0d,Grantley,Plott,gplottlf@businessinsider.com,Male
65e5db1b-f945-429a-9c2e-cfd3279c4018,Sissy,Hebard,shebardlg@usnews.com,Female
1f4d56a1-a724-4448-8323-3ad66df3229d,Wye,Fosbraey,wfosbraeylh@simplemachines.org,Genderqueer
dc19caa3-1e3c-4a76-922a-182a0ee280ad,Rodrigo,Roan,rroanli@about.com,Male
3629bcd3-8f00-47d0-866f-ca6eec2f5ff1,Adah,Tofful,atoffullj@twitter.com,Polygender
e47bf56d-89ae-4808-8faf-9b05456569f5,Umeko,Gowry,ugowrylk@paginegialle.it,Female
1df8c055-5ddd-4882-bfd3-e4af648778c6,Gawen,Ximenez,gximenezll@ustream.tv,Male
503f5b80-3af3-4b76-9067-ee8a2101ce33,Myrtia,Pledge,mpledgelm@etsy.com,Female
9eefbb2d-d905-4732-bc9e-0c714a2ff9c5,Rosco,Streater,rstreaterln@arizona.edu,Male
05f2ab1b-60b1-4f4f-9a4d-944711b2db8d,Janessa,Hallin,jhallinlo@vk.com,Agender
41df1bf9-db99-46e2-90d8-9e5f604b0d25,Maryrose,Ionn,mionnlp@posterous.com,Female
e16521f7-b807-429d-a5b9-6835dde3827e,Howard,Tomaello,htomaellolq@vkontakte.ru,Male
f47cac28-1d56-4432-9ad6-5ce9d233d092,Olga,D'Angeli,odangelilr@blogs.com,Polygender
2465d237-b372-468d-8de4-c0e98be09c04,Moselle,Emsden,memsdenls@usgs.gov,Female
05d433d8-4866-4f73-a523-1286305b878c,Nehemiah,Bodman,nbodmanlt@so-net.ne.jp,Male
8c6afec9-1b9c-4ccd-803d-5a7c9ecd958d,Dame,Owttrim,dowttrimlu@furl.net,Agender
5ca05334-fd86-406c-be94-3ebf8edb2376,Maddy,Mayston,mmaystonlv@yahoo.com,Female
1ec9c74a-26d5-4d8a-9f8b-3a8991f654d1,Floria,Blinder,fblinderlw@census.gov,Female
1fcf9990-cc92-483e-801d-743203691e7d,Bruis,Sherewood,bsherewoodlx@microsoft.com,Male
fb2c42c5-4ba6-4059-b1d5-7192c34ccbfb,Vinson,McMennum,vmcmennumly@dagondesign.com,Male
09807814-07ea-45f2-b86d-e199213bdf88,Eberhard,Quartermaine,equartermainelz@flickr.com,Male
be53f143-48d7-44d3-8ce4-e11521ff5b1d,Lindsey,Atlay,latlaym0@qq.com,Male
397b8428-8c86-48b9-bb0b-ed1b81028441,Gray,Bethel,gbethelm1@indiatimes.com,Male
fec55369-95fe-4c0b-b9f6-84865d7fac78,Molly,Grannell,mgrannellm2@google.cn,Female
bc1f163e-7803-4700-8c62-a0a45dd042d0,Carlen,Gunn,cgunnm3@businessinsider.com,Female
2e8b4778-e84a-4cb0-a52a-f3bd54a77694,Artemas,Lucock,alucockm4@timesonline.co.uk,Male
603f9e92-f00f-4280-8896-18d9136ea821,Rhett,Oldfield,roldfieldm5@netvibes.com,Male
fddd7494-d402-4384-be87-764e58b06b8a,Hercule,Healeas,hhealeasm6@wp.com,Male
68081beb-e217-4e2b-b07a-cecf5a86094f,Cindelyn,Bau,cbaum7@fc2.com,Female
c5eedd9c-3862-49e4-a95d-67ba38068a45,Luce,Calverd,lcalverdm8@symantec.com,Male
1dcbf256-ef5d-4511-88ad-132f616c1d29,Zahara,Rown,zrownm9@sitemeter.com,Female
3acb82e8-5021-439f-bf11-6938109ba2cd,Glendon,Loyley,gloyleyma@harvard.edu,Male
f5cc63c7-32b6-4d07-99d1-bd6f3a289211,Granthem,Stocken,gstockenmb@360.cn,Male
29869ba4-ccd2-411c-8ca6-34db59863450,Leandra,Morad,lmoradmc@constantcontact.com,Female
c19d7d11-c155-44ca-8645-4c34ed550e97,Filbert,Peterken,fpeterkenmd@businessinsider.com,Male
baf90a10-1815-42d5-a086-b4b77eaa6f13,Caye,Mannakee,cmannakeeme@histats.com,Bigender
691c02c9-4fe4-45fc-a4ad-05b363f3883c,Angel,Polgreen,apolgreenmf@digg.com,Male
cb3ed2b1-34bf-4b05-b368-281ee75b2bd7,Ashly,Noye,anoyemg@imageshack.us,Female
649b4a7c-9fa2-482e-951f-67cfe6f41d9d,Alaster,McGinnis,amcginnismh@seesaa.net,Male
dfba9fd4-e70a-4a86-87c1-3f9ee9cc2659,Gilli,Leverett,gleverettmi@theguardian.com,Female
a0c6a83f-9791-481f-b219-9b39324dabf5,Pascale,Spencock,pspencockmj@istockphoto.com,Male
45f28932-fad9-4ee4-951b-fd42bea47793,Clarisse,Slowan,cslowanmk@chronoengine.com,Female
16e00595-5956-4167-9bd4-2c5022b957ce,Gun,Gelsthorpe,ggelsthorpeml@house.gov,Male
17f5464e-0e60-4c87-b179-f17b0e356dc0,Sindee,De La Cote,sdelacotemm@acquirethisname.com,Female
6cd3ad3e-4517-46af-acf4-08315da2762b,Cyndy,Bernetti,cbernettimn@google.co.jp,Female
b03d7ae1-22e0-43ee-8daf-4d37cf23a482,Rosa,Varley,rvarleymo@zimbio.com,Female
21a42ce0-f04e-49fb-b68a-d2e342960498,Corny,Mortimer,cmortimermp@diigo.com,Female
6a7fb01f-4ee4-48bd-bd50-952024e10a73,Debora,Iglesia,diglesiamq@google.co.uk,Female
db742a85-b0a8-4f75-8f61-997e85508730,Reube,Ximenez,rximenezmr@homestead.com,Male
cf2ad279-8168-4e4f-a988-473ea17cc5a4,Margarette,Zannolli,mzannollims@myspace.com,Female
03518d19-7496-478d-9d23-e45f5c354df8,Robena,Janney,rjanneymt@weather.com,Female
7be49a51-5de5-4c75-a6de-34a3ead35c1a,Ruthi,Peto,rpetomu@examiner.com,Female
a23f6c33-2837-4b35-bb54-76a1436e464f,Stacia,Reames,sreamesmv@cpanel.net,Genderqueer
1000adab-5c34-43eb-b192-7664c0e59bfc,Cynthy,Collicott,ccollicottmw@meetup.com,Female
72f95eb9-a825-451e-a4f9-726cf10d5fa8,Stu,Geldeard,sgeldeardmx@shop-pro.jp,Male
44523c60-58ae-4346-b16f-b3d7a2b2a84b,Charity,Krollmann,ckrollmannmy@icq.com,Female
efabfa09-a87b-43e8-86cf-78da8f60815a,Byrann,Ashwin,bashwinmz@time.com,Male
b271c7c2-05e2-4d9d-9a17-6a0ee43187dc,Elvera,Presshaugh,epresshaughn0@cocolog-nifty.com,Female
3fcddd3d-bd4f-4832-9e69-a253aff6288c,Horatio,Minget,hmingetn1@topsy.com,Male
383b3146-4b36-4861-bd03-85ec27e505d2,Selig,Marini,smarinin2@uiuc.edu,Male
1c0ae0f7-6f63-425e-8a65-0560c2b2fc85,Karlik,Whitlock,kwhitlockn3@odnoklassniki.ru,Male
5a20564f-a8f3-45e3-9d59-122ea6d26025,Frederica,Drennan,fdrennann4@linkedin.com,Female
248fbe82-aa30-4981-9d49-4dcabe70a967,Lauree,Keyson,lkeysonn5@nymag.com,Female
5339380f-e0ad-4dfc-84a0-b94eded95600,Delaney,McLaverty,dmclavertyn6@icq.com,Male
88edfbb4-6d28-4d4f-a20f-dd2307ef228a,Tiebout,Baulcombe,tbaulcomben7@cnbc.com,Male
442ccd90-3a89-4fd9-831b-69fb73075c30,Alisha,Joy,ajoyn8@merriam-webster.com,Female
e3e98253-cec6-4840-9a7e-42378a06389b,Ogdon,Labbet,olabbetn9@quantcast.com,Male
76e8106c-5ed3-4deb-866b-9b94878749da,Larissa,Gurling,lgurlingna@answers.com,Female
5bc60dc6-f67b-4645-9f89-142d7abe53b2,Cortie,Trimnell,ctrimnellnb@typepad.com,Male
3fc440e7-2d9d-4aab-861a-1d0e01fd0314,Emmy,Mc Meekan,emcmeekannc@vinaora.com,Male
352cd1b3-9d83-4288-8199-27da34c69049,Jayson,Stockney,jstockneynd@va.gov,Bigender
91fb5beb-e676-4964-ad3d-d8a2bb9f34e7,Aharon,Pessolt,apessoltne@tamu.edu,Male
c316b97e-54be-41a0-8b8e-60a65a59e3c8,Falkner,MacIllrick,fmacillricknf@netlog.com,Male
052b9db7-f9fd-4d43-8943-162b388615e4,Margy,McDonell,mmcdonellng@shutterfly.com,Female
900ecacc-d98c-4b75-a8d6-170e715c43e0,Gleda,Osbaldeston,gosbaldestonnh@studiopress.com,Female
fe932302-b407-4921-885b-16fae0199433,Corbin,Palatini,cpalatinini@latimes.com,Male
e63e01b1-f545-470d-9be6-84d4a843708f,Ryann,Faichnie,rfaichnienj@cnbc.com,Female
80ede87e-7036-468a-af58-ccc12f2730a1,Currey,Ballantyne,cballantynenk@mlb.com,Male
5b78db47-5636-42a4-be7d-c5a6bcc97d56,Norine,Sibbert,nsibbertnl@bbc.co.uk,Female
4fcb73a2-6814-4627-95e4-5ddc63c029f2,Bibby,Spinelli,bspinellinm@patch.com,Female
bcda8215-eccd-4b4c-868a-d89a8deafa24,Derek,Fricker,dfrickernn@pcworld.com,Male
084c6456-cc9b-4ad8-ac28-0b59b6abbbd9,Helaina,Mation,hmationno@creativecommons.org,Female
43821173-ad98-47fb-b736-270e5b8b725d,Sidnee,Deane,sdeanenp@chicagotribune.com,Male
204fb551-7f37-4821-b68a-5578fb3d16ee,Yasmin,Lomasny,ylomasnynq@washingtonpost.com,Female
fdea160d-8c83-4499-9d72-db62f3894d6d,Madelle,O'Canavan,mocanavannr@blogger.com,Non-binary
c283a452-78fa-4a86-b0a6-e900abc202b8,Maxy,Dalgetty,mdalgettyns@blogspot.com,Female
313bfe2c-0553-48b8-8eba-cc5513e65fbe,Karoline,Bruckstein,kbrucksteinnt@cnn.com,Female
4fb00989-9a30-41d8-8103-853fdb7c25b0,Jedidiah,Rennicks,jrennicksnu@tiny.cc,Male
01b86e65-03c9-40b5-8a6d-32d45ba9ccdf,Audrie,Rhead,arheadnv@xrea.com,Female
c9d961e7-08f1-4cda-8234-bed7cc851904,Antonino,Cribbin,acribbinnw@accuweather.com,Male
cd62b5bf-ff29-4450-80db-e5a72fb4f822,Worth,Rechert,wrechertnx@purevolume.com,Male
227d6717-9869-44b7-9a3a-bc3f87be581b,Emmott,Spratling,espratlingny@slate.com,Male
c6811de4-2245-436c-ab37-cce4be4d03e3,Deedee,Barnett,dbarnettnz@seattletimes.com,Female
c3fb0294-2482-4af9-a1f8-03888537c86d,Falkner,Tratton,ftrattono0@patch.com,Male
b64c1238-702a-450a-8bd3-54f37587823f,Teodor,Eyrl,teyrlo1@com.com,Male
e59670c7-5eb6-44cd-948a-8eb9ad4bb138,Abrahan,Romaynes,aromayneso2@gmpg.org,Male
4292d015-6609-4f5a-aeb7-d9972ab1ba27,Dell,Grieg,dgriego3@themeforest.net,Male
6b9a4996-d8de-43e1-95fd-af90ed190437,Marlie,Cuberley,mcuberleyo4@marriott.com,Female
7b8d1872-fb46-4572-9e73-beaa3ced8f51,Joeann,Hurd,jhurdo5@squarespace.com,Female
8cf11739-25fa-4acb-b7f3-a30f85701eff,Melisa,Januszewicz,mjanuszewiczo6@ebay.com,Female
86cdca68-b89c-4194-8276-bbf0a17b8daa,Aeriel,McKinie,amckinieo7@youku.com,Agender
a50ecec2-838c-4ad6-9e2e-533ae6eb8dc6,Irvin,Wedgwood,iwedgwoodo8@walmart.com,Male
c8bf7e57-0b1c-405c-a664-8d4b9affdf66,Westbrook,Undrill,wundrillo9@sogou.com,Male
dad0690a-3e94-4b68-ba97-128c692dc876,Ilsa,Kinzel,ikinzeloa@comcast.net,Female
0be72fd0-d978-44c5-84e0-8db45542680f,Phillie,Minnette,pminnetteob@npr.org,Female
f35c7e2d-c905-4584-b5cc-4ee763537045,Adolphus,Blanchflower,ablanchfloweroc@mit.edu,Male
142d2ac4-e0b5-41ae-86e3-9f89c0685a38,Hubey,Donhardt,hdonhardtod@vistaprint.com,Male
1f41cd47-466c-4159-a6b8-81feff710386,Lynsey,Crampsy,lcrampsyoe@mediafire.com,Female
70042503-ec44-4382-9dfc-233cc7bc3798,Melany,Norkutt,mnorkuttof@springer.com,Female
b440f5c4-8d80-4213-ac35-983f0651d150,Georges,Ibbett,gibbettog@elpais.com,Agender
1f62f1dc-66c0-465b-8990-9a703227d833,Alfie,Phinnessy,aphinnessyoh@gmpg.org,Female
29fca2cb-303a-4bf1-bc37-69902ad6c52a,Magdalena,Stiell,mstielloi@baidu.com,Female
2de79faf-169e-4af4-8c6a-5ad696c324ee,Cathyleen,Hamnett,chamnettoj@newyorker.com,Female
0651e268-73f2-472c-ab8b-3a13d6c4c06a,Beale,Girardoni,bgirardoniok@blogspot.com,Male
fbeb23ed-4f16-4a81-a9c7-149da77b9b93,Delmar,Quenell,dquenellol@blog.com,Male
5198c707-8eb9-4a59-a337-9b7e1bdf1690,Monro,Matussov,mmatussovom@wikipedia.org,Male
31a94d3b-250c-4f2f-bd29-df275a583c94,Hope,Everley,heverleyon@yahoo.com,Female
dc630d80-b361-416b-9313-2027800558f3,Gustav,Le Blond,gleblondoo@wiley.com,Male
95a3c783-c672-4f89-866c-720f4ad1a2b3,Berkie,Rosten,brostenop@smugmug.com,Male
c6b6166c-8679-4bfd-aeb2-9abd653a73f0,Harvey,Wadge,hwadgeoq@squarespace.com,Male
85095285-3b7b-4b43-858d-24469c63b23e,Walton,Franzman,wfranzmanor@nyu.edu,Male
47897930-0d50-4822-9c42-0c72e7cd0d72,Adler,Kender,akenderos@nba.com,Male
ca54387b-74c8-4249-8270-9df8e8c08bef,Hamlen,Winnard,hwinnardot@quantcast.com,Male
0657649d-e997-4705-8789-cbe02ce303be,Kelsey,Idiens,kidiensou@dion.ne.jp,Female
5552c76f-ac3c-4237-b469-306f5e131c36,Guendolen,Mellody,gmellodyov@bloglovin.com,Agender
e72fa595-1cbc-4e4d-88e6-49b36ea74e00,Edwina,Jewer,ejewerow@123-reg.co.uk,Female
4768331a-79ec-4128-831c-990ce51c917e,Colin,Rivelon,crivelonox@wiley.com,Genderqueer
1cff2ce4-d487-45fb-b695-e802ed44f6a2,Lin,Jerrome,ljerromeoy@domainmarket.com,Agender
12363852-2cad-454d-872c-3901f693817c,Brier,Baress,bbaressoz@shutterfly.com,Female
05adcfba-82ee-4321-abf7-a21f33768f52,Jule,Harlin,jharlinp0@google.pl,Male
a3335467-92a0-4061-8a27-2413120adc0b,Janet,Jobbings,jjobbingsp1@qq.com,Female
c513bd32-006f-42d3-a473-a1967e3d107c,Sammy,Hannigane,shanniganep2@europa.eu,Male
e8afd25a-ed4e-4a2f-a988-547727919067,Garrott,Frobisher,gfrobisherp3@loc.gov,Male
c9e360dd-804b-41ef-897c-0e101c724717,Jayne,Ower,jowerp4@youtube.com,Female
189bba9b-deba-47f7-9cee-6a884eb03f1a,Wynnie,Whitwood,wwhitwoodp5@nifty.com,Female
8f1bbc96-d9fb-4da8-ab1e-a039534dc02c,Ursola,Aherne,uahernep6@mapquest.com,Female
fc7ef500-b403-4d5e-b968-14175950a1c4,Padraic,O'Henecan,pohenecanp7@rambler.ru,Male
7fcae76a-4a38-4300-b398-dacb21808aa4,Teddy,Grayshon,tgrayshonp8@youtube.com,Genderfluid
209d5079-cf54-4bca-99a4-5e0f1699975f,Bernard,Sone,bsonep9@illinois.edu,Male
2527b94a-86ad-409c-8404-47b9dfa00d4c,Jeno,Gummery,jgummerypa@goo.gl,Male
2b82a305-5748-4a4d-8dc1-45aa5fafba90,Ximenez,Kemwal,xkemwalpb@printfriendly.com,Male
89bb87ac-0402-499f-895f-609ddf191e88,Rania,Elies,reliespc@google.com.br,Female
534722c0-b650-4969-8362-a8ed02a3b8cc,Neil,Pesticcio,npesticciopd@macromedia.com,Male
739ea55d-ef2a-440c-96df-fc3ff5021cfd,Joachim,Archer,jarcherpe@spiegel.de,Male
f3a3d1b8-2f54-4941-84e8-5ac6459784a1,Malanie,Czajka,mczajkapf@imgur.com,Female
f4c0ff25-1860-4dae-8469-87decd2ae448,Fidelio,Patnelli,fpatnellipg@bravesites.com,Male
fd0335bb-9584-4caa-8b9b-c6136e191c8f,Nehemiah,Yapp,nyappph@printfriendly.com,Male
05a254b4-daeb-4005-9fcc-1051051cdeb5,Allie,Gorioli,agoriolipi@soup.io,Female
82c9adbf-0945-4de7-992d-1e9b9357822c,Christine,Farnham,cfarnhampj@delicious.com,Bigender
16d0a573-3eb8-4888-ae16-1fba59955b07,Carlos,Shouler,cshoulerpk@boston.com,Male
faec1e16-6e06-4362-8b1e-66aac8416f33,Currie,Falco,cfalcopl@reference.com,Male
c9026ca3-8a90-48eb-b1e9-74f493fa0e1d,Cosmo,Bus,cbuspm@zimbio.com,Male
0b853be8-ce1f-4c74-a898-294ec37dbba7,Odille,Gatrill,ogatrillpn@shinystat.com,Female
cad5a85e-ee92-4eea-869f-2cfbb573e0c0,Haslett,Surtees,hsurteespo@smugmug.com,Male
5a122a73-72dc-43f6-82b7-7fbc3e22a95a,Stillmann,Shayler,sshaylerpp@java.com,Male
354dc243-feb0-426f-8c22-8ae0800ea075,Rowan,Houston,rhoustonpq@dyndns.org,Male
3fe89b48-4e62-4978-93ef-b18aa8d489cf,Malina,de Copeman,mdecopemanpr@jugem.jp,Agender
a6e2c190-8a37-4358-8593-2573808de5e4,Adelaide,Jeffry,ajeffryps@google.pl,Female
2f38b8f1-33cc-49b2-aeb2-b3db8264bfcc,Misty,Welds,mweldspt@ted.com,Female
70409919-ac09-4895-b700-54abd874417d,Dorine,Sharpus,dsharpuspu@yahoo.co.jp,Female
13ec306c-81cf-446e-95e3-992b56447cee,Arvy,Scole,ascolepv@yolasite.com,Male
a8fb5573-89f1-4931-996c-78d7093df58f,Norman,Rude,nrudepw@plala.or.jp,Male
302acce4-f1ef-4cc6-adb3-9cc84ac5c4f5,Gwenni,Fussie,gfussiepx@delicious.com,Female
04c98c1a-820a-4abb-ab2b-972428fec46e,Pet,Braiden,pbraidenpy@guardian.co.uk,Female
86c27ce5-82b9-442e-881d-70db8496d8f9,Myron,Archell,marchellpz@e-recht24.de,Male
d821a2a3-1d40-4219-aa5c-8ea87995d775,Kelcy,Clancey,kclanceyq0@flavors.me,Female
bc935616-9369-4f52-8f47-3037a35e61b1,Polly,Sheppey,psheppeyq1@thetimes.co.uk,Polygender
058d1050-3b91-43fe-b9e8-f0079438b1c9,Jarib,Hutcheon,jhutcheonq2@ebay.co.uk,Male
137f7021-4c11-40bc-9a64-74b5344317f2,Chantal,Styan,cstyanq3@squarespace.com,Female
64b622de-6388-4aee-9521-175910f45cd0,James,Girogetti,jgirogettiq4@cnn.com,Male
3e8d4a2e-caab-46e4-b802-e24e3ac62069,Romona,Gimlet,rgimletq5@washingtonpost.com,Female
bc7a466b-ccba-4cd3-a55d-ca4f4037884c,Staci,Zuanelli,szuanelliq6@blogs.com,Female
659388f9-2688-4ad1-870f-34a15556ec3b,Sidnee,Levis,slevisq7@cornell.edu,Male
e8118dec-27e1-46ac-bee6-e5c1a08f6d66,Dallas,Grichukhanov,dgrichukhanovq8@ebay.com,Female
e4bb44e7-c084-4316-afdb-2a0d23ac49b6,Ulrikaumeko,Nials,unialsq9@w3.org,Female
d31efe95-c2f3-4c2f-a5a5-31bc2fcf73ed,Hercules,Joscelyne,hjoscelyneqa@istockphoto.com,Male
471e112a-dd4f-4328-bec9-31e6a2512f7c,Nadine,MacNair,nmacnairqb@freewebs.com,Female
d094541b-22a3-4985-b1fa-7a43be110868,Vasily,Jest,vjestqc@who.int,Bigender
68ae661a-aa01-47cd-b9ce-5bd0cab19af2,Hilly,Copsey,hcopseyqd@com.com,Male
66ece228-b547-4456-ae1f-b40f37d09624,Noemi,Eagger,neaggerqe@latimes.com,Female
1913ebe1-a5c9-4a70-8c3c-498e5f7d2090,Rosabelle,Newbold,rnewboldqf@ft.com,Female
8355fe04-d90c-4567-9b16-af4e7610db5c,Joya,Manuele,jmanueleqg@yahoo.co.jp,Female
92de23a8-4ec5-4c74-b433-0777ce330416,Vin,Barney,vbarneyqh@posterous.com,Genderfluid
a0a3013e-fdd4-4e3e-84a8-db3c1ddcc61c,Joceline,Yarwood,jyarwoodqi@networkadvertising.org,Female
8e958712-a7cd-4f16-989d-8a68bdd8a041,Brit,Daskiewicz,bdaskiewiczqj@sphinn.com,Male
bcf742af-ac52-4d99-bbd8-2726cca01700,Lukas,Fridaye,lfridayeqk@ed.gov,Male
cac123df-d152-4ccd-8539-745016315873,Adoree,Boake,aboakeql@altervista.org,Female
bc6471b7-6533-4f7c-b92d-cbdbde6775c3,Pearce,Harold,pharoldqm@nydailynews.com,Male
8868edd7-b736-405f-98c2-2cac6dc5c914,Jennee,Tilt,jtiltqn@skype.com,Female
a3765367-96bb-4808-b10b-5afae8aeb069,Aloysius,Glyne,aglyneqo@hud.gov,Male
ca4018f7-5773-4e9b-bd8d-77ebb68a0e76,Harold,Wellbelove,hwellbeloveqp@infoseek.co.jp,Male
b1f0bbec-b7d2-498b-9a5c-6dbc2490fd70,Hesther,Oldroyd,holdroydqq@blogger.com,Female
0fedcdb0-7faf-4ee3-a362-8a7d734d8611,Laney,todor,ltodorqr@netscape.com,Female
9513e1e1-555e-45e9-8b0b-849b30dfe7c6,Latrena,Blundan,lblundanqs@sun.com,Female
8a7d0740-4784-40da-83ae-2f6dbad775ab,Gorden,Spuner,gspunerqt@fc2.com,Male
6586327c-42d1-476d-a8ef-13db2dd19a81,Clayborne,Gurry,cgurryqu@wired.com,Male
c10858dc-bf71-44d3-a8a8-47e220807d28,Yves,Gokes,ygokesqv@flavors.me,Male
4467b029-50a4-45ee-a050-458f807cbb10,Valeda,Dallicott,vdallicottqw@ucla.edu,Female
092e2c68-b94d-4b1d-af51-0083e95f971e,Saunder,Jakubiak,sjakubiakqx@angelfire.com,Male
15da74e6-7ad1-45ff-b65e-6ea78f114fc2,Palmer,Moxon,pmoxonqy@mashable.com,Male
1fa1ac60-efa5-4e7c-83a3-4796f6f49c91,Briggs,Battersby,bbattersbyqz@tmall.com,Male
984a3c99-a811-4841-99ec-6de180868a62,Guthrie,Tomaino,gtomainor0@ucsd.edu,Male
240e519e-8f83-46ad-b589-e1420bce319e,Blisse,Sherborne,bsherborner1@skype.com,Female
5fbcf200-036f-4da3-8872-25cfff6b0e37,Bran,Troutbeck,btroutbeckr2@prnewswire.com,Male
6963c89e-e147-4ecf-94d7-d76957a958c5,Sabina,Arundell,sarundellr3@myspace.com,Genderqueer
0417b581-c4d3-40ec-af68-71df9e10abe0,Karlis,Mewburn,kmewburnr4@exblog.jp,Male
66490d6e-3617-4cc3-9054-6a41a0e5b36e,Lurette,Havers,lhaversr5@state.gov,Female
4976d5e6-e283-482d-9a38-e76c24e03154,Camellia,Keasey,ckeaseyr6@cloudflare.com,Female
a2e40d04-b864-4a92-8ec3-460a9a7fd5c7,Eldredge,Barns,ebarnsr7@bigcartel.com,Male
1616d728-7365-4fdb-947d-a1ab8f066022,Rora,Paolillo,rpaolillor8@miibeian.gov.cn,Female
ecc31b64-6ef7-4670-a672-71d67d7b5a08,Ali,Marzelo,amarzelor9@plala.or.jp,Female
18e19be6-52f2-40ba-b988-f45a07cc4ffa,Phil,Hemms,phemmsra@w3.org,Female
22d4aa5c-8f69-4bb8-94e1-74bc6f725632,Elmore,Bundock,ebundockrb@wp.com,Male
8293d5e4-a534-4bd2-9fa7-8d6c56d7e45e,Vikky,Sang,vsangrc@amazon.co.uk,Female
af7263b6-a806-4b57-97cd-aabeb49d63a6,Ianthe,Philipart,iphilipartrd@biblegateway.com,Female
c4f1f878-87b5-47a3-bd5e-c18fed59b901,Cece,Barhem,cbarhemre@smugmug.com,Male
2eb3b556-9bf6-49de-9c85-cc66d68e7729,Charlotta,Ridgway,cridgwayrf@omniture.com,Agender
4c3de892-5732-4ae3-b7a1-1994538256f5,Donetta,Mokes,dmokesrg@w3.org,Female
f766f370-a540-4fc3-bf2b-165fa25a38df,Yurik,Gore,ygorerh@ucoz.com,Non-binary
9266ef50-61af-45e2-8bbc-15818fec28e8,Worthington,Legge,wleggeri@mediafire.com,Agender
9df15b07-cc97-4b9a-b333-23cc6afa3898,Patrizius,Edgars,pedgarsrj@wired.com,Male
451b6d87-3a64-486e-b11f-d73a00547022,Evelin,MacGille,emacgillerk@youtu.be,Male
3fe3dc69-04e6-4586-b39f-5b701383cec9,Baron,Crosgrove,bcrosgroverl@indiatimes.com,Male
22911aae-477e-4ff2-8978-45294e770f0a,Karel,Ducarne,kducarnerm@un.org,Male
7eec393f-8caf-4ef6-b53d-2d44299f88eb,Darelle,Lardeux,dlardeuxrn@wikia.com,Female
0a4ee1b0-42c2-4915-ab11-f02556723f4c,Jerrome,Harrold,jharroldro@barnesandnoble.com,Male
e70215fa-e036-40b1-ac44-9482d60d63e5,Sher,Chang,schangrp@dagondesign.com,Female
cd9db151-a25b-4aa7-96f3-00891fe11efe,Udell,Rothera,urotherarq@admin.ch,Male
fff28da1-0bb9-4ba6-bacb-a6377d428e15,Judas,Padillo,jpadillorr@ask.com,Male
