id,first_name,last_name,email,gender
8276431e-29d6-4f3e-b7f3-2b1f1c77f88d,Moshe,Errowe,merrowe0@nymag.com,Male
945b3cf8-e1f3-4001-a600-301aa46932e0,Annabel,Petyakov,apetyakov1@i2i.jp,Female
721d4375-bdcc-469c-8f85-41438d3b6735,Roxanne,Skaife d'Ingerthorpe,rskaifedingerthorpe2@sitemeter.com,Female
9d541e5d-e790-428f-8ac4-53e18cf00b56,Lenore,Philler,lphiller3@youku.com,Female
8434a5dc-243f-487e-9c35-8a0730dc04a9,Iorgos,McCrossan,imccrossan4@foxnews.com,Genderfluid
e92c3dcc-3d84-4109-b25f-b2aa7f7d4ed8,Ariel,Campione,acampione5@addthis.com,Male
f771deed-1276-4fc7-98b8-eb10546aa9af,Linnea,Mandre,lmandre6@earthlink.net,Female
6e850578-d3df-440b-ad9c-50bc1d238161,Filmer,Ahlf,fahlf7@dagondesign.com,Bigender
bd770b80-c5e6-4d88-bc0c-2d026971a38a,Trixy,Pacher,tpacher8@ibm.com,Female
b27b5e79-b020-4e3c-9a8b-15e8b69cbcd4,Cristine,Sunners,csunners9@bbb.org,Female
edb54494-e59c-45fe-8d77-99d784cbb375,Agatha,Bithany,abithanya@sohu.com,Female
26c6a12a-fcd3-4bfd-82f1-7dbfac1be307,Tyne,Pinson,tpinsonb@engadget.com,Female
ef438846-1e30-4507-a3e5-a1d55a6ba9cc,Hadria,Burdekin,hburdekinc@tuttocitta.it,Genderfluid
673bb0a6-9e19-4f3b-80a5-2fdf6aa17305,Will,Giraudat,wgiraudatd@vistaprint.com,Male
30e99759-0945-456a-a61b-74aa88bc1c36,Errick,Richmont,erichmonte@mail.ru,Male
2f05963d-964f-4c54-bea7-9a1806c58cde,Annice,Tharme,atharmef@bloomberg.com,Female
4533c921-018b-458a-9f0d-fe2f70db6ef2,Susy,Mordue,smordueg@comcast.net,Female
9bb23d68-48b4-4e06-b140-01487cc5ef09,Baryram,Ferrero,bferreroh@scribd.com,Male
30339e34-8a72-4f4f-9b80-9686a32f3481,Salomone,Bohea,sboheai@geocities.com,Male
7b416030-485d-4cc8-8f22-722e494a869b,Mannie,Sigsworth,msigsworthj@guardian.co.uk,Male
d094ba28-07d3-4770-84ee-0674dee12207,Tiffanie,Harling,tharlingk@kickstarter.com,Female
1a2dad57-801a-44d0-9b00-23f2d6ece6b7,Edyth,Rangall,erangalll@so-net.ne.jp,Female
97a7128c-a056-4505-b0f6-6c8727a3b254,Donielle,De Cleyne,ddecleynem@purevolume.com,Female
fa3f08cc-f44b-46e3-8708-498494e06de1,Cathlene,Pedgrift,cpedgriftn@myspace.com,Genderfluid
3eb0e2da-3986-4d7d-bac3-ca400714eaa2,Maxim,Ludwig,mludwigo@taobao.com,Male
2f6fc962-a351-4201-8286-9b9b9cf92bb6,Sholom,Boynton,sboyntonp@is.gd,Male
c47e7ce4-844c-4f9e-99f5-1bce02fe13a1,Atalanta,Afield,aafieldq@discovery.com,Female
1636df11-da19-4102-af0f-55640f41c5d1,Sherlocke,Colvill,scolvillr@webmd.com,Male
7614c281-1922-49bf-a341-e0484ef86481,Rik,Barkess,rbarkesss@indiatimes.com,Male
c3f6cc66-004a-4270-9669-42b831646df8,Staffard,Colleton,scolletont@pagesperso-orange.fr,Male
3490ea5c-38de-4cb9-a4a0-0240e2ea7dee,Lissie,Driussi,ldriussiu@opera.com,Female
1229d789-9321-4763-96d1-7d619abad863,Howey,Nicolls,hnicollsv@fema.gov,Male
d1c56cde-afb5-41d9-9924-f89f926a025e,Lucilia,Udy,ludyw@acquirethisname.com,Female
93a0357c-2dac-47ca-9e91-f9fbf33e1f5c,Wiley,Chevin,wchevinx@arstechnica.com,Male
efc2fd59-d822-4a33-97c5-c06f38610ebb,Amalea,Thomassen,athomasseny@dedecms.com,Female
03f257be-82da-4a66-ac9a-3df9c730adbf,Guillermo,Kuzma,gkuzmaz@fc2.com,Male
6d0984e9-4300-490a-9491-a274771476ce,Welsh,Brisseau,wbrisseau10@gizmodo.com,Male
efebba24-6833-4220-b0c9-e5de757af829,Delia,Golsworthy,dgolsworthy11@fda.gov,Female
d4a515ff-aea0-49c5-911f-82a632029d76,Natka,de Copeman,ndecopeman12@biglobe.ne.jp,Female
f4bab373-0035-4d24-9426-088b97f1d775,Arron,Burkinshaw,aburkinshaw13@xrea.com,Male
0f604800-8628-4539-b1ab-57642dfa97a7,Elissa,Rehme,erehme14@cornell.edu,Female
1bd9b8af-9795-4e08-a8ed-f7d3df0c909a,Etheline,Winscum,ewinscum15@ibm.com,Female
e5ec3580-1ad5-478c-8242-8139883abad0,Karalee,Baake,kbaake16@mozilla.com,Female
80453fda-5865-472e-9515-6ac021656130,Paquito,Ramelot,pramelot17@youku.com,Male
85d8163a-27c9-4aa2-87cb-ca885adff31a,Suzette,Eminson,seminson18@sbwire.com,Female
019a80a7-9063-42f4-bc43-f97fe239758d,Gareth,Showl,gshowl19@fastcompany.com,Male
4c623f77-5a70-462a-8a99-a023b0c74263,Jayne,Jenyns,jjenyns1a@github.io,Female
ece8713c-fdbb-4830-b7ab-ec56a5b0cc7a,Darin,McMennum,dmcmennum1b@ask.com,Male
b67c7be6-44cb-4768-a6cc-508b96da6cb5,Cindy,Trewett,ctrewett1c@wired.com,Female
f8073312-c5d2-46d9-a359-a93ac93f291f,Almire,Meyer,ameyer1d@biblegateway.com,Female
70e98cfa-6e4f-4a73-84d2-5703469b1ed8,Gerianna,Crutcher,gcrutcher1e@soundcloud.com,Female
eb370796-181a-4ee5-aeef-c75c0d91e3a7,Laney,Dorking,ldorking1f@patch.com,Male
5f38c892-530e-4948-b20c-b6b23c4ef24f,Rivy,Jaynes,rjaynes1g@abc.net.au,Female
f5ef9f6f-8277-4264-bfbc-a258ce4c8d4d,Margery,Havik,mhavik1h@marriott.com,Female
0e10ebcf-2caa-4c57-bf97-7ad0a48f44cb,Keenan,Merrill,kmerrill1i@imgur.com,Bigender
4c9ee4b6-4aa4-4572-bf01-bcb3cf9318c8,Alessandro,O'Currane,aocurrane1j@rediff.com,Male
445f037f-4789-4fb7-b612-25e2824fdddb,Drusi,Beel,dbeel1k@tumblr.com,Female
176bb5f0-e469-4b0d-9359-1799abc5aa6e,Marcel,Clohessy,mclohessy1l@time.com,Male
251405b1-8cab-4ac7-92b8-af3c910f4894,Ray,Deans,rdeans1m@people.com.cn,Agender
b1127c9d-a439-44cf-95d5-9bc33a6f6a25,Conchita,Angrave,cangrave1n@blogs.com,Non-binary
7ea582b5-f6d9-4b5c-85bd-ca59a744f5f8,Winnah,Kidston,wkidston1o@skype.com,Female
78a62691-d235-4251-86a5-9ce29cc61c0b,Bryon,Malecky,bmalecky1p@smugmug.com,Male
695981b3-079b-471a-8aa7-441fbd9c3ed2,Ethelyn,Putterill,eputterill1q@skyrock.com,Female
208da4fb-42b3-4768-9507-fc645cc49741,Amory,Benedikt,abenedikt1r@amazon.de,Male
e8cec82f-d1cb-4091-9612-6fc1c4cda259,Beltran,Freeberne,bfreeberne1s@va.gov,Male
cf75c037-5576-4a93-a09d-12d9eb446ee9,Daloris,Kenworthey,dkenworthey1t@cmu.edu,Female
525eb0de-b5fe-4ae7-9363-bd3c6af179f5,Harwilll,Sparshott,hsparshott1u@cargocollective.com,Male
aa6b5342-2600-4684-ab3d-8528623986f5,Royal,Hulson,rhulson1v@theglobeandmail.com,Male
cc18e69f-20b4-4b54-bb50-b4ab07865e43,Tedmund,Luter,tluter1w@deviantart.com,Male
ebee2c6b-8541-4752-836a-3299c0a655c3,Matt,Lowre,mlowre1x@i2i.jp,Male
0ee74d17-39e9-415f-9995-4b36e775b52c,Irene,Beese,ibeese1y@wsj.com,Female
e61b77c1-19d5-41aa-864e-f5cf7685f370,Jenn,Morilla,jmorilla1z@fc2.com,Female
64a1a0be-6cd7-4a0b-a73f-6a8ec9133392,Ashton,Auden,aauden20@myspace.com,Male
59391ecb-ac6d-46fb-b20b-e6e7fb680bb3,Marcela,Fenner,mfenner21@google.ru,Female
fafd506f-990f-4b71-9c50-28a9e681ea36,Andie,Skeldon,askeldon22@state.gov,Female
395126ec-5963-46f3-946e-27d8192c34eb,Ludovico,Gillease,lgillease23@live.com,Male
0add4386-8911-4c1f-9a45-9b1823ceff0f,Christean,Phettiplace,cphettiplace24@reddit.com,Female
2bf334f1-943b-4149-ae60-42b55963bb2d,Ivory,Gosnoll,igosnoll25@webmd.com,Female
6cb1463e-27a2-4d94-82c5-683a616d2c2b,Lou,Hoogendorp,lhoogendorp26@myspace.com,Male
0511a7d4-805d-4e28-b5b7-9aea7e7c77c6,Zeb,Bagnall,zbagnall27@eepurl.com,Male
fd73ab48-ddd2-4937-b47d-e44bbbf7e32f,Franny,Lambird,flambird28@last.fm,Female
614ae64b-01d1-4e97-a356-05b0b2362cba,Donelle,Reddan,dreddan29@ocn.ne.jp,Female
1bfe7f56-a215-4486-b3d6-aa5beacf2ae6,Zaria,Beams,zbeams2a@ow.ly,Female
6430ab56-f96e-4ef2-b345-720bb3b3b2f9,Edik,Harburtson,eharburtson2b@uiuc.edu,Male
be4a510e-ec04-462e-960c-720af2d59c74,Giacobo,McIlhone,gmcilhone2c@usatoday.com,Male
89928e0c-94b1-44ad-9dc4-ddaac787885c,Twyla,Allden,tallden2d@booking.com,Female
7c958682-9ec9-4cbf-b7d3-ecff74404b2e,Maryl,Windridge,mwindridge2e@un.org,Female
45f84d76-1f6a-450e-9be4-9d6b4c4cd5f2,Worthington,Sidebottom,wsidebottom2f@symantec.com,Male
8af2c5d7-0f72-4fc6-8bf5-638939c6aa5e,Erin,Feild,efeild2g@prweb.com,Agender
6ec3ffba-214d-4d03-b33d-c93bd5b5b9fb,Phoebe,Origin,porigin2h@mozilla.org,Female
7696450f-35f3-4183-921b-9020ffdb343b,Ilyse,Ginnally,iginnally2i@indiegogo.com,Female
cc03167b-9659-445c-86da-20b1df4ebfd9,Anatole,Torrie,atorrie2j@elpais.com,Male
8ffc715d-2e4c-4bb4-8988-beefdf1c4146,Dorothea,Bartoletti,dbartoletti2k@umich.edu,Female
9307601b-c235-434a-9379-82e63674dd4b,Luca,Airy,lairy2l@seesaa.net,Male
9b7a03b0-db59-4d5a-8586-272e72acbe4d,Richmond,Tomeo,rtomeo2m@surveymonkey.com,Male
81915b87-c39a-4ef1-a07d-69c83bf33d73,Ethe,Spykings,espykings2n@desdev.cn,Male
8c46fa95-2a03-4c89-bfa1-810c409daf01,Hasheem,Daout,hdaout2o@acquirethisname.com,Male
8a043033-14f5-48c8-8cb0-4592bd9956e1,Roberta,Kerfut,rkerfut2p@tamu.edu,Female
0ac28e13-e05b-4733-9315-1225ae2e906f,Carmelia,Fosbraey,cfosbraey2q@hc360.com,Genderqueer
438128e1-ae6d-4536-b0f9-de9c6ade6268,Hedy,Pocklington,hpocklington2r@chicagotribune.com,Polygender
6cd54fb1-9d9b-4edf-9c25-1bfac676600e,Taffy,Branche,tbranche2s@epa.gov,Female
3eddb10c-50fa-4d87-a3d6-f11ad321f2b8,Luis,Chisnall,lchisnall2t@ifeng.com,Male
db0bbfee-bec9-4949-af88-1d104d3ff35d,Gar,Rawles,grawles2u@pagesperso-orange.fr,Male
d5d4f025-f19b-431e-beb6-cb7b5e01ebae,Osmund,Merrall,omerrall2v@linkedin.com,Male
475dc5c6-5d77-44ac-b87e-096b40cd3475,Desirae,Jacqueminet,djacqueminet2w@google.de,Genderfluid
6cf7d7ef-ba61-46af-aa5f-b233f38bf2a6,Moll,Stanyard,mstanyard2x@answers.com,Female
68cd750a-c50b-4fe5-af9e-46e13adcc44f,Kurtis,Aiken,kaiken2y@bloomberg.com,Male
0c5c44fa-a08f-46f7-bd6b-140513f211ef,Wilek,Bickers,wbickers2z@hubpages.com,Male
d862cada-b5bf-49ff-b10b-ce160e7f6156,Frankie,Bester,fbester30@mozilla.org,Male
c38fd387-cc10-40eb-979b-a2cc2592e6e2,Kalindi,Reck,kreck31@liveinternet.ru,Female
ce947b94-1c97-488a-a867-53a1873e6873,Carter,Bardwell,cbardwell32@linkedin.com,Male
4a1dee5d-b87e-4983-b54e-836a00f1003d,Elsey,Oene,eoene33@taobao.com,Female
355f4aa1-c7a4-4560-811b-bf3e92defc2d,Vasilis,Duprey,vduprey34@amazonaws.com,Male
d4851114-2425-4f57-bd64-271c52fef6b5,Ulrick,Casali,ucasali35@sun.com,Male
e433990e-8f19-43fa-adc9-b7cc7c2fbc57,Delila,Cozens,dcozens36@webeden.co.uk,Female
7ddd4176-8271-455e-a853-249edf309af8,Pattie,Bread,pbread37@tiny.cc,Female
643fd217-acca-40ea-a6d9-47f2046ed431,Shel,Wandrey,swandrey38@engadget.com,Bigender
6d3fe81c-633a-43ca-a448-2a8c6e95fbd3,Daisi,Witchalls,dwitchalls39@va.gov,Female
8f8abdee-53c6-4b6b-92a1-a699992234e9,Karl,Rudd,krudd3a@tuttocitta.it,Male
c8ffda74-f6a8-46de-bf60-4de6eb5d7ec6,Fan,Mercer,fmercer3b@aol.com,Female
5d711c50-64ef-49f8-ae7a-102c907e24c2,Clark,Fleury,cfleury3c@stumbleupon.com,Male
bd054d5b-eec7-45ad-999f-ec1003b22fde,Sidonnie,Cruess,scruess3d@gmpg.org,Female
d7629f5b-3884-4e64-9732-4f82a9e08e93,Angelle,MacPharlain,amacpharlain3e@lycos.com,Female
6d329dd9-ce54-40fc-b639-2e2747a87e57,Lulu,MacAndie,lmacandie3f@washingtonpost.com,Female
fa3fa807-ad79-4d09-b5ff-acfcca6df20a,Wynne,Colin,wcolin3g@networkadvertising.org,Female
73e74d6b-af97-4b2b-b260-f714991ca287,Sheilah,Buxy,sbuxy3h@last.fm,Female
ec4a4bb6-68db-44c1-a7ef-8f5a472ec0fa,Teodoro,Copes,tcopes3i@ning.com,Male
b519d8c1-a68a-4028-b55a-e8eb97ff2a5f,Elaine,Dooler,edooler3j@hc360.com,Female
69e07c08-a4e1-4513-9f17-c791e927b162,Sarah,Allbut,sallbut3k@csmonitor.com,Agender
b7d6cbba-0053-4220-8eb2-3a761257b203,Mannie,Dreng,mdreng3l@mit.edu,Male
c6b1fc9c-87f5-4802-bff2-061337022d2e,Tessy,Maybury,tmaybury3m@imageshack.us,Female
37536c01-5992-45da-99de-76b7ad1cf27b,Claus,Fatharly,cfatharly3n@e-recht24.de,Male
566f7c77-c5eb-44d7-9499-d48550a72037,Torey,Nickolls,tnickolls3o@reuters.com,Female
beeb3fc2-2dd1-4dbc-8a41-9fd55497512f,Andrus,Jura,ajura3p@altervista.org,Male
28ce2452-2f03-4521-b25c-18501a0910ff,Jedidiah,Mattecot,jmattecot3q@meetup.com,Genderfluid
95a8d2f2-c172-43a0-98c3-cd2b051518b7,Pavla,Di Carli,pdicarli3r@nasa.gov,Female
b6222f5d-6831-439e-8b08-6a1bea1ac249,Alysa,Enriquez,aenriquez3s@unc.edu,Female
a089c7ff-8214-4296-818a-1e6fea1db4bf,Roseanna,Lynskey,rlynskey3t@soup.io,Female
402b563e-8f6e-4b2f-ae3a-4ac248919a13,Alard,McRamsey,amcramsey3u@washington.edu,Male
81755c58-250d-465c-81f9-67aab31904a4,Carley,Gegg,cgegg3v@linkedin.com,Female
fdcaa541-4f3c-4a1d-af47-ee166f9ea507,Aggi,Skain,askain3w@topsy.com,Female
8fa7e202-e298-46e1-b07e-32e493bfdec7,Teddy,Noe,tnoe3x@geocities.jp,Male
76d75282-7ede-4de0-a26f-4e7c35461f5e,Deni,Hartrick,dhartrick3y@t-online.de,Female
e18a9782-7d8c-4ac9-a5ee-0c4c7cbcf69f,Aaron,Kits,akits3z@cam.ac.uk,Male
0ceb5144-9558-4011-b98e-e78f77bc0125,Caron,Martinez,cmartinez40@miitbeian.gov.cn,Bigender
454a8bc2-19b5-4389-bdff-e480278d6d56,Lodovico,Yedall,lyedall41@nationalgeographic.com,Male
6c349a8a-0d6b-42d3-ba67-d626e668fc3a,Elysia,Paslow,epaslow42@guardian.co.uk,Female
3228d55d-1f64-41a7-a1d2-ce7c5534ff35,Vale,Normant,vnormant43@yelp.com,Male
8b2f9711-3813-41c2-bfcd-3b891dd4b50d,Hank,Rennles,hrennles44@feedburner.com,Male
d83f0fdc-1436-430f-a30d-e923e5dc2e07,Stavro,Urwin,surwin45@mac.com,Genderqueer
488619be-f8c5-4c51-aa2b-b9183babf8bb,Birch,Digger,bdigger46@odnoklassniki.ru,Male
d71b4be4-1899-437c-a6f0-61db01629da5,Maje,McKeighen,mmckeighen47@wikimedia.org,Male
db34e82e-7adc-46ea-beca-d75240610916,Melosa,Gjerde,mgjerde48@irs.gov,Female
20c73e01-e249-4a54-9c3a-c25cb84e7c1a,Maurizia,Obbard,mobbard49@vimeo.com,Female
08c4072c-d7eb-4f36-b46f-fcbadb29f691,Gavra,Schultes,gschultes4a@weebly.com,Female
97c59784-d07c-4a06-9879-18e3fa4f4cdf,Crawford,Khristoforov,ckhristoforov4b@blogger.com,Genderfluid
af238eb4-1e3d-45c5-bfb4-f5f8ba11e03e,Lenna,Kornyakov,lkornyakov4c@yellowbook.com,Non-binary
266cd6e5-b17a-4dbc-a6e3-8b220227b16f,Adelaida,Treneer,atreneer4d@qq.com,Female
549b8a10-fd40-416e-943a-1d8d07886f66,Jarvis,Kilner,jkilner4e@mozilla.org,Male
ca9f99a1-efce-4077-829b-952e35a3e320,Poul,Guest,pguest4f@squarespace.com,Male
8ae7b521-7747-4dec-8207-c4901a8c8a1a,Siward,Towers,stowers4g@amazon.co.jp,Male
f0d9c9d8-6792-4328-913a-746a9d41c36a,Mayer,Rowlands,mrowlands4h@arstechnica.com,Male
ff6a3286-91d7-4831-b642-8705857a0a89,Cody,Crace,ccrace4i@bbb.org,Male
4d42ea23-fa62-4413-946e-6e6e45d17add,Adan,Largen,alargen4j@csmonitor.com,Male
2d95b507-c0e8-4f0d-8a68-9b0563f231a0,Malia,Drew-Clifton,mdrewclifton4k@cmu.edu,Female
6bc7e5c3-5275-4af2-9283-39979ed6bfb3,Gavin,Craister,gcraister4l@chicagotribune.com,Male
49db8371-bdb7-41b4-a9b3-45eff011af3b,Ashil,Lancley,alancley4m@wordpress.org,Female
e832cab7-104e-421d-b5c6-4d237711d769,Red,Valentinuzzi,rvalentinuzzi4n@nsw.gov.au,Male
7052d894-b01b-47c6-abba-9201dca31a84,Kristoffer,Casarini,kcasarini4o@a8.net,Male
b942b262-ec49-4f7b-bebf-aef7c03bbf4f,Isahella,Winspar,iwinspar4p@surveymonkey.com,Female
c4e899db-2d0d-4149-bfb3-bec8a89ea94a,Brita,Martugin,bmartugin4q@tuttocitta.it,Agender
852661d7-9e42-4e57-8f15-9d575c45e433,Abran,Bartleman,abartleman4r@sakura.ne.jp,Male
063dfb83-f89a-493c-a9e3-03d7efe0379c,Leese,Khrishtafovich,lkhrishtafovich4s@51.la,Female
2d7f3aec-0311-46f7-8052-56c245d4e90d,Wallas,Mazella,wmazella4t@yellowbook.com,Male
e8dd6e12-46d0-4f44-a5fa-9c7b88e39905,Elset,Echalie,eechalie4u@ebay.com,Female
afc278f3-20b7-4a94-84d9-cdc63d35fbf9,Babb,Ogers,bogers4v@privacy.gov.au,Female
53190b88-2df5-4fd4-811a-392ac40a1b70,Laurie,Hanway,lhanway4w@harvard.edu,Male
264987de-efc0-4e88-bb66-25d17ecdf4a8,Geneva,Oloshkin,goloshkin4x@kickstarter.com,Polygender
a708eb60-86fd-4323-b919-aa133c57fcc6,Nonah,Line,nline4y@wp.com,Female
b7a3e43e-4a79-4ed9-966f-71f690d5dc77,Dory,Brewin,dbrewin4z@hud.gov,Male
d320d46c-52f1-43b0-aad9-fa31d008df10,Row,Watkinson,rwatkinson50@cbc.ca,Agender
e2e4ec41-7aa7-47f3-a54f-b59233317637,Goldina,Elcum,gelcum51@who.int,Female
c3bbd4c1-db81-435e-a857-8dbf812aafb7,Mari,Magister,mmagister52@engadget.com,Female
4ebeacfa-5779-4b83-88c4-51308e8936f0,Beret,Wille,bwille53@toplist.cz,Female
17c3455b-a5b5-4c53-bcd8-55f77f5e0db6,Astrid,Lawford,alawford54@independent.co.uk,Female
b44aa812-a2ff-46b2-918f-9ed07479a898,Johann,Petruk,jpetruk55@phpbb.com,Male
4fd9d3f4-bcc8-4593-8345-ed987229db80,Brooks,Ainge,bainge56@purevolume.com,Female
979404cd-91f1-4960-b3e6-8f06d72d2d97,Gretel,O'Hanlon,gohanlon57@google.de,Female
703c8519-32c0-4c02-b79f-7e0711e3a1ae,Hamid,Bigby,hbigby58@harvard.edu,Male
850e4cff-0de9-4d62-85e1-9dc078b6f33a,Cicily,Wilprecht,cwilprecht59@deliciousdays.com,Female
86414c87-362c-4573-8421-92097a9c9dc2,Saunder,Lavell,slavell5a@163.com,Bigender
2d4ee46e-e41f-4ccc-b99e-02c3966c0922,Sophie,Grinnov,sgrinnov5b@va.gov,Female
336d916c-c6ba-47e5-bef8-4dbba325630d,Joseito,Surr,jsurr5c@google.de,Male
5340a168-e2d8-4f96-952b-73dac4726513,Genvieve,Hambleton,ghambleton5d@moonfruit.com,Female
dd6a25ca-9aef-4f3d-b911-7dc0a7418414,Oralee,Coom,ocoom5e@nationalgeographic.com,Female
e22c7466-3783-43de-afe9-1fdaf0c19637,Lucienne,Edess,ledess5f@scientificamerican.com,Female
e8320b69-ccd3-4584-8813-c32625826d5d,Lyle,Dies,ldies5g@illinois.edu,Male
91c69367-2ea7-4aaa-87a7-c213e1eeccfc,Domeniga,Griffithe,dgriffithe5h@technorati.com,Female
8ea608e9-5cf2-49b0-9cce-6e363e538975,Brenna,Simonnet,bsimonnet5i@skyrock.com,Female
6802cb6e-bcbe-45d1-870e-0416339382a0,Barri,Kurth,bkurth5j@weebly.com,Male
ca5f5ced-d65c-4b0d-ba54-009486a1350c,Hobart,Surman-Wells,hsurmanwells5k@hugedomains.com,Male
5649c3b2-f394-4ac6-849a-890ffeb008a5,Jonah,Souter,jsouter5l@epa.gov,Male
76b7ccad-51f9-4569-a781-e9303e3cbd99,Northrup,Cressey,ncressey5m@delicious.com,Male
6d8e446b-147a-483e-9046-b71512f60975,Thacher,Meade,tmeade5n@guardian.co.uk,Male
fcd32d04-8139-4258-929b-4d3a042f0ecb,Dode,Wimp,dwimp5o@ox.ac.uk,Female
11b8c3d7-c0dc-48e2-bf41-5ee4c3f839d2,Allissa,Pack,apack5p@ucsd.edu,Female
ae484333-594a-4e4b-89dd-3f126af2bbf8,Leo,Kerrey,lkerrey5q@netlog.com,Male
9e519c73-aed1-4e43-bd2f-3b79b48918ff,Bernice,Foresight,bforesight5r@census.gov,Female
e020f272-77ef-4b61-a0c2-7904796e5185,Ediva,Dowda,edowda5s@woothemes.com,Female
623850a3-8bc1-4766-99ed-531bf7a250ba,Chet,Hovel,chovel5t@bravesites.com,Male
39196135-3c7b-45b1-baa3-a15c40420e1b,Poul,Fendlen,pfendlen5u@ow.ly,Male
bd73d04e-186f-4951-aa66-264549ff261a,Benjy,Copins,bcopins5v@addthis.com,Non-binary
5a7fbd0c-9338-4f21-aa6c-602765a50827,Rose,Fludgate,rfludgate5w@scribd.com,Female
e4084349-d968-420c-925c-3c7d78f12673,Annetta,Golbourn,agolbourn5x@cbsnews.com,Female
a95801f3-102d-4220-9bcb-3109ee21fded,Raff,Branston,rbranston5y@hostgator.com,Male
a8b76be1-f8a8-4e1e-9621-18d29b953599,Nadean,Willetts,nwilletts5z@myspace.com,Female
131cd35a-4280-47e0-a4b5-ac60d63a8c0c,Peder,Dobbing,pdobbing60@sina.com.cn,Male
eb11213c-3f43-4113-83de-09530806dd3a,Leslie,Allflatt,lallflatt61@spiegel.de,Female
700c8164-8407-42a0-bedf-c06db6b9cd78,Normand,Lysaght,nlysaght62@odnoklassniki.ru,Male
af64a740-87f3-4b8a-ab03-092d7b85622c,Virgie,Dickerson,vdickerson63@spotify.com,Bigender
38baed5b-e84f-4de4-8003-4b8b9e152b6c,Tiebold,Burditt,tburditt64@ebay.co.uk,Male
9b7b43b9-de3a-4a9a-974d-f970635c36e6,Dun,Frazer,dfrazer65@desdev.cn,Male
012d271c-8ee8-4f67-9f46-6d335da79cdb,Tull,Deavall,tdeavall66@yahoo.co.jp,Agender
fc5e48cb-2c1e-420c-9d00-14d87840f767,Lilli,Handrik,lhandrik67@livejournal.com,Female
96b0e7f5-6575-4a54-bdb5-a8b375711796,Alexina,Deroche,aderoche68@cornell.edu,Female
c0e36b53-73cf-47dd-ad78-926f5a0ca6e6,Felicio,Schroter,fschroter69@about.me,Non-binary
b9c22c4f-db37-4f86-b653-ff5301550881,Darsie,Ketteman,dketteman6a@netscape.com,Female
97d26f98-1d8c-4916-be10-0c7eeadb8120,Maje,Mordon,mmordon6b@sohu.com,Non-binary
9ce09079-a281-4006-b85a-a3f606caeda2,Jae,Skitteral,jskitteral6c@geocities.com,Male
c5248bf6-a2d1-4e43-aaa0-4135473c665e,Corliss,Barthot,cbarthot6d@msn.com,Bigender
034cc732-614f-4106-9986-63de3b65992d,Hale,Murr,hmurr6e@washingtonpost.com,Male
1a2e18df-f337-496e-adbf-7a2650d8d243,Gert,Cardoo,gcardoo6f@wunderground.com,Female
2180f76f-0525-4881-84f6-90b58817651f,Martino,Valentine,mvalentine6g@mit.edu,Non-binary
4cfc4b10-2328-431d-a859-d2725cd52a35,Elvis,Nappin,enappin6h@mtv.com,Male
16f62752-9fbe-4a2a-a439-000071b7a0e2,Abby,Jennens,ajennens6i@facebook.com,Female
60b63e01-f9d5-43be-8b51-66a307fe0c31,Rancell,Teese,rteese6j@omniture.com,Agender
07a8af19-1f2f-4dcb-b761-4eeb51a4d533,Allegra,Ubsdall,aubsdall6k@smh.com.au,Female
2a2aad37-d92c-4590-8eaa-09edbace1971,Aldous,Hansbury,ahansbury6l@ycombinator.com,Male
56b09069-ad10-4958-ada1-931f45ec3ca3,Marijn,Polding,mpolding6m@elegantthemes.com,Male
245d2734-eeea-4c0d-8d1d-2de4488694ff,Alexander,Girardeau,agirardeau6n@live.com,Genderfluid
ecf0e045-bb61-4a00-8543-dd340f638450,Sheryl,Evequot,sevequot6o@webs.com,Female
1d0bbd97-de43-4a37-ab90-74f469378274,Carlie,Scotsbrook,cscotsbrook6p@bandcamp.com,Male
4db8e67d-3b4e-4f5a-b986-5b011b1e59bc,Shannen,Perdue,sperdue6q@wikia.com,Female
198ae8fb-44f5-486a-9d45-923d6c015534,Brittni,Durant,bdurant6r@boston.com,Female
c8a920f0-deea-4e2b-95d3-ee256343d022,Boycey,Sigfrid,bsigfrid6s@rambler.ru,Male
4f512bce-a46d-4ebe-bf54-0fdc273b7d59,Arlina,Bursnall,abursnall6t@de.vu,Female
844e80d9-7844-46fb-93fb-9769fbc28510,Carole,Thoms,cthoms6u@jigsy.com,Female
04c951a5-2606-4cb0-856f-8c53bd08d122,Flinn,Spargo,fspargo6v@reddit.com,Male
83ddfacc-5b17-473a-b436-2b59fa88e73b,Stella,Stearne,sstearne6w@t-online.de,Female
1afee9f5-6063-420a-8c71-0b5195e8149d,Anderea,Chumley,achumley6x@hubpages.com,Female
b4825222-e36f-463b-aa37-0e989e6be571,Kent,Danilishin,kdanilishin6y@clickbank.net,Male
0ec1dce1-c52b-49fd-9a24-37d2f2c497f1,Rodolph,Tompion,rtompion6z@yolasite.com,Male
6db1319b-ba00-4225-874e-6baed1935f6a,Ceil,Darcey,cdarcey70@booking.com,Female
d5fada9c-1723-4009-a007-f532e08ec82f,Edsel,Siggens,esiggens71@globo.com,Male
96fbe246-c4e0-4e7c-be23-d71e4341f429,Emelita,Tindle,etindle72@samsung.com,Female
e006e0ad-7ea4-498a-bbf9-7750681db9ea,Selby,Naismith,snaismith73@qq.com,Male
9f108537-8104-4413-b1ae-122fc5999814,Camala,Dodgshon,cdodgshon74@google.ru,Female
aba48002-9cd3-4dea-8184-d31a171e0e4e,Dewie,Yven,dyven75@nytimes.com,Male
cc9f231d-9fd7-4b28-959c-d5c12eeec06a,Lorine,Blakey,lblakey76@oracle.com,Female
d1a60527-0876-4e70-8f50-3d10c88fced8,Jo ann,Skiplorne,jskiplorne77@xing.com,Female
df0afc60-711b-4de0-838a-d301662f7784,Maxie,Davidson,mdavidson78@surveymonkey.com,Female
6b65e556-3fc5-4270-bbf2-6e5c5ccb6faa,Hanson,McQuarrie,hmcquarrie79@bloglovin.com,Male
2aa3f7a0-dd95-45ff-8c3b-47cb8e677592,Correy,Olenchenko,colenchenko7a@ucoz.com,Female
5fef0717-0151-4567-ba18-ff3f457568ed,Barr,Punch,bpunch7b@arstechnica.com,Male
8384eea1-5f64-42da-9324-93ee0a32cc52,Donn,Gwinnell,dgwinnell7c@vk.com,Agender
8e39ade3-ec32-4165-b56e-c2a507480bb4,Abbe,Jiles,ajiles7d@ebay.co.uk,Female
75d347d1-f69c-4051-aab9-6cc1587aca05,Morlee,Stride,mstride7e@flickr.com,Male
ef15950a-ecc2-4578-be45-ef65266bc13b,Craig,Keilloh,ckeilloh7f@xing.com,Male
5085b382-557c-4f96-ac3e-e822e2187475,Stormy,Pudney,spudney7g@naver.com,Non-binary
05ba94e5-b238-4864-a401-3257f48a8c83,Gualterio,Grunnill,ggrunnill7h@ucoz.com,Male
49e0f77a-697f-4148-a72c-8e7a8fbb5a61,Sukey,Klemz,sklemz7i@example.com,Female
61218400-64c8-4462-ad99-a35e4f4b7ba4,Purcell,Coughtrey,pcoughtrey7j@cornell.edu,Male
7164a2cc-8b81-4dd1-933e-baa235a95b7e,Barbee,MacAlpine,bmacalpine7k@bigcartel.com,Non-binary
d5bb6763-40b4-45c3-a2a8-654b713f1628,Jeralee,Haveline,jhaveline7l@cafepress.com,Female
c9d40c87-d5dc-4a5b-9704-89cf7820ba88,Thain,Duval,tduval7m@hatena.ne.jp,Non-binary
c44e6b61-e3c1-4a25-8d38-4973f1335442,Rossy,Radborn,rradborn7n@techcrunch.com,Male
c3cbe25b-af41-43cb-ad89-a6fdd1e0ec2b,Crystal,Coulbeck,ccoulbeck7o@tamu.edu,Female
e06c0410-f26b-415d-b6e1-c91d0fa83e9e,Catina,Byne,cbyne7p@gmpg.org,Female
1bc4a745-ae1e-4419-be48-9c69c3a53e8c,Carolina,Stolting,cstolting7q@livejournal.com,Female
127940ac-5b55-4a61-aca0-0b8dc5c23d24,Bobbe,Pottell,bpottell7r@facebook.com,Female
df4c245a-4235-423e-9cec-431df53a91e0,Dana,Caville,dcaville7s@gizmodo.com,Male
ab1ae1f3-4425-477d-833c-31f97ed61a95,Liana,Feitosa,lfeitosa7t@japanpost.jp,Female
d318fd3f-1a8f-4562-937d-84824a20f0e3,Leesa,Augar,laugar7u@shutterfly.com,Female
6f692b63-f048-401b-86e2-c816fd540ebc,Creigh,Whenman,cwhenman7v@aboutads.info,Male
f7aeb3a5-6ebf-49ca-bacf-a5cb808e4555,Kelsi,Yeoland,kyeoland7w@addthis.com,Female
13ee87fc-793f-468f-a199-c9de8539d1f6,Alexio,Merriment,amerriment7x@php.net,Male
abab7ce3-e977-4460-b7a7-6791bd027681,Pacorro,Rossoni,prossoni7y@redcross.org,Male
1ec25ef6-f014-47d3-9854-231ce72b9fbc,Willamina,Birbeck,wbirbeck7z@freewebs.com,Female
67e6a159-d104-44f9-b928-292f8d915fe0,Archibald,Sneezum,asneezum80@wp.com,Male
9ff0780a-dff3-403f-8cd2-58f783315627,Harlene,Bellringer,hbellringer81@webmd.com,Female
0d67efd8-02f3-46b4-a308-265754219718,Vance,Vause,vvause82@bloomberg.com,Male
dd77e5b8-4ccf-4f96-9ed2-967f11276c4d,Cort,Scupham,cscupham83@woothemes.com,Male
c0231d71-7de2-422e-badc-4b18818d46ec,Thorin,McGarrity,tmcgarrity84@marketwatch.com,Male
2884cba6-9cfe-429f-a714-8aa0b0db2075,Brittaney,Vesty,bvesty85@shop-pro.jp,Female
425b4b06-04c2-4397-b56a-72c5d8006b8d,Merrilee,Sansome,msansome86@shareasale.com,Female
af874714-1679-4b36-83c9-5ac91a86fc0b,Krishnah,McGoldrick,kmcgoldrick87@google.es,Male
445ca16e-c9d3-4637-99b5-bad41eb0f0bf,Kordula,Emblem,kemblem88@hugedomains.com,Genderfluid
78c9600e-a2ca-4e63-9e16-4957c32d0829,Haroun,Davison,hdavison89@mysql.com,Male
8c7a4bbe-aa37-42dc-8746-7f4ea79c6f3f,Cary,Clute,cclute8a@yahoo.co.jp,Male
37c7f683-81d1-43d8-8db4-dfeb278bcba6,Kristi,Bryden,kbryden8b@behance.net,Genderqueer
445038c1-279c-4e5d-8cdd-a23a6c500364,Mattheus,Giacomello,mgiacomello8c@parallels.com,Male
0a201013-9b0f-42f2-8c2c-44055c11d937,Celestyna,Wyper,cwyper8d@seesaa.net,Female
ace7367e-cca2-4128-9d6e-2f8747950712,Sidnee,Ricciardello,sricciardello8e@friendfeed.com,Male
9b3972d8-c9e4-4e6a-a753-66aaae661704,Miles,Eccleston,meccleston8f@issuu.com,Male
c2677da5-2265-4de3-85f6-c49a450793eb,Malynda,Gittens,mgittens8g@telegraph.co.uk,Female
b3ae4d96-e11f-4290-a312-dbdac59726d5,Lory,Townsley,ltownsley8h@boston.com,Female
b0132276-6263-4e00-b644-978fa4fbffc1,Reinald,Etches,retches8i@newyorker.com,Male
dd7c4670-d750-4316-be73-6b697a81e2f1,Aggy,Roullier,aroullier8j@gmpg.org,Female
aa73b331-0b85-4700-a528-bc204f59160c,Bette-ann,Northley,bnorthley8k@globo.com,Female
f2011a72-e5cc-4a95-809a-e47ee2ffab46,Marisa,Doblin,mdoblin8l@prnewswire.com,Female
e91689a3-b2fe-48d7-91d8-89273229cbd0,Kin,Hovert,khovert8m@webeden.co.uk,Male
e0fa43dd-4396-4822-965d-92cb6da9d7b0,Fidel,Conniam,fconniam8n@squidoo.com,Male
3b5abaf4-34ca-4857-8cbf-a17ed0e777b8,Salim,Bennoe,sbennoe8o@networkadvertising.org,Male
2fe17c7c-98aa-415f-8321-27f6a813929b,Jenilee,Few,jfew8p@google.co.jp,Female
47932217-ff22-4ff6-890e-c1fd3e33b9e3,Crichton,Rioch,crioch8q@omniture.com,Male
8c6a7274-60fd-4ea2-8e5f-f99c0ac31fa2,Ignaz,Stainton,istainton8r@craigslist.org,Male
4729dbdc-1a01-4342-bb27-0d2893ba0dd2,Othilie,Mowling,omowling8s@admin.ch,Female
fefb11a3-f096-4299-b112-975745fb8693,Kimball,Meeks,kmeeks8t@digg.com,Male
8ec3d2ce-db65-4cf3-9ccc-fdfcc672d6c6,Cal,Rosenblatt,crosenblatt8u@mediafire.com,Female
a89e5a58-5c5c-4020-84f6-b4d362281074,Krystle,Gumey,kgumey8v@ucsd.edu,Female
28dd1faa-6399-41a3-ba30-f53ca905595f,Forester,Hembling,fhembling8w@diigo.com,Male
bf1b3172-359a-4374-926b-6b2c661dc5fc,Dorothea,Vacher,dvacher8x@lulu.com,Female
c9487022-52d3-4989-9540-2d96e3b99a33,Nessa,Bradmore,nbradmore8y@storify.com,Female
fba5b3f3-1d74-4dfa-94ce-c7e43d16e27d,Germain,Narramor,gnarramor8z@chronoengine.com,Genderfluid
389b509b-69ea-4e7b-b125-ebba745b8de5,Chance,Tureville,ctureville90@livejournal.com,Male
f2a3956c-d8fa-4b61-9fb6-9496c14ccbb9,Pauly,Acarson,pacarson91@indiegogo.com,Female
4c97f464-f327-464c-8c30-dd483245107a,Riccardo,Ballantine,rballantine92@behance.net,Male
03777f5a-2fca-4cdd-84c6-6aab432f34bc,Gwyn,Crotch,gcrotch93@gravatar.com,Genderfluid
fec11057-6e49-4013-b3bf-b2d6014dcc16,Forester,Beatty,fbeatty94@jalbum.net,Male
c44eea38-4b3c-4d85-b0ec-579efcec42d7,Marieann,Barca,mbarca95@nhs.uk,Bigender
deb08648-1118-4939-8352-72a9d6670e23,Garrot,Paike,gpaike96@abc.net.au,Male
c50aafef-b23a-4a6d-927f-2adbfcc3cbf1,Loraine,Layson,llayson97@forbes.com,Female
d3827386-5259-4f35-818d-dc039de7d1be,Giorgio,Baudinelli,gbaudinelli98@miibeian.gov.cn,Male
14669f69-9c5e-4868-981a-74cb9fa1eba4,Ddene,Amey,damey99@artisteer.com,Female
020e2f59-9f40-415a-862c-a873f1e5b5db,Desmond,Colleck,dcolleck9a@dion.ne.jp,Male
457c4fff-89ff-4eb7-b0e9-9f9d8ef20473,Dru,Mudie,dmudie9b@theglobeandmail.com,Male
a958c1b6-5d35-474c-8eaf-7a654074b734,Anjela,Sporle,asporle9c@1und1.de,Female
141e4867-b0ec-4f0f-9ff9-74b77b254ab8,Laverne,Lago,llago9d@ameblo.jp,Female
2ea87d6a-bf60-440e-b2bd-1c143647da29,Maurits,Bartul,mbartul9e@cdbaby.com,Male
48ca7ace-7770-4336-9e3f-5767a17b204c,Ardelia,Spenley,aspenley9f@chronoengine.com,Female
acb5bd7b-3fbc-4680-9fc1-57a773f7e764,Valentijn,Yegorovnin,vyegorovnin9g@ocn.ne.jp,Male
5535554a-53df-4cc2-868b-42ab5fa90012,Cherilynn,Redrup,credrup9h@opera.com,Female
71d21a3a-71f3-436d-b2a8-217265e7328d,Renata,Goundry,rgoundry9i@hao123.com,Female
5daa2e67-38db-4968-b6f6-8e5ad69bbaf2,Port,Ackers,packers9j@amazonaws.com,Male
cde2bd3e-4535-4517-8aed-16b807db657b,Joshuah,Want,jwant9k@berkeley.edu,Male
fb678d26-0a9a-4394-a992-284c34fd36b1,Morgan,Tague,mtague9l@trellian.com,Genderqueer
9752ef0f-6b57-422a-9c8b-6da78f75c636,Rock,Thunderchief,rthunderchief9m@taobao.com,Male
7e9fffd9-0700-4815-abce-6769ae2599d5,Koren,Baddeley,kbaddeley9n@addthis.com,Female
78cf3367-2b50-445a-b1d9-d7d435a2c999,Adamo,Fere,afere9o@google.pl,Male
c746482a-973f-4fb1-a49f-b4cb319dbd76,Pier,Delgadillo,pdelgadillo9p@timesonline.co.uk,Female
d7cbcc0e-bc6f-488e-a8ce-1686f712de9f,Curr,Quartly,cquartly9q@wordpress.org,Male
e5a1ce2c-1086-4369-adf5-2c51d077bcf9,Chrissy,Sturt,csturt9r@php.net,Female
a7ee2f3d-d3bf-43ea-9d65-9a18e8e37a76,Agnella,Regardsoe,aregardsoe9s@wikimedia.org,Female
0fd33272-1647-4d9a-b15d-22ae70823452,Annmarie,Goundrill,agoundrill9t@yandex.ru,Female
d6a08619-bc33-438f-b67f-cbd991947737,Marieann,Egalton,megalton9u@npr.org,Female
6be8d313-b1e6-42b8-ad80-36ee8bc3a9dc,Ertha,Edmunds,eedmunds9v@japanpost.jp,Female
557b894a-3ac3-41a8-8fca-88ec11a733f7,Dasie,Crayke,dcrayke9w@samsung.com,Female
076b6b75-1419-4efa-9849-a4b668144af9,Sandie,Ripping,sripping9x@csmonitor.com,Female
26caf4c1-115a-4f16-acc6-a5dcb448c9a9,Gaultiero,Pickerin,gpickerin9y@fotki.com,Male
158fc6b8-1ab3-4da2-b212-eea5dc5148ee,Eward,Skurm,eskurm9z@prlog.org,Male
d5d60b97-23b2-4b87-962d-8abbe4680448,Henrie,Kolczynski,hkolczynskia0@rambler.ru,Female
ed77f5f8-362f-4864-ba5c-fb2a905b62ad,Addi,Roseman,arosemana1@rambler.ru,Female
36fd5837-7b28-4aa6-9e97-9f368c593516,Desi,Frediani,dfrediania2@issuu.com,Male
1d2583a1-d1a8-49a7-9e1e-8e93b1b47c66,Andrew,McAnalley,amcanalleya3@illinois.edu,Male
c1aaf908-6e02-4ce5-98bb-571332b31450,Peder,Warfield,pwarfielda4@cafepress.com,Male
a96ffe8b-a64f-45a5-9930-3e8c144e56b0,Rafaellle,Dumphry,rdumphrya5@google.es,Male
656b169c-07a7-46b9-858d-f3e8a0ac0188,Jerrie,Larsen,jlarsena6@tamu.edu,Female
dfb37e91-3fc8-48d3-8a92-7e83bfee9cab,Jori,Eicke,jeickea7@techcrunch.com,Female
26d9403f-9dc0-4502-a6da-179ffe99275f,Caspar,Stove,cstovea8@slate.com,Male
5a0386f8-ecef-43ef-9072-4c382a1101e4,Saul,Kemm,skemma9@twitpic.com,Male
bcc7231b-0c6d-4642-8028-23db3759fe25,Garwin,Youell,gyouellaa@imageshack.us,Male
a9291eec-2890-4826-9f1a-1a7c855f379a,Idette,Ellcock,iellcockab@topsy.com,Female
f82afe66-68ea-4c1e-abef-37fb418fbf9c,Matt,Kaufman,mkaufmanac@gravatar.com,Male
42aee56d-a4ad-41ce-99c4-e7768bda0648,Hayes,Marc,hmarcad@mayoclinic.com,Male
2ee0c34a-9b27-49e8-a172-3bfc1d4aae6c,Nichole,Goghin,ngoghinae@usnews.com,Female
08483958-34f9-45fb-b3ee-fddd5233ddf7,Morten,Ortelt,morteltaf@vinaora.com,Male
683b9b42-8021-454e-9913-64740ef06329,Vilma,Ilbert,vilbertag@netscape.com,Agender
f090b918-1ac1-4ad0-ba56-ce079e1489ac,Ranna,Kermon,rkermonah@slashdot.org,Female
64af5efa-54d4-4d47-93d1-aa505e00526f,Kym,Gaitung,kgaitungai@apple.com,Female
e2768116-3c76-4349-abbb-e122e27931d3,Billi,de Courcy,bdecourcyaj@youtu.be,Female
e3d7e698-63fa-4171-9805-0d50ac69d0da,Cally,Novkovic,cnovkovicak@ocn.ne.jp,Female
1a12ec52-7ac0-45a7-aeae-988d05b11907,Perkin,Epperson,peppersonal@free.fr,Male
93f81c32-4272-4047-97cb-118e62ee4374,Wood,Gemlett,wgemlettam@wordpress.org,Male
0fa236de-75f3-4c69-bfc2-37a8a0c192f9,Sunny,McJarrow,smcjarrowan@pbs.org,Female
e9dd3260-54f7-42cb-8ddb-e4e95c9146f6,Junette,Emeney,jemeneyao@paypal.com,Female
a98da9ce-507f-4664-9800-a3fb437795d8,Cathi,Armall,carmallap@abc.net.au,Female
e799cbad-8b92-46ea-8230-e6114e1c8646,Rhiamon,Jurca,rjurcaaq@statcounter.com,Female
e4ca3c24-e4d8-4ba2-8328-6daf5db18564,Tildy,Yakovlev,tyakovlevar@google.de,Female
17cf14a0-7680-4671-a2e0-cdba17305977,Reine,McGowing,rmcgowingas@microsoft.com,Female
e9ff65d8-fd4c-4312-96cf-2f9ed85d12a8,Carr,Aland,calandat@kickstarter.com,Male
9775f3d5-ea59-4949-a7a4-2a15b92d04cd,Arleen,Guiver,aguiverau@reddit.com,Female
906cfa79-7f54-4dcb-96f0-79fb4336f177,Theodore,Malam,tmalamav@1und1.de,Male
83ada47b-5813-4f79-a508-ec3b1ae89d7d,Misty,Worsam,mworsamaw@gizmodo.com,Female
c5560f98-86eb-4be0-b86e-240af9abb738,Gigi,Moth,gmothax@github.com,Female
6eaf90a2-84e2-4475-a9f8-58f2d98f7b41,Lanae,Goodbur,lgoodburay@wp.com,Female
9d6fa3be-0452-4c45-9bcb-181eec65e80f,Dore,Duckerin,dduckerinaz@amazonaws.com,Male
d3b04a56-f7a2-45e3-b482-aceea7136145,Brunhilda,Stanbury,bstanburyb0@dailymail.co.uk,Genderfluid
22270677-b215-46f3-a313-1bff2dbbaeb5,Lloyd,Duddle,lduddleb1@mashable.com,Non-binary
1a4e6373-122a-4f63-8d46-7c13ee3caeca,Tony,Snelle,tsnelleb2@cornell.edu,Female
1bf24afe-8262-421a-8d2a-f74e12ab2e3c,Hilary,Pactat,hpactatb3@mapquest.com,Male
3185acd2-cab2-4426-87ee-f80c75a69b3e,Kevyn,Chittock,kchittockb4@cbslocal.com,Female
2ebd2ec8-a213-4380-ade3-33602020c8b6,Jaime,Barneveld,jbarneveldb5@ifeng.com,Genderqueer
bfa79da9-cf3f-436c-8eed-beea3f90e7cc,Maurits,Willoughey,mwillougheyb6@paypal.com,Male
d435a9e7-6c06-422e-ae16-304019939657,Lemmy,Stabbins,lstabbinsb7@t-online.de,Male
6e9baca5-be24-4bcf-89c9-7c741215defa,Maxie,Kingwell,mkingwellb8@mapy.cz,Male
ad3ccd37-08b5-4ab7-b676-44ebeeb70a8a,Sandie,Fernyhough,sfernyhoughb9@so-net.ne.jp,Genderqueer
cb04a17e-43c5-4ef6-abbe-80a1cd40e2a7,Bertie,Fulle,bfulleba@webeden.co.uk,Female
a4aea522-213e-4567-89c6-c508de8e7669,Frederick,Ethersey,fetherseybb@hubpages.com,Male
7d3b15c4-16fc-4bae-85d6-2003e73f9291,Marin,Simla,msimlabc@ibm.com,Female
843b8612-cd41-4f2a-949f-6d96a55d4ee5,Brock,Van de Castele,bvandecastelebd@shinystat.com,Male
fe3237e5-9260-4acc-8767-65120a67fdd5,Tracey,Backsal,tbacksalbe@hugedomains.com,Female
9b3f159e-ba32-4f8b-8c80-5d7990d63784,Kimberly,Carlon,kcarlonbf@economist.com,Female
0c0950c3-2202-4e1a-bb27-3a32706c2327,Ericka,Pyke,epykebg@webmd.com,Female
39f23b0f-0667-418b-8ed0-75b7f3702e63,Ivy,Hocking,ihockingbh@cbslocal.com,Female
58c62bfc-9494-47b8-9811-f008f08a2e53,Kath,Novelli,knovellibi@plala.or.jp,Female
2d2bada4-2cbd-4e6e-9705-94b1d3898fd3,Kinsley,Gowan,kgowanbj@washingtonpost.com,Male
02c4f27e-a15c-43b4-8a0c-af7b435bb9f0,Laurena,Prazor,lprazorbk@indiegogo.com,Female
2543a208-f990-4ee4-8d68-e72e1e7c7a61,Willamina,Hovee,whoveebl@friendfeed.com,Female
b6839de1-7e18-4d31-a222-6011febf38f6,Lela,But,lbutbm@addthis.com,Female
94a194e8-7545-4896-8c22-d3e24cf0f3bf,Kaja,Wraith,kwraithbn@goo.gl,Agender
f68ca4ae-5081-49bd-b2d4-dfb632379e79,Stanwood,Quarles,squarlesbo@google.ru,Male
9eca1192-d36a-45a3-86ad-4a30092ac0b1,Hana,Benoy,hbenoybp@youtu.be,Agender
88ced50b-f0d2-45fd-bdda-1be9d26e6445,Albert,Tatlock,atatlockbq@list-manage.com,Male
21271e50-ed95-49e3-b3bd-99aac6f31122,Raina,Cormode,rcormodebr@yolasite.com,Female
eb7c250c-a38f-4109-90a0-9f492ec8f6c8,Onida,Rylands,orylandsbs@vimeo.com,Female
5cc5f725-d7bb-4b98-8ed3-c44a1331a45d,Charisse,Randlesome,crandlesomebt@barnesandnoble.com,Female
465ba310-23df-46f0-a79b-9a7ac734387e,Kimmy,Broose,kbroosebu@oracle.com,Bigender
82189a75-897c-4f70-a901-4ede49791464,Fonz,McFeat,fmcfeatbv@altervista.org,Male
7daa2634-8923-4283-b350-2a9b56867745,Freddie,Giacubbo,fgiacubbobw@webs.com,Male
a2cb9bda-0dce-4a84-9421-1aa61503d9a5,Barnaby,Zienkiewicz,bzienkiewiczbx@usnews.com,Male
c97d19b4-87f8-47ea-9cba-d23f05fc35d7,Leeanne,Kochs,lkochsby@google.fr,Female
8d79e7d5-cfda-4640-9a3d-7f6a068028ae,Gaston,Pauer,gpauerbz@va.gov,Male
26cca533-4132-42ce-a1cb-93d858c6434f,Curcio,Quinnette,cquinnettec0@noaa.gov,Male
51790916-1adb-4233-ab84-ac5377f308fb,Deana,Adelman,dadelmanc1@ehow.com,Female
2c584dab-b1b9-4e1c-981d-63cec550190d,Bryn,Wort,bwortc2@wix.com,Male
4c4fc33f-dd05-404e-a259-fa12d4e10984,Huntlee,Kift,hkiftc3@google.de,Male
2d033f0c-1146-42b8-8052-0bab1f899228,Brett,Peye,bpeyec4@joomla.org,Genderqueer
b9f7560e-f028-484f-9d1f-e6f0812f1ee1,Sidonia,Semor,ssemorc5@smugmug.com,Female
ebc0cfbc-b7aa-4bd3-8876-db7758bf7b48,Witty,Warrack,wwarrackc6@oracle.com,Male
d5fb0a15-21d1-481d-8efa-66384465c955,Denys,Hardiman,dhardimanc7@altervista.org,Female
afd8216f-6dc2-422e-b9f5-1803fed35cfc,Dermot,Preon,dpreonc8@a8.net,Male
0e1fbb81-5e92-49b5-b207-3647ed09a20c,Katherina,Bohin,kbohinc9@stumbleupon.com,Female
ae734ecb-588d-4adc-978d-c41e5cbe6200,Lynnet,Lestor,llestorca@unicef.org,Female
aa5cd7f8-a61a-4d44-afde-5e534e12b883,Sheila-kathryn,Shotboult,sshotboultcb@taobao.com,Female
471f17e0-4fe6-410a-84da-adee529a3d68,Kippy,Olivella,kolivellacc@opera.com,Female
5ca6877c-df37-446a-895b-ba34227db811,Alan,Crean,acreancd@goo.gl,Male
ad01dc27-71ba-4b22-9a2e-c9be9c00a80a,Anthony,Mugg,amuggce@boston.com,Non-binary
19f6018d-cc96-49c6-844d-5a30dd943f16,Lanette,Pol,lpolcf@abc.net.au,Female
7470b9de-db38-43fb-a8c8-7e94bf58858f,Graig,Clearie,gcleariecg@ca.gov,Male
07345f09-4cb0-4cd1-8c1f-4a140d8fcddb,Derrek,Van De Cappelle,dvandecappellech@twitpic.com,Male
c1eea865-567d-4af2-95fe-48ebc4b826a1,Isador,Stolz,istolzci@nytimes.com,Male
7370efd3-47c3-4441-ac46-1d9bdf411aa1,Rivkah,Scini,rscinicj@goo.ne.jp,Female
bb40c491-3187-4d6c-ab8c-4ad4f4a9a106,Vic,Parysowna,vparysownack@nationalgeographic.com,Male
24167479-167a-4160-bc90-92dbd9b20118,Nilson,Barkhouse,nbarkhousecl@thetimes.co.uk,Male
840c6435-0fae-4679-8264-5d221ec82407,Cooper,Winchcum,cwinchcumcm@sakura.ne.jp,Male
9bf8bf20-81d6-46f2-92dc-3c7d83b4bd07,Herby,Senchenko,hsenchenkocn@vistaprint.com,Male
d82d5a59-7223-49a1-8431-e41cef994250,Nolly,Baggallay,nbaggallayco@booking.com,Agender
53035b3f-2031-4d7f-90fe-efde249e8873,Katharina,Skouling,kskoulingcp@quantcast.com,Genderfluid
7023918f-ebf2-492a-bd29-7190d69e6c28,Torrey,Turle,tturlecq@amazonaws.com,Male
2c88a714-f8f2-4ab9-b253-89f2ba6cb5af,Rolando,Kibbel,rkibbelcr@illinois.edu,Male
dee35e7e-16b9-4860-bad8-82323adafdbd,Myrah,Kimbell,mkimbellcs@blogtalkradio.com,Female
cb0534db-7ac3-49db-96a2-86b71c8f1b11,Claudina,Triggol,ctriggolct@paypal.com,Non-binary
5febb39e-80c5-4f2e-9553-6142dc4bf039,Marmaduke,Harvie,mharviecu@cloudflare.com,Male
fe83a983-e796-4909-aa9e-7a7ca5833004,Kilian,Goodson,kgoodsoncv@blogger.com,Male
c51e3ab3-70b0-40b2-8403-eeb8becb3b82,Wilhelm,Rickaby,wrickabycw@wired.com,Male
60f78880-7ea9-4584-b1d2-13a36f921c42,Odelia,Sirmond,osirmondcx@wiley.com,Female
7442a378-c06c-483d-8595-d90f05b65b73,Salomi,Greatbanks,sgreatbankscy@youtube.com,Female
769968b0-1f53-415f-aaf1-8a2daa28e98f,Arliene,Petett,apetettcz@technorati.com,Agender
50d2ef06-f276-4c11-96d6-8b2bd7e82ecf,Trumaine,McCarrell,tmccarrelld0@ucsd.edu,Male
c99b5253-b3d0-4dc9-a69b-31a6d8a74e24,Kirstyn,Nuth,knuthd1@drupal.org,Female
be302fcf-a48d-45f6-873b-be2ca0c031b5,Kandace,Prayer,kprayerd2@apple.com,Female
a6c24123-9da3-46e8-83df-acc8bc5f9f65,Shellysheldon,Stilgo,sstilgod3@businessinsider.com,Male
6d35311d-8aee-4583-8d1d-8e8f961fe9fd,Connie,Jacobi,cjacobid4@cmu.edu,Male
a6fa5154-5bdd-4099-9f58-a19efc299bea,Carroll,Fazan,cfazand5@adobe.com,Female
2eb6a8bd-8c1d-4f2c-8642-ba822e9b3c95,Laird,Kunz,lkunzd6@shinystat.com,Male
70fb4e01-a8a9-4763-a9c9-13c299d471e8,Nikola,Fenkel,nfenkeld7@wikispaces.com,Male
41400377-5d21-4433-b52f-f5356bbaf6e9,Jamesy,Lillecrop,jlillecropd8@mozilla.org,Male
ec5eb7a1-8b17-46f3-b750-176d38b440e5,Tallulah,Matias,tmatiasd9@seattletimes.com,Female
3f92b463-62c4-46db-a6f8-72830ab07985,Inesita,Burland,iburlandda@eepurl.com,Female
39ef99b9-3506-40eb-b3ee-956ce180c50e,Aryn,Scapens,ascapensdb@drupal.org,Female
f8cb4c8b-4aff-4647-9ba5-bc02c9d4444c,Lethia,Lassey,llasseydc@google.com.br,Female
a2b09fe1-4309-491d-9ebd-50606867fd66,Terrie,Naile,tnailedd@mysql.com,Female
daa3ac86-fb59-4f8d-968f-0c7b3a3afc32,Desdemona,Cannop,dcannopde@bandcamp.com,Female
4d500c47-bf69-4c08-97db-f0d5655fc1d8,Dru,Crosscombe,dcrosscombedf@pen.io,Male
4a035cf4-2b54-488b-9954-8dc37f79aa54,Karl,Phillins,kphillinsdg@yellowbook.com,Male
a573e532-b2db-4d17-8ca0-5ff83ada624d,Kelsey,Bedward,kbedwarddh@mysql.com,Female
f6e530eb-b05b-4e55-ad87-99fcbcf22939,Fenelia,Khomishin,fkhomishindi@vkontakte.ru,Female
3571ac73-4c61-45b5-b195-54ac3fe3c97c,Coraline,Stanwix,cstanwixdj@weibo.com,Female
98d656fe-2ede-4669-8952-a3308ddc4b48,Ediva,Marieton,emarietondk@vimeo.com,Female
d7c71b7f-4a6c-4b83-a011-f0c2a4420d94,Estell,Battyll,ebattylldl@posterous.com,Genderfluid
ddcc8a95-eac0-4e3d-8a13-39b48add3369,Nevsa,Pritchitt,npritchittdm@goo.gl,Female
accb0c2e-ee03-4efe-840e-b0f9788c188b,Lethia,Josef,ljosefdn@addthis.com,Female
96b1dd74-7f78-46da-aca2-9e82977de21c,Eolanda,MacLese,emaclesedo@feedburner.com,Female
59225d5e-0698-46d3-9a75-0dd0b77287c9,Silva,Walczynski,swalczynskidp@studiopress.com,Female
31a3b1a7-f295-432b-888d-0b6175df8fa5,Korie,Hyndson,khyndsondq@icio.us,Female
9b7e3c0c-1db4-4c38-bfff-7cab252ca756,Guido,Liles,glilesdr@deviantart.com,Male
6dab4145-09ca-452d-b61e-188f6e0f8afc,Veronique,Legges,vleggesds@wired.com,Female
55b0119d-b2e4-49e9-9dee-89d01a1b03a0,Elnar,Goulstone,egoulstonedt@usatoday.com,Male
e1cb2696-6109-4210-a8ed-2ab7423cb9a7,Derril,Reichartz,dreichartzdu@aboutads.info,Male
78820628-1150-4a04-a1db-8cea63ce9299,Devin,McKeggie,dmckeggiedv@foxnews.com,Male
6557e2f8-622d-48a1-bb63-7798f139d6d2,Phylis,Norcop,pnorcopdw@mayoclinic.com,Female
d9de677d-2fa2-41d5-8106-a63f9c99c921,Hattie,Bjorkan,hbjorkandx@twitpic.com,Female
57df1f2f-6517-41b3-9a64-4f1673c77473,Yurik,Jentet,yjentetdy@odnoklassniki.ru,Male
1ae04327-baec-4f07-ac85-8367531a426a,Tybalt,Russan,trussandz@businessweek.com,Male
79d71487-ed92-4434-99c9-869fa8f56d1a,Carolus,Chapier,cchapiere0@epa.gov,Male
53d360b6-00cf-4668-a8c1-21abf2cc6dbe,Perren,Loghan,ploghane1@eepurl.com,Genderqueer
72661bb8-3b43-4443-88cd-4c532fbdea04,Bert,Aldus,balduse2@archive.org,Female
f26a5062-31e6-4fdf-8e70-594906552620,Billie,Scarman,bscarmane3@chronoengine.com,Male
f6a66642-a7a0-4eb5-8bb1-adbccbabe714,Vivien,McCulley,vmcculleye4@unc.edu,Female
b4d6e455-d9eb-4e7f-b5fb-b3508140b606,Sunny,Mandel,smandele5@blogspot.com,Female
1a03ee22-cfcc-4e56-9019-7d7b22122b0c,Gareth,Kidds,gkiddse6@qq.com,Polygender
69d1d929-15ae-4eee-ae19-acf12ae355af,Philbert,Meins,pmeinse7@prweb.com,Male
d332e3ff-e510-4d51-b895-b1bd26d74641,Parker,Wogdon,pwogdone8@constantcontact.com,Male
55b5b5fe-580e-4853-a4f1-82cfcea3de5a,Iona,Grinaway,igrinawaye9@theglobeandmail.com,Female
5c9c6830-4a46-4b12-ad94-c3473c59fab7,Evangelia,Pygott,epygottea@newyorker.com,Female
06808b1a-1f2a-4ec6-9be6-16431cb22728,Wallie,Saggers,wsaggerseb@nps.gov,Female
5cd5694e-39f8-4a2c-b7c5-46327d73ab13,Jarred,Blankau,jblankauec@pcworld.com,Male
b795144a-d0f9-42c2-9890-35959462438c,Imogene,Cardillo,icardilloed@live.com,Polygender
e8f8a58d-e52e-44be-b84d-5538f723b70f,Kala,Abrahamian,kabrahamianee@ft.com,Female
ee850620-1405-418c-983b-4dbf95db3712,Orelie,Courage,ocourageef@npr.org,Female
3187f792-7fbb-4988-aeb6-3c64a4e14893,Hoyt,Bilbie,hbilbieeg@cbslocal.com,Male
7ae26404-82c2-4230-b3f8-5c8ed587afe8,Anthea,MacGruer,amacgruereh@reddit.com,Female
ad6174e3-af05-4f36-9b05-c50ab0fe5337,Beilul,Reyson,breysonei@privacy.gov.au,Female
265d7f33-701f-46cc-bb06-69061df0fbc9,Ali,Maddrell,amaddrellej@youtu.be,Male
955d3c5a-db36-4569-99e1-0397733e4a6b,Cirilo,Maynard,cmaynardek@buzzfeed.com,Male
53375932-9856-4e3c-bc7c-d79586356bf6,Hermia,Menaul,hmenaulel@hexun.com,Female
78d1d50a-031a-4a7f-9e5a-1ee3856469b2,Maureene,Whitchurch,mwhitchurchem@xinhuanet.com,Agender
7f16f60e-de81-4ac0-880c-bb576a8e8d92,Lyndsie,Gaskal,lgaskalen@netvibes.com,Female
c7a2ab2c-2730-47c8-ab6e-77d8d5accee6,Rosemarie,McKilroe,rmckilroeeo@umn.edu,Female
1c917210-a351-4bf2-b756-10b2b0c4bad3,Lona,Kohnert,lkohnertep@who.int,Female
fd0e4a23-30cd-4346-ac1c-724f9c1fb90d,Rem,Ingon,ringoneq@yellowpages.com,Male
132eb08d-4a74-45d0-81b0-319a7ddb1fd2,Malena,Gennings,mgenningser@naver.com,Polygender
4155bb23-3faa-4c0d-b8c5-440d5996382c,Petronilla,Tomaello,ptomaelloes@forbes.com,Female
12daaeb5-99d2-4a14-8b65-98b294bd5e42,Boycie,Oxe,boxeet@boston.com,Male
ce0eb1bf-38d0-46a8-8a68-73c8713b250d,Allison,Batrick,abatrickeu@naver.com,Female
6b5a78fb-609f-4235-9f97-3cc5bd547d5f,Rosetta,Harower,rharowerev@google.es,Agender
93b32ff5-0768-42ec-a4c6-a976c50511b9,Nickey,Minors,nminorsew@godaddy.com,Male
5900ee45-3835-4a24-a620-7ea62929a1d2,Hallsy,Tarbert,htarbertex@icio.us,Male
92525445-bb21-4185-94ef-37242b8c4238,Damien,Eakin,deakiney@redcross.org,Male
97f1d19c-4fdc-41c4-9d02-7041abc92580,Sammie,Renvoys,srenvoysez@barnesandnoble.com,Male
81f146bf-5144-437f-8fdf-29a825d884ce,Godfree,Josephy,gjosephyf0@who.int,Male
28ff79a3-f0d3-4d8e-bb2c-9811fa0ce1bf,Forester,Caudrey,fcaudreyf1@godaddy.com,Male
5fad8a99-e490-45b0-a87d-47000740f26f,Kristan,Shatliffe,kshatliffef2@bbb.org,Female
3969edab-d937-446e-95a2-d639f1bad4ff,Dinny,Bratchell,dbratchellf3@auda.org.au,Female
22a99c3a-0d3f-45f5-bb95-dbddbcda6bea,Artus,Bartalin,abartalinf4@paginegialle.it,Male
2055853d-aead-48ef-b401-90f48ae23202,Jamison,Gascoyne,jgascoynef5@mac.com,Male
2d19524b-4d77-42e4-955a-e18b15867791,Donetta,Worsley,dworsleyf6@tinyurl.com,Female
9b947f63-dc4c-4e9e-b7b6-256337fe1dd2,Gayelord,Amori,gamorif7@moonfruit.com,Male
38578df9-e66a-4e44-9dd4-c11ef7ed98f2,Gifford,Lewty,glewtyf8@bing.com,Male
f2a51f43-f9e6-4958-b60d-82396e99e0e1,Janey,Storrie,jstorrief9@timesonline.co.uk,Female
f770cd97-275e-45bc-9a51-63b55863f435,Charisse,Chaudron,cchaudronfa@cnn.com,Female
6374d8f8-9584-42ba-bbab-3bf0d24ae022,Yolanthe,Pay,ypayfb@skyrock.com,Female
dd403a36-97fc-41f3-b5a3-c551f3f321b8,Lucinda,Clacey,lclaceyfc@delicious.com,Non-binary
88f684fe-983b-41f2-a495-8574143935d9,Goddard,Usher,gusherfd@dell.com,Male
12f77ded-3cfa-406d-8b1d-fc4dfe4db9a0,Ichabod,Pincott,ipincottfe@vinaora.com,Male
ad2f7807-08e3-46ac-9db4-2718f361c964,Bonnie,Pensom,bpensomff@altervista.org,Female
9c1c4678-4e6a-4ffc-b2b1-cc1332a284e5,Jayme,Lewerenz,jlewerenzfg@nbcnews.com,Female
60481cbc-21d2-459f-ad10-1e2b1a6a6808,Gerald,Rome,gromefh@smugmug.com,Male
6003469b-24ef-487e-a093-dd665bfdc525,Davidson,Coolican,dcoolicanfi@php.net,Male
5aea7405-96e4-431b-a148-f60b47c09152,Nolly,Giamelli,ngiamellifj@hibu.com,Male
9d7a9cc6-a9e7-447b-b323-9d01677ea32f,Maurits,Mullaly,mmullalyfk@squarespace.com,Male
8e1bfba6-abad-4cbb-b1ed-a6f558fd062e,Glenden,Pietrasik,gpietrasikfl@clickbank.net,Male
39f91548-3775-4159-a839-61d0bdcd4378,Adolph,Dinnington,adinningtonfm@marketwatch.com,Male
bb538519-4d20-481d-99f5-ff55fc1ddde6,Clementina,Roft,croftfn@instagram.com,Female
e7ef511c-75cc-4f0e-aa33-053c3a91a5b9,Erhart,Woodvine,ewoodvinefo@bing.com,Male
bb57fa94-f53b-4f64-9b8b-342c92813f16,Moselle,Knifton,mkniftonfp@bbc.co.uk,Female
574eee27-41af-45b5-847b-dec416396d25,Hilton,Prall,hprallfq@hubpages.com,Male
12f8ffb9-c7cb-4eb3-875a-b4e86775468a,Garwood,Farrance,gfarrancefr@ning.com,Male
c0507eaa-2aa8-4bbc-9bba-bc6d16ce2270,Clevey,Dauney,cdauneyfs@marriott.com,Male
8a09df8a-7ab9-4c65-929b-14e96178d5ae,Myrvyn,Liddyard,mliddyardft@networkadvertising.org,Male
4cbc88e5-85a6-4921-84d9-e13d01dbf800,Fern,Slopier,fslopierfu@dion.ne.jp,Female
9daa351e-c90e-4c78-adbd-1a19d93c30f1,Standford,Branche,sbranchefv@friendfeed.com,Male
2b6b9816-bd11-4fe5-8ec6-6e77d0f5b051,Erny,Rawson,erawsonfw@cpanel.net,Male
a000c05f-1651-4ca0-a64b-7373b5a3360d,Risa,Downer,rdownerfx@unc.edu,Female
c8474ec3-3f82-4f58-95d6-67784a041ac6,Abagail,Da Costa,adacostafy@msn.com,Female
ae56cdc3-0402-4fd2-b9b2-4a1579eaa5ca,Hank,Giacovetti,hgiacovettifz@nsw.gov.au,Male
9f83c018-fecc-4e80-bee9-1cc4bb12e0a8,Brewer,Flemmich,bflemmichg0@wikispaces.com,Non-binary
3871af41-a2e3-47d4-ad04-f31a3932fce6,Aldric,McLagain,amclagaing1@etsy.com,Male
fcf82484-83af-4bcd-8e26-6a152ddf6215,Darya,Bredbury,dbredburyg2@ebay.co.uk,Female
d6d6fd5d-f9ac-49bd-97ca-4aec0d0ab975,Ami,Kindred,akindredg3@uiuc.edu,Female
08f55cec-2275-4ab1-b9e4-d1d373494de5,Adrienne,Boobyer,aboobyerg4@cbsnews.com,Female
6c866eeb-d429-4da4-aa8c-067efb9428c6,Lynnea,Sisland,lsislandg5@springer.com,Female
8e84eeaa-d866-42f2-9dfb-afb9aaa33148,Brandyn,Goldsworthy,bgoldsworthyg6@npr.org,Male
53de37bd-5ed9-43a0-9cc4-2dc149a33907,Mervin,Osler,moslerg7@umich.edu,Non-binary
4508f75e-1f8c-4fbd-9b06-7bc709cef351,Welch,Courteney,wcourteneyg8@cdbaby.com,Male
9daccb38-9fa4-4f10-ab5e-150bedb4e6b3,Sorcha,Vatini,svatinig9@gmpg.org,Female
3e688136-d9d7-4b84-9ae9-149e430fc7da,Gale,Carlick,gcarlickga@prweb.com,Female
16d3844a-73ed-4082-ac8e-e8b52ed3984c,Nady,Zanardii,nzanardiigb@google.es,Female
810847b1-0cd4-4f6b-8a6b-4ed699c581e8,Domenic,Mc Faul,dmcfaulgc@friendfeed.com,Male
e0c6af0b-1ccd-493a-88f8-6e704d7f7172,Patricio,Callaway,pcallawaygd@mozilla.org,Male
d376b866-271e-4184-81ac-3eb3c9e6089e,Lucy,Brawn,lbrawnge@google.co.uk,Female
923cffc6-60c9-4c1d-a37e-c3345a553a9f,Bogart,Pedrick,bpedrickgf@a8.net,Male
927e61b2-7593-43c9-9785-d268ab06e358,Rosanna,Skellorne,rskellornegg@simplemachines.org,Female
31147f32-e53e-4781-9446-85b902be95a4,Fernanda,Tipling,ftiplinggh@cpanel.net,Female
4fe94882-7656-4def-833d-047995b71b88,Fabio,Finding,ffindinggi@goo.ne.jp,Male
7bfa02b3-3716-4ab1-95cf-8d889cb9cd56,Gussie,De Winton,gdewintongj@unblog.fr,Female
c13e480d-7252-4c80-9740-e15f1bf977f9,Berkley,Choffin,bchoffingk@seattletimes.com,Male
049a6b00-d345-436b-b5d0-0eed371815ba,Aviva,Hawker,ahawkergl@histats.com,Female
6648cdfb-542f-4cd0-bf16-231e4e72e05f,Shannon,Aleshkov,saleshkovgm@economist.com,Male
7a73e1e2-50cb-4aeb-84a6-13e1a7288cae,Gayleen,Brandolini,gbrandolinign@deliciousdays.com,Female
cf2f5f0f-9749-4a58-bc83-03c6e09e39c5,Tressa,Tillerton,ttillertongo@hexun.com,Female
27fc7778-0bb8-446e-a671-1b3a9830ba1a,Barton,McLauchlin,bmclauchlingp@jiathis.com,Male
fa235063-be91-4d3f-84b5-754ac66abe57,Elvis,Ruberry,eruberrygq@rediff.com,Bigender
0e937b68-67ab-4ccf-86b3-7e54264193e2,Marthe,Huett,mhuettgr@pinterest.com,Female
b5044286-7f12-4b44-ab34-9df84f856f53,Nicole,Bowers,nbowersgs@webmd.com,Female
5f4e3f4d-bd61-4c51-b493-55ed19e996d0,Mackenzie,Keeler,mkeelergt@intel.com,Male
fe444571-ba6f-4f67-a9bb-e1b271ea12e7,Kristopher,Hoggetts,khoggettsgu@loc.gov,Male
4282b0df-685b-46eb-9585-cc65b0432dbd,Gale,Arstingall,garstingallgv@reference.com,Genderfluid
b1c24a3d-ea08-4c9b-b82a-3d2db1c1c8a8,Bekki,Sieve,bsievegw@xinhuanet.com,Female
b8f704f9-8279-4a47-96eb-df75e45c230c,Felecia,Barwis,fbarwisgx@redcross.org,Female
39566e68-aaab-4ae9-8297-76229de5de5d,Ryun,Casse,rcassegy@sciencedirect.com,Male
29264726-cdfd-4b72-a807-f0041e92a83c,Boot,Geeraert,bgeeraertgz@linkedin.com,Genderqueer
6dcf7501-71e9-49e4-9c0b-43196b151714,Milton,Finby,mfinbyh0@foxnews.com,Male
fd92f179-1f30-494f-bb79-5b21ddd9accb,Heidi,Inkle,hinkleh1@cnbc.com,Female
82566571-5b63-4932-9cf5-91c09e90ac32,Pearl,Haddick,phaddickh2@seattletimes.com,Genderqueer
4855fec5-b030-4b6f-a451-8565c2c869da,Danella,Cuschieri,dcuschierih3@mapquest.com,Female
d2e8de36-d39e-41fa-9696-ebeb407330ec,Tallie,Extence,textenceh4@google.es,Male
abd43d8f-f70c-44d5-b179-b94dfac4d613,Hephzibah,Poon,hpoonh5@howstuffworks.com,Female
516eec7b-6703-4668-863b-98381fbe219b,Rurik,Kardos,rkardosh6@drupal.org,Male
36d5ed75-70ba-4c40-b758-464bc60ecfb3,Chane,Maass,cmaassh7@loc.gov,Genderqueer
5287496a-4ccf-44d5-bac3-43a2ddfae2b3,Kellia,O'Farrell,kofarrellh8@blogtalkradio.com,Female
cbf8faad-5cd4-4b00-9ef4-59b126a1dea1,Donia,Gaishson,dgaishsonh9@bbb.org,Female
eb474b4e-8ea1-4fb6-8973-0a19eb28073b,Nari,Voff,nvoffha@163.com,Female
d7063ed8-c93e-4e52-8c75-e1eb8b1ccc85,Liana,Niess,lniesshb@ehow.com,Female
50cd86ec-06f9-4ac7-b205-4d87cbe91932,Theresa,Marikhin,tmarikhinhc@friendfeed.com,Female
a47de05f-ffd4-4ecc-873b-c55cbb87d00f,Angus,Spottswood,aspottswoodhd@fda.gov,Male
834361c4-e31e-4a21-8763-5845e3ad0e49,Sauncho,Tedder,stedderhe@hhs.gov,Male
648d9380-c8c8-4c17-8324-89d8f1dfd177,Cassandry,Neeve,cneevehf@dyndns.org,Female
d6c798e3-826e-492e-89d5-c2637726e276,Harper,Deverick,hdeverickhg@vk.com,Male
61dbeb99-18e8-4157-a5ad-ecf02118c9d1,Idalia,Sweetmore,isweetmorehh@wikispaces.com,Female
8c6429e5-037b-4d0a-bb79-85d7602b6694,Toma,Mattei,tmatteihi@nps.gov,Female
c3fc2afb-6e83-48f8-806d-d370f545984c,Jasmin,Mangion,jmangionhj@sakura.ne.jp,Female
af58fb0a-22df-4892-8861-61798111b563,Stan,Attwood,sattwoodhk@google.pl,Male
8bea2729-a19a-46a4-933f-b099c597583c,Gavan,Lamplugh,glamplughhl@wikispaces.com,Genderfluid
9979625e-7fa7-4065-a325-a9b8f1855735,Dexter,Cornels,dcornelshm@weather.com,Male
e2d08818-6040-4dfb-b47c-c20d7ce31a6c,Gayla,Pennino,gpenninohn@surveymonkey.com,Female
b1bca54b-999b-43a6-86a0-9c7a28ce2f90,Karol,Inglesant,kinglesantho@msn.com,Female
90f23469-2fd3-4b7d-9056-39271edef07e,Alexio,Edgley,aedgleyhp@mac.com,Male
8ef6cbc3-1c6c-4ee9-b0a9-39e8d98fda97,Hammad,Olczyk,holczykhq@bluehost.com,Male
5573a359-1df4-4293-8b25-a88149d10119,Filippo,Hembry,fhembryhr@epa.gov,Male
62ade520-7472-481f-ad25-e2f744cc84c5,Rock,Wooldridge,rwooldridgehs@webnode.com,Male
df3f7fe2-698e-41da-aef7-d91d1ee517e3,Theodora,Crowder,tcrowderht@twitpic.com,Female
9cdb8452-19cd-4dce-a076-07605c9dfffa,Kaja,Leppard,kleppardhu@usgs.gov,Female
cf921960-9a0d-432f-80fc-182d9db5b9b5,Sharai,Remer,sremerhv@sogou.com,Genderfluid
d32b0bb6-150d-4944-8437-4eae2af0e5f9,Bartolemo,Vannoni,bvannonihw@nifty.com,Male
a972cc2e-472a-4253-8d61-54c6617d2ed0,Kristal,Eadmeades,keadmeadeshx@google.nl,Female
bb15d58d-95cd-45c3-a8ff-71764744848b,Bernie,Faust,bfausthy@wired.com,Agender
083caec5-e674-4d4e-a8f4-f4a37455f25e,Geordie,Hymas,ghymashz@gravatar.com,Male
5957f35d-1b52-4035-bf2e-2a67c96b1a65,Genvieve,Wittering,gwitteringi0@walmart.com,Female
1f02c470-6bea-4356-91d9-a67138e62f6c,Raoul,Roddan,rroddani1@bbb.org,Male
388980fa-9b9d-4112-87bf-715034d5c3ce,Darcey,Borkett,dborketti2@state.tx.us,Female
36a4bff8-62cb-4ca9-81a6-6ac938b19804,Trudi,Vitte,tvittei3@shinystat.com,Female
67009c4d-6b8d-456d-83c1-5d9db93dbcc3,Dusty,Arp,darpi4@joomla.org,Female
2add1297-24cc-4c7d-8a8a-e80ee2b1b890,Fairlie,McLeary,fmclearyi5@cafepress.com,Male
f449c9a7-4460-4ccb-9ef3-751bd2c84703,Sibley,Chamberlin,schamberlini6@webs.com,Female
69074011-19c0-4c9f-b3d4-34439bed27c9,Jacquenette,Playfair,jplayfairi7@slideshare.net,Female
2de9c1bc-836e-471d-b502-ff45fdbc6d6e,Keven,Turfitt,kturfitti8@php.net,Genderfluid
eab96e94-ba38-4659-a57f-32f62cf3fb7e,Shayne,Norquay,snorquayi9@multiply.com,Male
b9bb114e-3f9a-4f92-8e9d-d497cb86eec3,Hakim,Paraman,hparamania@amazon.co.jp,Male
05fb586a-a457-4c7b-963d-299db0cfd893,Trip,Desantis,tdesantisib@un.org,Male
04777b69-d251-4a02-92e7-447f432bfc58,Graig,June,gjuneic@mozilla.com,Male
9ede6a73-df62-4644-ac44-76b53892e298,Janetta,Cheeney,jcheeneyid@google.it,Female
b97fa4eb-3de5-4958-9819-54c898e011b9,Padraig,Sevior,pseviorie@youtube.com,Non-binary
927d60f8-adbf-4e84-9336-e1250e59cf09,Shellysheldon,Aspden,saspdenif@github.io,Polygender
97e637b0-c3ed-493a-96f5-95e5f0667a8a,Menard,Blankau,mblankauig@unc.edu,Male
729c5adf-62a7-49ba-988a-bb4bf2903ed5,Fayth,Kydde,fkyddeih@jiathis.com,Female
fe4a41b5-6374-4ed8-94bb-cc2f20725159,Allard,Daingerfield,adaingerfieldii@sphinn.com,Male
70d8fbbb-03c3-4898-aaa6-7ad450d18134,Gerrie,Sproul,gsproulij@vinaora.com,Male
b78c7889-6f3b-4a77-b696-3324e879d331,Elmira,Fanthom,efanthomik@harvard.edu,Female
79a007a7-f488-437c-ba33-3dce0e7b387d,Laughton,Baxstare,lbaxstareil@indiatimes.com,Male
4e4efc71-d9f0-4560-acbd-d7df591e8269,Heath,Baise,hbaiseim@pagesperso-orange.fr,Female
3bfaf15a-b3b2-4983-90de-48c38a51819f,El,Aimer,eaimerin@epa.gov,Male
93501c32-ab63-46c1-a106-a1a78405aa88,Ingunna,Phizackerly,iphizackerlyio@mac.com,Female
1caa2a22-d993-4dfc-96cd-55eeff6cc93e,Anderea,Tabor,ataborip@telegraph.co.uk,Bigender
aaa80f0e-e5b1-4842-9b6f-3b36b8540376,Bel,Eyles,beylesiq@cargocollective.com,Female
9ea30a74-760d-4f39-aa1c-ce8012026a7a,Rainer,Desforges,rdesforgesir@oakley.com,Male
7864a5ec-d1a9-497d-aea9-9ee7f91cf2aa,Iolanthe,Morecomb,imorecombis@tripadvisor.com,Female
91cf435d-f463-4991-96bb-0a9b96e89d84,Zabrina,Crowch,zcrowchit@taobao.com,Female
02e46c8f-d24a-49c2-b4f2-3ea999bd7abd,Jude,McNab,jmcnabiu@last.fm,Male
ab097f18-3e1b-447a-a36f-afd7e06b0571,Dallis,MacCook,dmaccookiv@cyberchimps.com,Male
503472f8-a87b-4855-b281-5c02cd4560bc,Frederique,McCloy,fmccloyiw@exblog.jp,Female
e69bfa69-451b-41c8-b6ac-222bfe999ddb,Marleah,Grange,mgrangeix@bluehost.com,Female
bfb85fa4-0409-49e3-976f-018094fe86a8,Gustie,Merchant,gmerchantiy@cnn.com,Female
4b5cf4f2-82f6-4216-98af-ce2cf1d967ce,Titos,Merill,tmerilliz@miitbeian.gov.cn,Male
c89fe760-6b6c-449a-a561-69c42a197a3e,Livia,Rauprich,lrauprichj0@desdev.cn,Female
23923842-dcba-4c63-aedf-6b6b4c4b3760,Rosemaria,Orehead,roreheadj1@is.gd,Female
82f567e8-23ef-4e2c-b826-08bd86e14b9a,Giralda,Randell,grandellj2@wikimedia.org,Female
4bf7b983-88d0-42c8-a715-dbfe0d269cf8,Laurence,Fosh,lfoshj3@e-recht24.de,Male
c184472d-6e1c-49bc-9f10-e0c807d25a6e,Wolfy,Cancellieri,wcancellierij4@wisc.edu,Male
a665ad46-6896-49b8-992f-184c3bd9ec9e,Velvet,Tingley,vtingleyj5@mashable.com,Female
19925797-9827-4667-8628-bd5430afbfe0,Saraann,Tolerton,stolertonj6@imgur.com,Female
0f1d6e48-9d72-4034-a419-c08a9d43c8e7,Dulcea,Balderston,dbalderstonj7@sohu.com,Bigender
5086a3bc-1e39-49d7-a1b5-36c7e0644cc0,Sly,Danilevich,sdanilevichj8@addtoany.com,Male
4c219ce1-dad7-47aa-a83e-dbda17443452,Kenn,Elvin,kelvinj9@prnewswire.com,Male
b07afc3f-6499-4207-b067-a256278329ff,Cad,Rapier,crapierja@usatoday.com,Male
6d713f82-715f-4857-b156-c0f073bbc3c2,Chev,O'Siaghail,cosiaghailjb@smh.com.au,Male
b9f44fc9-6c8b-454a-b083-a777cb800a71,Janeta,Roggeman,jroggemanjc@marriott.com,Bigender
4bd177d9-cd98-4f70-8596-ab233d70afff,Sibilla,Beckhurst,sbeckhurstjd@w3.org,Female
9bf3ee4d-8d29-4cc5-9474-1082450501b3,Olin,Nisco,oniscoje@1688.com,Male
d0ba5b4f-49fb-4f3b-9fd9-f0c2d0c4a0df,Codi,Molnar,cmolnarjf@jiathis.com,Female
028bec3b-663c-459e-a09d-383f19178ee6,Ondrea,Brasner,obrasnerjg@mysql.com,Female
3075755f-cbd0-4cf0-b63a-c57329151807,Oliviero,Boar,oboarjh@japanpost.jp,Male
480e7efa-7938-47b2-be94-d59cde8df644,Cariotta,Borrowman,cborrowmanji@wikipedia.org,Female
b74825c8-314a-42c8-a7aa-4ba28ec18daf,Lorna,MacDonough,lmacdonoughjj@salon.com,Female
10cab325-d8fc-4547-985a-e14948041d6c,Matthus,Daughton,mdaughtonjk@disqus.com,Male
9862bbc9-cd98-4947-a801-44f4232371c4,Clement,Abramowsky,cabramowskyjl@oaic.gov.au,Male
060ef16b-0665-4659-955c-959bd93b72b9,Wilbur,Hamm,whammjm@wsj.com,Male
7ab61ee0-0678-4b77-bdef-c8282f7423d4,Guss,Dedrick,gdedrickjn@unblog.fr,Male
d51abe71-9fdb-41ce-8596-64eaf9e5590a,Zorina,Scheffel,zscheffeljo@opensource.org,Female
94ef4f41-37c2-4d5c-8a6c-120456613bc4,Carlye,McArthur,cmcarthurjp@yale.edu,Female
69f397fd-1e49-446e-8d8f-ba53a8ee682e,Portia,McCarney,pmccarneyjq@ezinearticles.com,Female
e70b9744-caa6-44f1-892f-7d36924fbe9c,Ardra,Celle,acellejr@rambler.ru,Female
9f68caeb-8eab-4c4d-ad10-904903982c90,Sanderson,Halfhyde,shalfhydejs@phpbb.com,Male
50eece35-a1cd-48cf-80f6-458ee1bf6acd,Lanita,King,lkingjt@last.fm,Female
0597ad11-4397-4f55-8135-a84ce7ff9772,Albert,Tanser,atanserju@myspace.com,Agender
4b53574b-3af6-4c3c-afe9-5900408c875b,Elisha,Chadbourn,echadbournjv@google.com.br,Male
62e62485-9b7e-43d4-91c0-69db0247b9f0,Babs,Crowcher,bcrowcherjw@tuttocitta.it,Female
31e05fe2-5ccd-4685-b57b-5184cc540f21,Esmeralda,Shakshaft,eshakshaftjx@domainmarket.com,Female
a0354f70-86de-4251-9c2e-06a80be92178,Erma,Aharoni,eaharonijy@army.mil,Female
d84e7db5-d3af-46da-bfff-ad4ffb9b33c4,Culver,Goundry,cgoundryjz@discovery.com,Male
5bddc1e6-349c-40ac-8527-4504c41c8850,Oralla,Crocumbe,ocrocumbek0@merriam-webster.com,Female
d113b0ab-011b-4b7e-a113-86501fc42740,Normand,Loudon,nloudonk1@scientificamerican.com,Bigender
9e6d35af-f586-48d6-a1d0-0d156b2a9be5,Bunny,Courcey,bcourceyk2@meetup.com,Female
18c88d71-e718-4b78-92ec-a885c6a1f0eb,Amelie,McArte,amcartek3@bbb.org,Female
1607ad50-bc2e-4fb8-9d17-8a9d6cfa58bd,Corby,Schenfisch,cschenfischk4@dedecms.com,Male
ba5a7445-5bfe-4d1b-95db-9dad49f9246e,Charin,Crayke,ccraykek5@bizjournals.com,Female
32486df2-5a61-4b1d-bbff-358057ce3793,Harrison,MacGarrity,hmacgarrityk6@prweb.com,Male
00a289a8-880e-4b70-920f-cadf18be1cd6,Verene,Dimitru,vdimitruk7@gnu.org,Female
fd3d72f5-6a77-44cd-96f3-2427c2daf065,Latrena,Gyenes,lgyenesk8@theglobeandmail.com,Female
be6ca848-9f84-4b68-b542-8c8109399148,Hayden,Tunnow,htunnowk9@unblog.fr,Male
b1d3ab3e-0562-4be7-a523-df77dc901c8b,Franklin,Klemt,fklemtka@mediafire.com,Male
4c46bdf5-0416-4a11-9c30-d606a0e7bacb,Rudiger,McCambrois,rmccambroiskb@ucla.edu,Male
9d1cfeb2-847d-48e5-b828-6b0b0f65ba7a,Loydie,Dreschler,ldreschlerkc@yolasite.com,Male
e9617ea4-b4e5-4b9d-91e8-de0b2cbcd569,Corry,Orvis,corviskd@reverbnation.com,Female
cd3c3c5f-0698-4630-8c71-5a886bcc4641,Dorise,Osment,dosmentke@indiegogo.com,Female
f9965a90-011e-4d12-9e77-bd986cb1619e,See,Klampt,sklamptkf@who.int,Male
a4a0c53a-db90-4f51-a72f-0dd4f2046719,Zora,Hamlen,zhamlenkg@twitpic.com,Female
0512352e-3c04-4f5d-94ed-75f2c61e39ae,Caitrin,Willsmore,cwillsmorekh@tripadvisor.com,Polygender
7ad7824f-b37c-42f6-8462-f9ef8dd39183,Trstram,Pearsall,tpearsallki@nasa.gov,Non-binary
a88986c7-8688-4038-a497-de55b1ad90af,Jeanie,Chirm,jchirmkj@tamu.edu,Female
2abb6804-cf31-43d7-894b-fb2b9ddf02e5,Rhodie,Goodspeed,rgoodspeedkk@china.com.cn,Bigender
0648f7e2-b2bc-4b7e-9b42-dea46627a9a3,Ninetta,Neve,nnevekl@wikia.com,Female
8b48c316-0965-4b0f-9ba1-f8135d0ec7b1,Dewie,Johann,djohannkm@creativecommons.org,Male
bda707ba-09b8-4585-b64c-9b6db9ffc031,Lily,Entwistle,lentwistlekn@usatoday.com,Female
2f1e24dc-78c6-4a11-a2b1-079b7293d071,Lazare,McGeoch,lmcgeochko@yandex.ru,Male
9d236830-cf54-4318-8f4a-a54d1052591a,Willis,Byham,wbyhamkp@smh.com.au,Male
ad7bc8b6-76ae-4676-a014-336b03765b70,Dorian,Leggate,dleggatekq@nasa.gov,Male
6eb0f90e-1a57-4a95-846a-43c509d58445,Itch,Willshere,iwillsherekr@lulu.com,Male
a27cc6a0-3840-43b1-87a2-ed11a6883364,Kathlin,Decroix,kdecroixks@cbc.ca,Female
f4f0ac39-0e12-41b1-81c3-ee231a04a245,Jania,Alejandre,jalejandrekt@geocities.jp,Female
78f174fa-910d-475b-a650-de094f167835,Thornie,Smallman,tsmallmanku@google.cn,Male
0d35dd41-45ac-458c-afc5-d50d691db487,Bertie,Lokier,blokierkv@macromedia.com,Male
be708211-72e0-4542-843b-8753beb6ae2c,Theressa,Delyth,tdelythkw@nasa.gov,Female
1bef8170-acb9-46cd-8053-8ed800a99cbd,Malorie,Scritch,mscritchkx@fda.gov,Female
74692af1-dd84-4440-b98f-de2dc594067b,Lawrence,Reavey,lreaveyky@bbc.co.uk,Male
43a5995a-490b-496f-a36b-3d5f9817c2d7,Gordy,Teek,gteekkz@dedecms.com,Non-binary
989f2a95-8e3e-439f-8e13-9a12ed234087,Delcina,Glas,dglasl0@patch.com,Female
d0d6e14d-7ebb-4465-b7fc-233177d79b02,Tadeas,Rohlfing,trohlfingl1@t-online.de,Male
d9bacff6-c2c7-4035-8194-2e18f4687380,Sadye,Brayshaw,sbrayshawl2@wiley.com,Female
e70c0a98-a454-4fa4-8f01-e06e8de1e4f9,Chalmers,Janowicz,cjanowiczl3@usda.gov,Male
c603ed52-a8ec-454f-b754-18973029660e,Jamil,Moulton,jmoultonl4@biglobe.ne.jp,Male
1d002bcb-a501-40ae-bfe8-f62232a27564,Auberta,Grinnikov,agrinnikovl5@tripadvisor.com,Female
e4dfcfa2-0723-4d55-85d0-ca60baa5f767,Jasmina,Theze,jthezel6@jugem.jp,Female
1f75060d-0aff-44f1-885a-2ed007a51014,Yehudi,Serjent,yserjentl7@reference.com,Agender
f9fb0380-1a20-4c93-88dc-ed7e99efb743,Geralda,Brakespear,gbrakespearl8@spotify.com,Agender
0f98dab7-255c-49b3-a5ee-656f9800c105,Iorgos,Dennis,idennisl9@wired.com,Male
fe15453a-5fca-4ce6-8764-05155de8b6e8,Wes,Smeeth,wsmeethla@mozilla.com,Bigender
c9aede4c-5371-4b6e-abe0-28dbb852c08d,Urbanus,Connachan,uconnachanlb@hatena.ne.jp,Male
1e7b7f4c-cbf7-45d4-90fd-c23bf927edb3,Murray,Baal,mbaallc@zimbio.com,Male
a65133bd-01d8-4cec-b5fb-8f796670ec21,Andrei,Arrigucci,aarriguccild@163.com,Female
aa8fa112-85b0-4bd4-bd30-80bfd73dce3d,Trip,Farrey,tfarreyle@vimeo.com,Male
b3b45776-0687-440c-8bee-37f1ffd4fd62,Lyndell,Brosh,lbroshlf@unc.edu,Female
26bdb086-68ef-40f8-8d52-e91a88adf704,Cody,Mulderrig,cmulderriglg@cmu.edu,Male
1990aa44-f99b-4300-aeb8-5d1ad3cfdb51,Frasco,Mayers,fmayerslh@google.ru,Male
472b65d9-04b2-427c-af6d-50684215cffd,Renata,Bayldon,rbayldonli@merriam-webster.com,Female
334a1c08-2bde-4be9-8d94-8636feb1392d,Davey,Claire,dclairelj@rediff.com,Male
26ff3ed1-8c50-4f18-b589-18833e0ede22,Malena,Sorrell,msorrelllk@ed.gov,Female
c9a376dc-1428-4a36-958e-5ab82b7e40e7,Ole,Gribble,ogribblell@aol.com,Male
8d8b244d-98f0-4551-b40e-c9d8bafe530e,Kaycee,Limpertz,klimpertzlm@a8.net,Female
c3ab0abe-ed31-44cf-ab5a-2762cf66e04f,Emmalyn,Grainge,egraingeln@who.int,Female
62f4edb7-282f-4227-90e6-f3951c8de04e,Onofredo,Cowherd,ocowherdlo@smh.com.au,Male
b441254c-9c5d-4898-bf1d-faa2c8581f2f,Olympe,Cullon,ocullonlp@slate.com,Female
2dc16169-2478-4464-b7b4-e3b001f40121,Teodoor,Kenward,tkenwardlq@baidu.com,Male
79c4b48a-ad8a-4a0c-be6f-bdf77e33b332,Herschel,Doeg,hdoeglr@nhs.uk,Male
06bcb56d-aa57-4136-8c68-e0f5b78dd0a6,Huntley,Francescone,hfrancesconels@themeforest.net,Male
2ab406ce-3548-4d1f-88b1-af448d8b1522,Eryn,Moylane,emoylanelt@java.com,Female
07b3100a-6594-4189-a55b-32151f85779f,Myrta,Crop,mcroplu@networksolutions.com,Female
0c6b1c45-a1e2-4674-8eaf-623a3b75cf6c,Carmelina,Parman,cparmanlv@imgur.com,Female
8820aa2b-7f38-4594-a452-4a7b3dc40d4f,Erena,Keech,ekeechlw@multiply.com,Female
56352330-9ad7-4e03-acc0-25da6ab523df,Omar,Calf,ocalflx@reddit.com,Male
f520c6eb-a084-498d-9f43-c6979e34cbd9,Reagan,Whittaker,rwhittakerly@desdev.cn,Male
0dc96963-fed7-436c-a493-1f82fd0f763d,Gawain,M'Barron,gmbarronlz@ow.ly,Male
f6b0ac69-4d25-4835-84bf-d4dbdc4cb98b,Launce,Haseman,lhasemanm0@scribd.com,Male
3d7556c7-2ef3-412d-8913-546531d7da75,Dell,McAne,dmcanem1@bravesites.com,Male
c61ea4b2-f844-4f2d-b591-390bba0c28c6,Inglebert,Rockey,irockeym2@archive.org,Male
f2a6a5f5-ccc8-4789-9ff1-f76f24c4de7f,Michael,Marzella,mmarzellam3@rediff.com,Male
a1c9682d-44f7-4b31-883b-e7b843aa4508,Burch,Seleway,bselewaym4@gov.uk,Genderfluid
af9b6d78-faec-43d1-92ad-bfed1ea80081,Udell,Sapir,usapirm5@harvard.edu,Male
aeb10458-188a-4a2a-bc1f-802ad850e4aa,Rogers,Mangeot,rmangeotm6@youtu.be,Male
0feb4b77-68c0-484a-a1ac-b48a3e8fd159,Nessi,Cossar,ncossarm7@wired.com,Female
028380b7-2721-4b7f-bae8-d3754ef74b33,Dyann,Soda,dsodam8@sina.com.cn,Female
790c9a81-73db-4f98-9ccd-0c941794cc0b,Roarke,Hicks,rhicksm9@tripod.com,Male
bc52b161-776a-472a-91b1-9a18fe5c4703,Lars,Mobius,lmobiusma@jiathis.com,Male
65e6abf7-d196-4b38-af6d-f7ed853a3815,Staford,Stribling,sstriblingmb@wired.com,Male
e86a39a9-92af-40d9-b83b-68dee7c76e62,Ivor,Domanski,idomanskimc@woothemes.com,Male
666f4775-caa8-495b-9cbb-faec832b3d01,Waly,Luker,wlukermd@zdnet.com,Female
5378a43b-7d48-4e81-bd26-8717e8019dac,Lucho,Fish,lfishme@xinhuanet.com,Male
9e433525-50b5-4c1f-9caf-a20a9315e492,Coralie,Kingsnorth,ckingsnorthmf@thetimes.co.uk,Female
0800a185-1afa-487a-bfff-76ada69cb51f,Vladamir,Metherell,vmetherellmg@purevolume.com,Male
b81d37c7-d209-416e-9e20-2bb9973580d4,Marion,Jowsey,mjowseymh@squarespace.com,Female
0f6fcedf-5e31-4166-8b05-73f85678d9e3,Shara,Regi,sregimi@fema.gov,Female
2f5f7181-0b37-40ab-b728-d2b162125289,Lonnard,Tathacott,ltathacottmj@mashable.com,Male
a08ba5ad-8158-40c1-b110-6e877e2a6641,Salem,Peiser,speisermk@pbs.org,Male
1d3754ad-91b6-4c1f-98a9-171e93ff151a,Kelly,Stiddard,kstiddardml@pbs.org,Male
74cf14f1-f301-4db0-8627-17688af5bdf4,Bonita,Bloys,bbloysmm@wufoo.com,Non-binary
0ff3cb9f-f971-4d64-8ae0-460224cd3f74,Jayme,Stolberg,jstolbergmn@nbcnews.com,Female
3205b74f-9404-4552-96e1-262ea8a66af3,Zorah,Yanshinov,zyanshinovmo@ycombinator.com,Female
ab15d5e5-aba3-424d-a169-05a2657848ec,Wit,Guys,wguysmp@apple.com,Male
1d497afa-af4c-447c-9452-5ed5b237ae69,Wilmer,Azam,wazammq@mozilla.com,Male
b3f6fbd7-e516-4129-9b7a-1a8a1f6da255,Ilise,Allkins,iallkinsmr@amazon.de,Genderqueer
ae4bc505-3b92-4bc1-a8d5-0e2a12ba764d,Fredric,Bodiam,fbodiamms@geocities.com,Male
dce384dc-57d2-4f0b-95f8-0efe1cdf7e57,Gilligan,Bather,gbathermt@sitemeter.com,Female
00c4e566-60b9-4641-9b46-40b7483e6c02,Concettina,Kemetz,ckemetzmu@techcrunch.com,Female
99970fda-2e6e-457b-9c92-4f6f41bd36a7,Ginelle,Rushbrooke,grushbrookemv@last.fm,Female
4ea6a425-d565-4216-864b-edef8bc6ae67,Garrard,Copp,gcoppmw@wikispaces.com,Male
75e78935-16c6-4482-b646-db11de54de71,Claiborne,Perse,cpersemx@comsenz.com,Male
ec74e7f8-d3fa-4440-a216-26f7bdd64138,Lilah,Beckley,lbeckleymy@umn.edu,Female
dcc3e7f8-e343-42e6-a863-d6b8e80b1895,Gilbertina,Florentine,gflorentinemz@wikipedia.org,Female
a9a5b573-509a-4ce5-9385-6bf2ad1e2c59,Marin,Tolcharde,mtolcharden0@google.pl,Female
e95eb456-0adc-4ff8-a5c9-02b60c769746,Jard,Stoakes,jstoakesn1@geocities.com,Male
0d075276-556a-411f-a7fb-6e4bce784067,Camila,Kellitt,ckellittn2@ehow.com,Female
65a401a3-e820-4de8-9329-47edb3854c3f,Matthew,Feldhuhn,mfeldhuhnn3@wikimedia.org,Male
e9c24ab0-ca53-486e-b013-0156e2c83440,Odelle,Downing,odowningn4@parallels.com,Female
a9f003af-4b6e-478d-bb63-8a6061f6f4f0,Edy,McIlwain,emcilwainn5@timesonline.co.uk,Female
a6f4fc62-9230-4060-80d6-80c755b0ef9d,Sherlock,Athridge,sathridgen6@cnet.com,Male
424f0e9e-d5e7-4705-8164-4a7fb0fe0506,Hiram,Oluwatoyin,holuwatoyinn7@foxnews.com,Male
9260b372-7aef-4af7-a875-6f59dc6ee66c,Jeniece,Origin,joriginn8@bloglines.com,Female
6db0b5d0-7e60-4f81-8603-f6895bd25347,Fidelity,Sturge,fsturgen9@blinklist.com,Genderfluid
42769e63-88b6-400b-9891-59c631d9f694,Ban,McGray,bmcgrayna@mayoclinic.com,Male
e89c3d8a-8510-4ca3-9aa1-c3bf10bbc223,Elvera,MacQuarrie,emacquarrienb@wikipedia.org,Genderqueer
a4e7ac1a-44dd-4365-bf2f-6e57d2bca8c5,Erin,Vella,evellanc@rediff.com,Male
60eb4fd4-125c-4264-a7d4-989c557fb8b8,Alta,Linger,alingernd@tuttocitta.it,Female
9437cf79-ca33-4178-8f73-c8c5b5464172,Bertrand,Traylen,btraylenne@japanpost.jp,Male
580e251e-4ce5-45ef-b8d4-5bb069b88f10,Vincents,Zapatero,vzapateronf@google.it,Male
0cf3b183-394b-452f-a157-e78e67756f4f,Tuesday,Elfleet,telfleetng@techcrunch.com,Female
f4fbb12d-aae1-441e-ab7e-8a77d6690d1b,Thaddeus,Sixsmith,tsixsmithnh@woothemes.com,Male
d8850ac6-ec39-440e-9f5d-36370ed43a43,Sanders,Petrazzi,spetrazzini@biglobe.ne.jp,Male
ea7bdb77-0950-4f63-b70d-c24ae31bf08c,Tanny,Beville,tbevillenj@linkedin.com,Male
3c04b9a0-7746-477b-8ee2-5c9668074f99,Lissa,Cristobal,lcristobalnk@reverbnation.com,Genderqueer
377c8049-a513-4dfe-b564-6a4c34f6f47e,Darcy,Kilcullen,dkilcullennl@feedburner.com,Male
b893c079-c0fc-4935-a265-ff55f4fdb1de,Sidnee,Gheorghescu,sgheorghescunm@tinyurl.com,Male
b696451a-ccd7-499d-b5d5-016adf4214f0,Milzie,Meatyard,mmeatyardnn@cornell.edu,Non-binary
d50c8d28-c55c-4936-acd1-3fb2ef4f55b7,Randi,Livingston,rlivingstonno@odnoklassniki.ru,Male
b288804b-c270-4972-a81a-fc9e44a1d8ff,Patty,Tudhope,ptudhopenp@indiegogo.com,Male
984456f7-9ad2-4b14-b447-3b7e0aad9889,Levin,Lymbourne,llymbournenq@friendfeed.com,Male
6f59e998-8e2e-4b2f-87a8-4e83ad60d270,Alvan,Curds,acurdsnr@si.edu,Male
02f47368-050d-4dc4-807f-9ec7c77c9867,Scott,Luty,slutyns@unesco.org,Male
dd1a95f2-524b-42af-b614-b9da86034fb7,Rosalinda,Benzing,rbenzingnt@youtube.com,Female
e9adfcc7-b58e-4bc9-9c7f-f384f500386f,Norby,Minshaw,nminshawnu@loc.gov,Male
89e4f7c5-80cd-43f8-a7de-bd8c0d0f3a20,Sari,Glowacki,sglowackinv@newsvine.com,Female
b06fe69f-70cb-4ee1-8664-a1befbb1a089,Billi,Francescone,bfrancesconenw@psu.edu,Polygender
18d4169f-a5fb-42ea-a8ab-9ca94b35444d,Ashly,Klausen,aklausennx@wikispaces.com,Female
072a27fc-b2e6-4de9-86a0-985ff707a728,Brandea,Gomme,bgommeny@ed.gov,Female
85b6677e-db01-44d6-adc6-6c2b7e3d3695,Ericha,Turfitt,eturfittnz@google.pl,Female
171ebd1b-44cd-49d3-ac4a-75436bbec1f0,Finlay,Polding,fpoldingo0@360.cn,Male
373baf3f-10b0-4d50-84ee-944947c42de3,Annabell,Cleal,aclealo1@japanpost.jp,Female
0594e137-fb4d-41b2-ba91-fa3042b7dcb9,Stillman,Blunden,sblundeno2@twitter.com,Male
fd58e611-4284-4fb2-96a9-e5e2d4ea4f5b,Jerrie,Mowling,jmowlingo3@prnewswire.com,Male
04236bbb-c7a6-4fd0-9918-b2ed7d5c5ee7,Guinevere,Jakobssen,gjakobsseno4@yahoo.com,Female
a5f656b9-63f0-4312-8b45-667af9d2b806,Larina,Lere,llereo5@icq.com,Female
d7ac4726-3875-41d2-9c3f-d8351af3ee68,Sukey,Hardeman,shardemano6@berkeley.edu,Female
1cb3d4c2-86f3-4c40-85fe-92cb5d3f4af1,Jasper,Domerq,jdomerqo7@acquirethisname.com,Male
78559670-8c72-4c70-8d6f-1f1c17dcb8f0,Margalo,Kordas,mkordaso8@issuu.com,Female
4b138850-ce5f-486b-bd5c-5514dfb2bf45,Roxy,Snoddon,rsnoddono9@sakura.ne.jp,Female
38c0c7b4-2952-407f-8f88-dbd1a0cf70ea,Tudor,Carn,tcarnoa@mac.com,Male
377ac769-e0e4-4c68-81eb-c886a3340748,Lorelle,Dionsetto,ldionsettoob@techcrunch.com,Female
81f9ef33-180f-4e58-9195-8a2f52e0f2d1,Konstantine,Isacsson,kisacssonoc@vk.com,Male
667d3ca3-4ddd-4acd-9e00-e3c3b653ac07,Yoshiko,Corbin,ycorbinod@unesco.org,Female
c2391a16-287e-464e-8e02-cdad64877338,Daryl,Vosper,dvosperoe@gov.uk,Male
9abf4159-3df7-42c1-841c-9a7cbce7f7f0,Jaime,Kubanek,jkubanekof@ameblo.jp,Female
5e9faaad-eff3-4679-9900-d4af9b0e3450,Pearce,Gibling,pgiblingog@sitemeter.com,Male
7b3435c9-3f97-4a6a-b3c6-f675bdd39cbc,Damiano,Larver,dlarveroh@studiopress.com,Male
9d4c8f3a-df0a-470d-967e-80a43c0f01eb,Biddy,Gieraths,bgierathsoi@nhs.uk,Female
a680ba82-741a-4a13-917d-1c34eeb911f9,Demetris,McCrisken,dmccriskenoj@latimes.com,Male
b608e3f2-e9ce-4a3b-a72b-b3daae36b0f6,Mikel,Abendroth,mabendrothok@accuweather.com,Male
0975131b-bc16-45de-b79e-15c151a912c8,Sallee,Dahler,sdahlerol@about.com,Female
c15b8d4b-bbe5-4cde-b93f-8b4cdd7925f0,Aldwin,Bullivent,abulliventom@stanford.edu,Male
021a9744-37e2-42f0-8c8f-fdfcda5fd6f6,Sosanna,Brock,sbrockon@vk.com,Female
4db5670c-97dd-49a5-bcf9-6cb9c0ad3b04,Elfie,Skitral,eskitraloo@csmonitor.com,Female
ef53f0b9-9f1a-4c89-8f10-6ad740874c3f,Findley,Salvin,fsalvinop@studiopress.com,Male
e5aa1ef0-162f-4777-a835-d67301e35c61,Tobe,Nicolls,tnicollsoq@twitter.com,Female
65faaffc-b2b8-4295-822e-6ff95b93874d,Jewelle,Cobello,jcobelloor@washingtonpost.com,Female
0d3613d3-3717-48e4-aec1-4c1d5efb358e,Gwen,Tape,gtapeos@unblog.fr,Female
f8dab38f-7308-449c-86b3-e11f28b32777,Shepard,Hatje,shatjeot@multiply.com,Male
10ab5af0-373f-431a-a416-183d5ff4250f,Eartha,Whitmore,ewhitmoreou@google.ca,Female
2a754266-60ef-4f21-ba17-6b78fcf6c37a,Mady,Bezant,mbezantov@ibm.com,Female
d7dfef97-9b14-488b-8bb6-4bdf72506940,Ivan,O'Shavlan,ioshavlanow@flickr.com,Male
168a7b89-a592-4b64-bb4a-07bd457dda63,Baryram,Trythall,btrythallox@simplemachines.org,Bigender
823d6442-c5ef-4a22-a1e1-806fc868c79a,Georgetta,Korous,gkorousoy@ycombinator.com,Female
2b5d9c95-78bb-4e6c-a8f9-f6668cba391e,Arron,Freeburn,afreeburnoz@amazon.de,Male
254ab513-f2a0-468e-803c-02590aa9170a,Steffen,Cole,scolep0@engadget.com,Male
e2ab193c-27e5-4b2a-889a-c1fe53113abf,Analise,Drinkhill,adrinkhillp1@slideshare.net,Female
1902f104-9db8-4306-9c95-9be63c3f8c99,Clevie,Cornforth,ccornforthp2@admin.ch,Male
02c2f86e-bcbe-484f-8ccc-41af10fc1e84,Rudolfo,MacNeice,rmacneicep3@sohu.com,Male
7b0156a9-1db5-4206-892a-263b11007db3,Katerina,Nelsey,knelseyp4@goo.gl,Female
0aa1153c-c434-429d-93d6-1706802091ce,Jarrid,Moorton,jmoortonp5@163.com,Male
7ba8f65e-d99f-4754-ba27-3def11410c48,Wiley,Neill,wneillp6@google.co.uk,Male
1ea02df8-08da-4d70-be38-4121082bc8a7,Merv,Marxsen,mmarxsenp7@salon.com,Male
1965ad4c-2771-49a6-937b-4973d3826fac,Cedric,Summerside,csummersidep8@usa.gov,Male
7c6d0599-4823-4105-b0ff-bed0abfbe4c4,Miles,Sherar,msherarp9@paginegialle.it,Male
d701f159-a38b-40b2-bf21-fa5fe2569545,Edvard,Simacek,esimacekpa@yahoo.co.jp,Male
f1e4b4b6-f8cc-42f9-94ff-36e2519cde03,Agustin,Sainte Paul,asaintepaulpb@over-blog.com,Genderqueer
e1ea35bc-24a6-4149-bcb3-c2e3fca19384,Jereme,Belham,jbelhampc@yahoo.co.jp,Male
16b70237-35ff-4d69-a0e4-0861beacfac8,Major,Sivil,msivilpd@umich.edu,Male
80631bd5-1a23-49c0-98d1-b9fd9cbaa0a4,Maryann,Nightingale,mnightingalepe@dell.com,Female
7399132f-2eec-4281-a24b-8cc1d4de945e,Ranee,Behagg,rbehaggpf@marriott.com,Female
f99840f2-ef0d-4064-b2f7-d17050ec49d8,Arvy,Endricci,aendriccipg@xing.com,Male
a0c45232-9221-4301-abde-3620d2ec4629,Lida,Gulland,lgullandph@cmu.edu,Female
9fc2a569-904a-47a9-a6ca-433a5d7e87ca,Cobbie,Korn,ckornpi@msn.com,Male
475e5e72-1eb6-4250-95dc-17e4480913b9,Pembroke,Lusgdin,plusgdinpj@rediff.com,Male
d500a7e4-fb28-48e0-bbe0-9c625cadac87,Clarice,Valiant,cvaliantpk@soundcloud.com,Female
f2ab0835-a1b3-442c-9365-a5e3fdf5266b,Carolee,Titlow,ctitlowpl@amazonaws.com,Female
24c89174-6886-4ec6-ac2f-89b1b3b75b20,Olvan,Hargess,ohargesspm@google.it,Male
08a6f39f-4466-44cc-b915-6f63ccbb6b9d,Merola,Giacubo,mgiacubopn@github.io,Female
e947a6e4-64e0-4c31-aae2-c45380c81e79,Danya,Manketell,dmanketellpo@cloudflare.com,Female
7fbd4546-e57a-4544-8e46-c38e1e917ea1,Nicholle,Downey,ndowneypp@cisco.com,Female
e48e3556-da08-43c0-84cc-0f8bc7a23382,Estele,Sillitoe,esillitoepq@hp.com,Female
062798b6-3dbf-4451-815e-83485441cf1f,Frederigo,Pollastro,fpollastropr@thetimes.co.uk,Male
a7e5608f-5b48-40be-92e8-fb3fc2f9a85d,Zsazsa,Tooze,ztoozeps@ox.ac.uk,Female
b4477ae3-6d41-4808-acca-c2d861271f30,Michele,Grigore,mgrigorept@wikipedia.org,Female
626902f7-2854-4c89-bef0-4781931246cd,Adi,St. Queintain,astqueintainpu@indiegogo.com,Female
4b6b004b-476f-4d82-8300-691e012a94b9,Maximilian,Oxlade,moxladepv@google.com.hk,Male
693b5910-8f8b-4034-924c-2f8bef86ded3,Claiborn,Sloss,cslosspw@pinterest.com,Male
9b640ecf-6784-4480-8453-43863a28615f,Aurie,Velti,aveltipx@amazon.com,Female
20704109-833d-4d48-98b3-06c0f57c8c0b,Gwenneth,Shreeves,gshreevespy@free.fr,Female
e36e232c-2027-40ab-9889-8140eb2cdce0,Barthel,Rugiero,brugieropz@wordpress.org,Non-binary
89fd7edd-7794-4b97-aaf3-a4142f5f6f59,Cale,Anstee,cansteeq0@ovh.net,Male
86706520-3f8c-4eeb-92af-3d4692b77ee9,Jack,Spriggin,jsprigginq1@cafepress.com,Male
a0488da8-4fca-43a5-96e9-37c4ef07e103,Eilis,Hobgen,ehobgenq2@tinypic.com,Polygender
f81e6c58-f4b0-41e3-9d8f-ced4d2a00d44,Panchito,Hardstaff,phardstaffq3@biblegateway.com,Male
16bfbce7-c629-47dd-bced-7d9379f19772,Ferdinanda,Sheddan,fsheddanq4@shareasale.com,Female
9eeff49c-9fcf-4db6-84ef-01f1f055a576,Karola,Pacht,kpachtq5@reuters.com,Female
e69ca93a-90b7-45ff-af64-651c6bccb870,Annice,Sandland,asandlandq6@google.com.br,Female
81534748-04a1-4cf0-8e33-be237edcea5f,Elaine,McKyrrelly,emckyrrellyq7@paginegialle.it,Female
e09b8888-c985-4bb2-9362-fcf949a0f63f,Lorenzo,Willment,lwillmentq8@kickstarter.com,Male
0a8188ae-c5b1-425f-a071-7490e4b1b418,Josie,Hawkswood,jhawkswoodq9@sun.com,Female
8b3c8d38-c209-49d4-a9f8-3532aebc00a0,Mahmoud,Woodward,mwoodwardqa@wikispaces.com,Male
290996c2-2240-4c29-8b43-a16b251ebade,Lelia,Hagyard,lhagyardqb@tuttocitta.it,Female
b135832f-c483-4adf-b0ce-5552a7c36e19,Sonnie,Wheildon,swheildonqc@ameblo.jp,Male
242e9670-4e82-4ad5-bf8d-fe71aefa14bb,Darrick,Trehearne,dtrehearneqd@archive.org,Male
aec88015-c16e-408e-b705-d322df6b1089,Simonne,Moses,smosesqe@slate.com,Female
5dea2014-46dd-4c58-82e0-ccd33441b027,Katine,Britt,kbrittqf@tmall.com,Female
ac6cf082-d38b-420f-8ab4-3e7953376881,Rudy,Hazelgrove,rhazelgroveqg@google.com,Male
945173c1-48d8-4fb1-b996-c3805eabd953,Tadeas,Hambridge,thambridgeqh@canalblog.com,Male
46de1f57-a40d-4f36-b67f-0582ce6c51b6,Terry,Hatje,thatjeqi@histats.com,Male
85eb138f-d246-4843-abad-395557686fdf,Jeanie,Scone,jsconeqj@51.la,Female
9e4eb7d7-173a-4215-9ea5-39937d2dfbe3,Reagan,Gooday,rgoodayqk@about.com,Non-binary
0b84c241-44f6-4880-b604-4a5a0ffbd94d,Sonja,Kryszka,skryszkaql@craigslist.org,Female
5827c645-9036-4870-b1c2-788456e986cf,Elaina,Rudeyeard,erudeyeardqm@sogou.com,Genderqueer
bbb73e68-df46-455b-8919-cea978871069,Meggi,Feathersby,mfeathersbyqn@nationalgeographic.com,Bigender
c7ecff37-7fda-47ff-af89-0048d1a2bd2d,Alvy,Giacovetti,agiacovettiqo@opera.com,Male
2db3b37e-aa6f-4893-b0a7-8956bb009816,Marcy,Troppmann,mtroppmannqp@usatoday.com,Female
c7b4eefb-b810-4b93-8206-26c2c265df7a,Winnie,Vakhonin,wvakhoninqq@sciencedirect.com,Female
0ccb67cb-2fdc-48f1-9a5a-dafd8e927e88,Tynan,Ettridge,tettridgeqr@prlog.org,Male
393773ab-1f16-4052-b6f8-eaedf783a3ac,Kerstin,Battie,kbattieqs@google.es,Female
3d76024f-e520-4b4d-91dd-ad6a97fee7c5,Hadley,Knevet,hknevetqt@apache.org,Male
41a2b969-89de-4218-b304-dc3989e2db56,Myrah,Linner,mlinnerqu@pcworld.com,Female
cfe2c779-6281-4c26-bfb1-a3a060f330ce,Tess,Flucker,tfluckerqv@amazon.co.uk,Genderfluid
77d2dbaa-17ff-48e7-b094-9e118071ca50,Harald,Dressel,hdresselqw@drupal.org,Male
b4dd6f61-f11e-4cba-ade7-917a84af50ad,Cati,Whitefoot,cwhitefootqx@ibm.com,Female
621d454d-ec2c-4f19-9c97-6b31fa7354bf,Nathalie,Brachell,nbrachellqy@chicagotribune.com,Female
ea2c5b8e-824f-4485-a8c7-7fd43a9b5993,Carri,Rounds,croundsqz@uiuc.edu,Female
7fead6ba-e848-46b6-9906-30395787c806,Molli,Stanyan,mstanyanr0@joomla.org,Female
bac67912-4b64-4a49-bffc-d60b95e63872,Emmie,Bowkett,ebowkettr1@baidu.com,Female
b96c04f5-1d39-423a-85c3-6c5b890ba0bf,Bibi,Scotchmor,bscotchmorr2@constantcontact.com,Female
f4de64d8-0bc9-4e9a-8e53-69164ef83619,Tomaso,Episcopi,tepiscopir3@themeforest.net,Male
2f03aae4-202e-4c38-a1d8-024d8cfc479d,Calla,Fieller,cfiellerr4@hhs.gov,Female
164be232-e916-4f2a-9fce-136e46d8c9fd,Kanya,Culley,kculleyr5@jiathis.com,Female
72c9651b-060d-4886-be19-ae2c9da7441a,Georgine,Pentelow,gpentelowr6@paginegialle.it,Female
09b2529b-661e-4f04-98fe-3854f2669ad6,Jackie,Koppelmann,jkoppelmannr7@liveinternet.ru,Female
aded8f1f-7b99-41be-9453-d4eef674f095,Katie,Carlill,kcarlillr8@buzzfeed.com,Polygender
f4e6b08b-86b8-4c8c-bf49-7d9b97f9b488,Salomo,Lopes,slopesr9@altervista.org,Male
ac6e0501-3d0c-4bc9-907a-d47c72e68a77,Kassandra,Ruffles,krufflesra@hao123.com,Female
4d665bd0-14f3-4af3-aa90-15ff30eda808,Aggie,Yanshinov,ayanshinovrb@digg.com,Agender
60c41cfa-e6ea-4d97-8000-fbeaf7b9c299,Barbee,Anthoin,banthoinrc@microsoft.com,Female
5dbd6a0c-53fc-4637-a520-758603a48a3e,Ediva,Figgs,efiggsrd@wiley.com,Female
f331b9a5-cadf-4346-9b08-edc7b818500d,Maynard,Benfell,mbenfellre@salon.com,Male
fa48f116-2cf7-40ec-b834-7de98d0f5257,Chaddy,Janks,cjanksrf@upenn.edu,Male
11424e60-841c-404a-8833-8adae6819a8b,Drud,Breacher,dbreacherrg@flickr.com,Male
7310bef5-5ac4-47b8-8c17-04e0bc84345c,Zachery,Goodenough,zgoodenoughrh@nymag.com,Male
53437e86-a2f4-4eef-b8bc-8d3bec0fe7cf,Libbi,Ary,laryri@hc360.com,Female
c22f24d3-e317-4932-a349-c071982d41e5,Thomas,Burgoyne,tburgoynerj@soundcloud.com,Male
a8a4e334-512d-4807-b7c7-cab6bfda3f07,Slade,Jandl,sjandlrk@webmd.com,Male
9fd43982-4c01-44bb-a71e-fbcf0ba802a4,Maxy,Okey,mokeyrl@ameblo.jp,Male
a8bb8112-4608-4333-b051-5a1c1a2c8238,Pavlov,Okie,pokierm@photobucket.com,Male
4d07cea9-80f0-4634-91a8-c85a7dca6fc3,Herta,Winslow,hwinslowrn@ning.com,Female
0fd1eb85-a7c4-4cec-823d-e5481c90e3ea,Harlie,Galbraeth,hgalbraethro@businessweek.com,Bigender
8aad9e59-7d77-402e-8c2a-d47d867661ce,Launce,Porte,lporterp@ning.com,Male
15741501-75ac-4495-b3c4-68be264cdb49,Georgie,Stenbridge,gstenbridgerq@cdbaby.com,Female
a2e64876-58db-4691-9595-82ba652683b8,Pancho,Haddow,phaddowrr@about.com,Male
