id,first_name,last_name,email,gender
d98fef22-d046-4dd1-878e-0031157332ea,Wernher,Pietersen,wpietersen0@seattletimes.com,Male
d5a2a4af-74a9-43b2-a45e-80828d0b3b5a,Willis,Mulcock,wmulcock1@cbc.ca,Male
9b0cdeef-ca78-45b8-a670-ea95df8a5d11,Marsh,Inchbald,minchbald2@free.fr,Male
8bc3562a-a17c-47d5-9042-df9c7418860c,Alexine,Carnow,acarnow3@ifeng.com,Female
0dd8ccaf-9766-44bf-92b0-f5c44ce0edc2,Boone,Perschke,bperschke4@ustream.tv,Genderfluid
340b7067-065c-4ef8-ba9f-ef40c30508a9,Ray,Sharma,rsharma5@chronoengine.com,Female
f506adec-c3bc-4bce-8aaf-508515e1669a,Eveline,Laidler,elaidler6@google.nl,Female
73a8fdf8-d61a-4368-b990-96d233956cb7,Nolly,Moakler,nmoakler7@exblog.jp,Bigender
140f6489-afc0-47ba-b0c1-19f191aa0465,Catha,Skippon,cskippon8@tripod.com,Female
6e38f2bb-df9b-4471-b0c7-199664790608,Orran,Isaacson,oisaacson9@gov.uk,Male
5e3d0a82-939b-4087-b6ab-31520d72e1c4,Miquela,Kynston,mkynstona@ovh.net,Female
3004de53-f8da-4687-9e1d-1c44cf504f1a,Caroline,Gibbins,cgibbinsb@hugedomains.com,Female
8541471c-696e-418e-9e7d-2c73889d1927,Archer,Hovenden,ahovendenc@umich.edu,Male
a0971334-a36b-4461-a7b7-91d6bc1d4805,Ellie,Hold,eholdd@facebook.com,Non-binary
353025f0-ddc7-4f12-8bd2-7a26b4739bfb,Allen,Seywood,aseywoode@cam.ac.uk,Male
b058a168-80ae-45ff-86f6-7b275fd1625b,Constance,Macura,cmacuraf@sogou.com,Female
01fed2ac-9226-41ac-bfaf-992178121dff,Gal,Gylle,ggylleg@va.gov,Male
0326d638-2231-4ffa-a882-fc93da179cbb,Thaxter,Dalligan,tdalliganh@webnode.com,Male
01ae8ebd-62a3-473a-8961-7693b1bd3080,Zolly,Pentin,zpentini@wikispaces.com,Male
941ebb22-f1ba-470f-a4f5-36a27a06b7c2,Mozes,Bursnoll,mbursnollj@lycos.com,Male
564143c8-be76-4ee7-8d01-399e0d1788a7,Pascale,Shercliff,pshercliffk@constantcontact.com,Male
cfdb3122-4d4f-4089-8813-0087d51f5ee3,Ertha,Blenkiron,eblenkironl@about.com,Female
a1a79d48-1c84-4690-9de8-6ca84c4f2e33,Gillie,Files,gfilesm@ifeng.com,Female
de4a591a-b730-4755-bbec-7fb7369b9467,Sianna,Tomkowicz,stomkowiczn@dagondesign.com,Female
6a1b84c8-719e-4cde-967b-2bb44c939038,Susette,Prestney,sprestneyo@illinois.edu,Female
825ac405-3ddc-4116-951d-497ae7c9aa55,Caddric,Marfield,cmarfieldp@mac.com,Male
a9a61993-f5ba-4dca-a087-43d744924501,Haily,Hammant,hhammantq@admin.ch,Male
a7fbdbf9-8a3b-4a6e-933a-9c093af810cd,Ignaz,Errichiello,ierrichiellor@elegantthemes.com,Male
b0c3207f-53cf-407d-8555-06c14049bb52,Anett,Redhills,aredhillss@nature.com,Female
695fa680-7253-423d-8fa0-c899d09aeeca,Leola,O'Scandall,loscandallt@wp.com,Female
ea0c5a01-f4c3-44ae-9134-3489f152a3e2,Waldo,Lowde,wlowdeu@tuttocitta.it,Male
401c51b5-74df-4b88-85d4-2be1fa7c014d,Brande,Botham,bbothamv@webnode.com,Female
01f237bc-ba5d-4843-866e-c3b755828d80,Queenie,Keightley,qkeightleyw@nyu.edu,Female
3bcf6db9-8328-4500-bda6-9f198b4b9014,Vito,Brumble,vbrumblex@apple.com,Male
68f3aa3f-10a2-4eac-9b07-18c55515c4a5,Phil,Demsey,pdemseyy@github.com,Female
3b70731f-3c57-4c14-b442-8a90f9dd2581,Alexandros,Gotts,agottsz@stumbleupon.com,Male
735df5cc-4871-4cde-a500-56fa7bdeb30a,Aldric,Wallington,awallington10@ehow.com,Bigender
eacd1f8e-d2c5-443c-b3f5-a6e727bb44eb,Vally,Helleckas,vhelleckas11@utexas.edu,Female
a4d82f7b-51fe-461d-b21c-9359ec6f8d1e,Rowland,Leaves,rleaves12@weebly.com,Male
1a40b1d2-3666-4bb7-8485-30426606dcf5,Merrili,Towner,mtowner13@vistaprint.com,Female
d45e3776-80b7-4658-8f76-383a5f831fda,Dawn,Growcock,dgrowcock14@com.com,Polygender
42135e9b-34b3-4a11-8c78-2e93a036b467,Brok,Kitchiner,bkitchiner15@google.pl,Male
5de03a57-fcd8-4ce8-9b91-7f090a33f171,Heinrick,Ellershaw,hellershaw16@ezinearticles.com,Male
d9ae96b8-814b-4902-95ec-e32a941800e8,Aila,Coners,aconers17@wikia.com,Female
e7dc4110-edce-4236-b95d-38474e9f50c5,Anatole,Biskupek,abiskupek18@feedburner.com,Male
6485d655-3ce4-4875-bfc7-af70d23f8d84,Khalil,Durtnell,kdurtnell19@google.com.au,Male
189223df-aa6e-4022-b173-a3bed085a931,Emmott,Vidineev,evidineev1a@purevolume.com,Male
68e47788-d343-4458-82d9-8901440e01ab,Georgetta,Uttley,guttley1b@nbcnews.com,Female
2d2dfca0-8475-40d2-a71c-96d9c3e1a0d8,Benjamin,Dinning,bdinning1c@smh.com.au,Male
57562c18-1bfb-4ac4-a118-d1225125859b,Winonah,Spellicy,wspellicy1d@nature.com,Female
849b80cc-ac34-498b-a4fd-e532bd6087bd,Loraine,Fawdrie,lfawdrie1e@hugedomains.com,Non-binary
bfda6a3a-ee3b-4399-955c-dc3c94ecf64f,Inge,Lampkin,ilampkin1f@biblegateway.com,Female
2e249e2f-5869-4f1e-b10a-d1e8782aa438,Alexis,Blagbrough,ablagbrough1g@phpbb.com,Male
0ceab179-b6dc-4e4e-a4b8-83de84e93a86,Kahlil,Mowson,kmowson1h@elpais.com,Male
707d78b4-aaf4-4c28-a0a4-41fe9787f289,Dalli,Strephan,dstrephan1i@typepad.com,Male
245fb354-469c-453a-8b71-09ed09594476,Nevins,Cantrill,ncantrill1j@ed.gov,Male
aca2a689-f3e8-43b2-bf50-451cdb863a1d,Bartholomeus,Abramski,babramski1k@yellowbook.com,Male
b1206123-9043-41e8-a031-6b0847b935bc,Michaela,Tippler,mtippler1l@apache.org,Female
52d5d7e4-21e4-4d4b-b947-14937ef95a7c,Dori,Lebang,dlebang1m@dmoz.org,Female
08c8c4e8-fd90-4ac7-bc68-ddbf735d4853,Rufe,Houtby,rhoutby1n@state.gov,Male
f247b12c-298d-456a-9cad-60ad0b3a3761,Shurlocke,Adao,sadao1o@friendfeed.com,Male
538e5fa3-9183-430b-b012-7f5e3363e4bb,Alva,Simoes,asimoes1p@eepurl.com,Male
059ca08d-65fa-4de5-ab97-a307f35579f9,Ingmar,Goseling,igoseling1q@reference.com,Male
7d36cd0e-d8ac-4c5c-9f16-1142f0adde72,Ulrike,Rodwell,urodwell1r@ning.com,Female
85188990-1f5a-4444-ab97-49f1d9ed4eee,Lise,Sloan,lsloan1s@paginegialle.it,Female
6ca85a84-eac5-48e9-9a68-706babf7bde4,Jonathon,Posse,jposse1t@timesonline.co.uk,Genderqueer
e71541a7-5224-4c75-a09f-3bec161a61f8,Frans,Kensy,fkensy1u@vinaora.com,Male
a17a60d4-8100-42b9-8182-878d2f57117b,Theo,Glass,tglass1v@infoseek.co.jp,Female
1d0a1ebe-0e68-45c1-97ff-217255affcd9,Berny,Hynes,bhynes1w@google.com,Male
7176c9cf-53e7-40f2-965e-e3531b898006,Andonis,Wroe,awroe1x@addtoany.com,Male
b171966c-8b04-4499-a9c4-47ab80100684,Anjela,O' Lone,aolone1y@soundcloud.com,Female
15fafe5b-23a3-4199-b95b-76564263fb65,Ariel,MacGettigen,amacgettigen1z@yale.edu,Male
5738cac2-3fa0-42f5-a224-6c68a21408f0,Norene,Castiello,ncastiello20@icq.com,Female
566736ad-ee5c-461e-bdc8-c78ace371cc7,Stanislaus,Rawet,srawet21@un.org,Male
20a43140-e248-431b-b50b-f70008eca210,Issi,Yglesia,iyglesia22@dropbox.com,Female
339635d0-020b-4ce5-a2ec-18b21e09f586,Efrem,Metzke,emetzke23@e-recht24.de,Male
c069906f-c33b-4ffe-af9c-794b47e827fc,Ignacius,Rhubottom,irhubottom24@cnbc.com,Male
388284ce-b7f3-444b-8b9e-59da5b9e24dc,Wes,Dosdale,wdosdale25@opensource.org,Male
f2f1b4eb-81c3-4bda-bfa2-6a5697c357bb,Carol,Hellin,chellin26@g.co,Female
14b5ac46-2258-4002-8aa3-3f185f42f68b,Tami,Comazzo,tcomazzo27@icio.us,Genderqueer
57939ec4-fcda-45c9-b2aa-76d017b27944,Alexis,Bownd,abownd28@twitpic.com,Male
7b5f4520-49f7-4f4a-b503-46842e3f1591,Hyatt,Darkin,hdarkin29@sciencedaily.com,Male
643b874d-fc29-4cf4-9284-89a855c9ddee,Shanon,Mawd,smawd2a@chronoengine.com,Female
41ce23c9-165d-49e5-b7e6-1dd84c898c1e,Nomi,Worboy,nworboy2b@yellowbook.com,Female
b605b320-25e6-4b07-904a-629842dc854c,Isidor,Ions,iions2c@paginegialle.it,Male
d7522be5-6e3e-4745-9e56-0d64af7dbcd1,Moira,Rickhuss,mrickhuss2d@php.net,Female
81bdd9ca-68ba-4986-9efa-914e4c9f6bba,Weston,Colly,wcolly2e@is.gd,Male
78657920-799b-467d-91b4-25a6c5d9a3fc,Diane,McGeever,dmcgeever2f@latimes.com,Female
1a3b6589-bb40-4c0c-98cb-49824c0c95b9,Lira,Flanders,lflanders2g@mapy.cz,Female
097ff737-19fa-460b-917d-f57fa84caf1d,Ravi,Whetton,rwhetton2h@goo.gl,Male
2ad694c4-8911-40bc-9ca8-80ad4394578d,Valentin,Heselwood,vheselwood2i@jimdo.com,Male
4ec7d8c9-eff7-48b0-99f2-a94909233f76,Free,Tumbelty,ftumbelty2j@hatena.ne.jp,Male
04ee45df-8962-4e66-af48-fce148db4fb4,Zackariah,Stoddart,zstoddart2k@over-blog.com,Agender
129488ba-87d0-4f12-851e-1d21ac362b7f,Alli,Putterill,aputterill2l@unicef.org,Female
3c599f85-de48-457e-b68d-04335dc728d1,Ginni,Binton,gbinton2m@stanford.edu,Female
21fc72be-fab1-42dd-b684-6c6f4508dc5c,Barnett,Baudet,bbaudet2n@skyrock.com,Male
ce0e7ed0-f69c-4f0e-9e4a-43ad67e2e910,Ulrikaumeko,Sharkey,usharkey2o@yelp.com,Female
0c129e22-6778-4992-bffa-6bb2f95aa5ec,Gregory,Brisseau,gbrisseau2p@telegraph.co.uk,Male
eeb27ba6-cf14-4db2-9125-15c705dd85b3,Boot,Guys,bguys2q@skype.com,Male
9a51195e-9176-4988-b3ef-89ad4d27ccec,Teodorico,Sowerbutts,tsowerbutts2r@hp.com,Male
66c577d7-6965-46d8-856f-6ce7e83cb4a6,Susanetta,Antonetti,santonetti2s@zimbio.com,Female
ab2234a0-aa77-46ee-8b95-c97a03d94de0,Doretta,Awde,dawde2t@livejournal.com,Female
f8723a21-72d8-472d-b4fc-fbc0b186e250,Leigh,Gogay,lgogay2u@reuters.com,Bigender
dd12742a-7a25-4986-8c5b-e5874b29585e,Arleyne,Neely,aneely2v@shop-pro.jp,Female
9745a371-cd1b-4486-9f10-fd39abbefd65,Neron,Dawbury,ndawbury2w@intel.com,Male
97032c9e-14b5-4c53-9365-e68c1f6ed15a,Joaquin,Graser,jgraser2x@washingtonpost.com,Polygender
bc75e0e4-0240-47c9-8626-f50eeded0e14,Dahlia,Lampe,dlampe2y@hud.gov,Female
d0ceb37c-972d-43f5-9cad-3a17e2495d91,Ogdon,Rihanek,orihanek2z@example.com,Genderqueer
aadd20dc-ba7e-4255-bc7d-80c142f3a3c0,Leonidas,Matus,lmatus30@devhub.com,Non-binary
d6ffc560-8daa-4a7c-a1a6-25c3ef548e1b,Godiva,Zack,gzack31@ebay.co.uk,Polygender
81fb12c7-e369-4c5b-bb77-d65f8c5f73ea,Zia,Jay,zjay32@hatena.ne.jp,Female
007cbf59-a296-4d8b-973b-2d9df0463656,Mikael,Upham,mupham33@cnet.com,Male
00acf118-d40c-4308-9ecf-16bae0253879,Evangeline,Hollyar,ehollyar34@deliciousdays.com,Genderqueer
69252fdb-d81f-44c7-b53b-117b67b2bf4f,Conan,Racine,cracine35@bloglines.com,Male
fd76d325-7741-47f3-84e6-64782ea21023,Eula,Wilkerson,ewilkerson36@feedburner.com,Female
af69b0dd-966f-4dac-a1e2-400eb24fb6cd,Mark,Taillant,mtaillant37@e-recht24.de,Male
3f076cde-ec55-4f5b-950b-8d7094c5297e,Nelly,Ellacombe,nellacombe38@amazon.co.jp,Female
ba87c575-cad7-47cc-8d1d-421ac98d6c99,Bari,MacIntyre,bmacintyre39@ovh.net,Female
e4ef26a0-62d1-4d63-a77b-f5d8d90f9ef3,Ricardo,Goymer,rgoymer3a@constantcontact.com,Male
6f806128-195e-4b94-b482-07067c41dd83,Pepita,Sneller,psneller3b@sciencedirect.com,Female
8d091f19-122a-4bba-b1f4-88a5b51c2943,Allene,Kolin,akolin3c@sina.com.cn,Polygender
17d0f262-358c-4a95-bf3b-774e5f6151e2,Jarrid,Coot,jcoot3d@histats.com,Male
da493496-d935-4bec-a240-c42d75460910,Garold,Redemile,gredemile3e@alibaba.com,Male
18b18a49-78d2-4b13-a732-7ab851468d13,Ricca,Malden,rmalden3f@hubpages.com,Female
2c640c2a-4c96-4d3d-8795-4e00d12896c3,Zola,Dewdney,zdewdney3g@google.es,Female
11cf506e-c338-4d73-9a14-12f566ee456d,Chandler,Beeton,cbeeton3h@baidu.com,Male
50d7cc5c-0d73-4fd9-bca2-1ef89d73e9c2,Smith,Arlow,sarlow3i@shutterfly.com,Non-binary
9d81cc7f-5a19-4c16-ab9b-7213f0859efd,Saxe,Gabby,sgabby3j@engadget.com,Agender
23385fb2-3a5e-4a81-a04a-721c65852dba,Helen-elizabeth,Searjeant,hsearjeant3k@paginegialle.it,Female
f42ff4fb-3134-4991-8b59-52a397842c99,Tallulah,Van der Linde,tvanderlinde3l@disqus.com,Female
022f67f6-1071-4cc5-a4cb-9b92205c8aa8,Luisa,Copner,lcopner3m@deviantart.com,Female
b1dc3754-0eb0-4a4e-b516-b51218647581,Gaspar,Delea,gdelea3n@bandcamp.com,Male
9856a3ab-dc28-4e7f-91bb-e02d66316154,Raul,Croad,rcroad3o@marriott.com,Genderfluid
ee60cf6d-7400-48ca-85ae-daeab7706a98,Trever,Joutapaitis,tjoutapaitis3p@unc.edu,Male
d8cc8b42-76fc-48fc-a867-833d78b9df52,Nadia,Vaneschi,nvaneschi3q@123-reg.co.uk,Genderfluid
d8ee99b4-7f16-4bfb-af8c-7cb6dacfc64f,Bryanty,Hawking,bhawking3r@multiply.com,Agender
cc67974b-446e-4276-ae06-7a0f7e534ae7,Bonny,Cossington,bcossington3s@wikipedia.org,Female
fc13e75e-90bc-4142-b7f5-0f719b9ec941,Hammad,Grugerr,hgrugerr3t@skyrock.com,Male
964dd1d8-0fa1-41a2-bae6-9a177676c778,Dallis,Toomey,dtoomey3u@intel.com,Male
edc78eef-a308-4aa5-a85f-adf6995528b1,Mic,Skiggs,mskiggs3v@reddit.com,Male
53490e0f-4ad2-466f-9d41-87c36075b2e8,Justus,McLaughlin,jmclaughlin3w@wunderground.com,Male
82d465ff-f660-4e7d-8319-98e8cdb3200e,Todd,Conaghy,tconaghy3x@prnewswire.com,Male
13c0ed51-b195-465c-9a9b-363ef8bbb02f,Jsandye,Please,jplease3y@geocities.com,Genderfluid
9bc77cc6-759d-4de6-9b26-14a8061afe37,Lorant,Linscott,llinscott3z@hud.gov,Male
9994e5b3-499a-42c2-ab7e-44bd0eb1c95b,Koenraad,Lincke,klincke40@hostgator.com,Male
8038bbdf-e675-480b-a8e2-ae1db9be36ba,Terrye,Habert,thabert41@salon.com,Female
3941cecf-57ae-4678-bff5-fe7defe1d4d3,Rodina,Tomenson,rtomenson42@sun.com,Female
576bc848-71f0-4573-a095-20aa6d91c06e,Danyelle,Bernardon,dbernardon43@narod.ru,Female
86ebd782-a12a-4bc2-a985-b234c21de654,Emlyn,Kann,ekann44@narod.ru,Female
fb4e11f0-00c1-4e8e-97cd-064a26e66c0e,Mike,Ravenscroft,mravenscroft45@mapy.cz,Male
f5194ee6-a831-4a2d-8304-d9ac3c18345a,Aubry,Pettecrew,apettecrew46@quantcast.com,Female
645bf4e9-1c03-401f-aa77-cd4daa984189,Rene,Rosenschein,rrosenschein47@microsoft.com,Female
de0418fc-1554-4277-a8ab-384eed0c324d,Cherry,Ferguson,cferguson48@surveymonkey.com,Female
f319404e-b5de-4276-8f0b-e034de94e2ab,Mariska,Osgarby,mosgarby49@amazon.de,Female
ad8c0043-5e2a-4387-8de3-144bd19e1366,Rooney,Whannel,rwhannel4a@examiner.com,Male
0baf4aa2-afd8-4a3c-ae8b-6c93fd9ff83b,Ophelia,Limeburner,olimeburner4b@redcross.org,Agender
d3c8370d-a4fd-4ad0-96e6-aa52348ff166,Jonas,Londing,jlonding4c@is.gd,Genderfluid
b9ebcf9f-4c97-4fcf-86ed-465d3604224c,Chelsey,MacGinney,cmacginney4d@example.com,Female
e4a7e9e7-e7da-4395-9127-5f26fd252778,Matilde,Hegdonne,mhegdonne4e@mapy.cz,Female
095b7660-c49b-48e2-8682-d2095ac60ede,Dare,Hollebon,dhollebon4f@jugem.jp,Male
1e93090b-38fb-40cb-9fc8-ec4320175a9e,Bevin,Symones,bsymones4g@go.com,Male
33d63306-960c-4907-8d8b-192d11b29eed,Dix,Branchett,dbranchett4h@bloglines.com,Female
78786df1-6a18-4c81-82e6-61cd5d084dcb,Elliot,Trays,etrays4i@europa.eu,Male
d07df08f-7f28-4596-ab24-54e6dc142b5f,Adelind,Albany,aalbany4j@dagondesign.com,Female
9deaba69-fb28-43ee-9a38-e1ec67097692,Llywellyn,Millard,lmillard4k@purevolume.com,Agender
ae46c358-89fb-43c0-b3c9-32af640412fb,Tess,Pinching,tpinching4l@soundcloud.com,Female
94632c15-375e-40b0-86ea-aa777324a789,Evelyn,Belham,ebelham4m@sfgate.com,Female
a5624cea-ef6c-4577-bf18-55a1d7215ff3,Jeffie,Iorizzi,jiorizzi4n@blinklist.com,Male
fd12fdda-a06c-4105-97b3-1eefd4eb228a,Rudolf,Milverton,rmilverton4o@yale.edu,Male
daf36c31-2cac-4fa8-b751-785eb1a2bba5,Zackariah,Batalle,zbatalle4p@dropbox.com,Male
9432426a-fadb-4cfa-9a54-f3f8c791937d,Moira,Hawkins,mhawkins4q@ustream.tv,Female
208e97e7-e86e-44f3-82ab-c02dc3f231d0,Adlai,Gueste,agueste4r@ca.gov,Male
a79f68c9-414f-46c7-823f-f477bda48d89,Renate,Frusher,rfrusher4s@rambler.ru,Female
eb49657a-1bf6-44ca-be7b-2b0bb5e33ef1,Wildon,Widdows,wwiddows4t@moonfruit.com,Male
9c2f0a4c-031b-427f-820a-62af082c6e64,Charmane,Thome,cthome4u@mapquest.com,Female
e9f6c0b4-33b8-464f-87e5-cff4f29c7732,Harald,Pfeffle,hpfeffle4v@prlog.org,Genderqueer
caf53172-ffe8-4be2-9091-43e6662e10e3,Jordan,Wedlock,jwedlock4w@freewebs.com,Agender
8e4aeb19-3207-4a0e-98e7-dddeba11add3,Stephannie,Bugdell,sbugdell4x@uiuc.edu,Female
082ca526-57d0-4480-b669-33f81dc1b68b,Elladine,Shepheard,eshepheard4y@bloglovin.com,Female
46e32747-08fb-43ba-8eac-c82d4eaa8dec,Wandie,Rooney,wrooney4z@census.gov,Female
ff639c73-1cdf-4a10-8281-fb9796a39fb8,Wayne,Inchboard,winchboard50@ezinearticles.com,Male
f9fcf317-431c-4161-a151-97fd8f12dd32,Oby,McGruar,omcgruar51@tumblr.com,Male
cbeb1715-394f-4099-859b-7becc581e865,Alie,Lorenc,alorenc52@ask.com,Female
36969284-0960-4bcd-9e56-6cbb7cc8ac38,Carolee,Housby,chousby53@microsoft.com,Female
31ca659a-841d-426c-b88c-fc0c6f4ad4f4,Ethelind,Shackel,eshackel54@bluehost.com,Female
e2beb1f3-016c-4228-b7e0-6194d08f7031,Aleta,Feathersby,afeathersby55@mozilla.org,Female
c5c4f0b8-fc4b-4af3-89bf-d23107a8368a,Phaidra,Ritelli,pritelli56@alexa.com,Female
83784068-33fc-4cad-b687-1439a4c4777a,Alejandrina,Orys,aorys57@topsy.com,Female
75892dcb-11c2-4a32-99f0-b1b6a15da1ba,Daloris,Lawtey,dlawtey58@tripadvisor.com,Female
f99464f7-9140-4270-a028-09b04ebe6a82,Willi,Southon,wsouthon59@constantcontact.com,Agender
9bf27b3c-2abd-4ae3-9499-25c6eb366f8e,Raymund,Porkiss,rporkiss5a@slashdot.org,Male
ff73d4c9-fe35-40b4-ad27-40161d8d78ec,Tybalt,Sadd,tsadd5b@bbc.co.uk,Male
0158549d-2a05-4fd7-9484-aea302646e7a,Trixi,Yokelman,tyokelman5c@adobe.com,Female
bf0848ee-c250-487d-a328-cdfa013246ec,Darrel,Guilleton,dguilleton5d@ihg.com,Male
166e6a8a-14d4-4918-beb3-e594bdc4bcfb,Dionne,Pinnell,dpinnell5e@instagram.com,Female
873fb0cc-4c11-42f4-b373-5ba967b7d8c9,Honoria,Belsey,hbelsey5f@wikispaces.com,Female
3db403ed-d4a8-4694-a8c3-c088d0636452,Bria,Lyons,blyons5g@yandex.ru,Genderfluid
e71759e1-fb45-449a-b8ce-31ae9f18c1f4,Marietta,Livesay,mlivesay5h@who.int,Male
b002f26f-b526-4e4e-8a51-3f085e682c82,Angus,Ganter,aganter5i@nature.com,Male
b0278cc8-f6ca-466c-89d3-a6f5bda452ab,Travus,Mansion,tmansion5j@redcross.org,Male
27fde41e-126b-4785-8b23-9b497c5ab96e,Danyette,Murley,dmurley5k@homestead.com,Female
467b03e2-5352-482b-aa39-cb7779c400d7,Edy,Daice,edaice5l@java.com,Female
b2b47df6-6887-413c-a709-371640ad7e31,Neron,Harpham,nharpham5m@spiegel.de,Non-binary
16ae2ae8-26c7-46e4-984a-441f8d4b9809,Parry,Aylett,paylett5n@constantcontact.com,Male
be49f601-714b-47d4-b79d-fcf7f8553fb4,Jephthah,McGloin,jmcgloin5o@moonfruit.com,Male
f94a81ed-efa3-44a4-87d4-97826d237a29,Merry,Toffoloni,mtoffoloni5p@imageshack.us,Male
27a70466-1347-41d6-83bb-f069ea705cd9,Prince,Clampe,pclampe5q@theguardian.com,Male
4e941441-986f-4713-9bb6-5da5e53b158e,Blanch,Rable,brable5r@tumblr.com,Female
bde1082c-045b-4bdc-9568-90a71d55687e,Christoper,Lehrian,clehrian5s@barnesandnoble.com,Male
3433a246-ce31-4911-8df5-bb8c196c8618,Mill,Kimbell,mkimbell5t@icio.us,Bigender
bf62551d-682a-4065-b216-961dbb6610a9,Carrie,Berrow,cberrow5u@amazon.co.jp,Female
87aff3e2-d04c-4c40-8ed2-2ce50968798b,Zsazsa,Dockerty,zdockerty5v@creativecommons.org,Female
b98b7b51-e4c9-4b2a-9fd9-c117fa940a9f,Cullie,Jacomb,cjacomb5w@cisco.com,Male
4d79d2bb-5725-48df-8e96-16d5417162fe,Starla,Moogan,smoogan5x@toplist.cz,Female
cc874e79-654b-4239-b7a7-954982b38720,Colene,Morcombe,cmorcombe5y@wsj.com,Female
b4021c0c-3e65-4592-9574-ddf1e5d1dfef,Norri,Gherardi,ngherardi5z@google.nl,Genderqueer
d7dd545b-6aa0-400b-b266-0a3ea645c81b,Tanner,Cardenas,tcardenas60@tumblr.com,Male
3d4b95b5-28ae-426d-b173-aee5a9911984,Uta,Moorfield,umoorfield61@joomla.org,Female
73675229-7e71-4bd5-beff-bdbb85cc510e,Fred,Cuzen,fcuzen62@jiathis.com,Female
2d1b43ef-8d46-4a7a-a659-1984d67b951e,Lola,Powner,lpowner63@tripadvisor.com,Female
8873b54c-f5a4-409b-857e-37ead6f563db,Ebeneser,Battany,ebattany64@com.com,Male
7f3f2372-882f-4321-bef1-fe27238232ed,Nathalie,Pretswell,npretswell65@t-online.de,Agender
248cf6ae-4dde-4813-934f-cdb7ba329412,Nell,Veregan,nveregan66@cbslocal.com,Female
306ca866-3c30-4a99-9b93-cd24e84ac448,Kristian,Copin,kcopin67@hhs.gov,Male
3a961832-4bf6-43af-8606-9df9128b9032,Baxie,Lemm,blemm68@weibo.com,Male
5a4b6e45-968d-4148-8cdc-9f18494ad61a,Georgeanna,Yurchishin,gyurchishin69@nyu.edu,Female
82280cd9-ce6c-423e-b8fc-54d001e11065,Dari,Bisson,dbisson6a@shutterfly.com,Female
688b58f7-28f0-4efa-861e-23a00c091e1a,Alair,Aris,aaris6b@imdb.com,Male
9a4d2843-684e-4def-85b1-14cfb0c3e1c1,Jordanna,Densham,jdensham6c@sun.com,Female
118fd39c-ccea-48f2-9588-2966e09276cc,Hebert,Shankland,hshankland6d@washington.edu,Male
2cd9df78-f2bc-46cb-bdd1-6164e0d4fe30,Isa,Randals,irandals6e@yellowbook.com,Female
b001f462-48b6-46a1-84a5-f0c92a057e0c,Hendrik,Grunson,hgrunson6f@vk.com,Male
41ad3eef-b12c-414a-bcfb-d0074afe16b8,Robenia,O'Lehane,rolehane6g@nationalgeographic.com,Female
91067648-d434-427c-b507-181fc55db07e,Maurice,Redfearn,mredfearn6h@dyndns.org,Male
456b6ee4-fc55-4844-92ac-d53d6ed787c1,Quinta,McGoldrick,qmcgoldrick6i@techcrunch.com,Female
c04857bc-bf42-4a9b-9f43-bdc683c2b849,Dan,Beaman,dbeaman6j@php.net,Male
e570a64a-3cdd-4bcf-b4f2-4b114748fe35,Reggis,Wallbrook,rwallbrook6k@etsy.com,Male
fda00119-dab8-44fc-a02a-281b0fb0fc2a,Delly,Toulch,dtoulch6l@about.me,Female
721f5b2d-88ff-4c92-b9dc-13b94384365e,Florrie,Henmarsh,fhenmarsh6m@prlog.org,Genderqueer
9af6b506-6ec7-4310-ace3-8903fbe68bb4,Lettie,Shoesmith,lshoesmith6n@parallels.com,Female
c8f1fec0-02ee-40c6-b9e4-a0d9207cfbcd,Clare,Slot,cslot6o@digg.com,Male
4761b43e-e9e3-4068-986d-363eebd74b68,Roxine,Suerz,rsuerz6p@storify.com,Female
4d303254-0b05-40b7-9dc4-d6dacae3eece,Nerte,Loadwick,nloadwick6q@mayoclinic.com,Female
beded294-049d-41e3-9dcc-4a3ba79c4a1e,Gordon,Bladon,gbladon6r@huffingtonpost.com,Male
3bbd53da-8426-4f47-830c-846c86adeba5,Ulysses,Cantera,ucantera6s@epa.gov,Male
047e518e-d783-49cb-a9e3-30e6f126a21a,Royal,Heiss,rheiss6t@weather.com,Male
5bc7108c-cf3e-48c8-9260-9c595c6d2b9e,Renelle,Durling,rdurling6u@businesswire.com,Female
83f13fea-1b77-4363-a441-698fedf9d73a,Guillaume,Bircher,gbircher6v@harvard.edu,Male
d02df3d9-f22f-4004-8e99-22abd0374831,Lexis,Becom,lbecom6w@chicagotribune.com,Female
f07a56cf-95b4-4ecb-a8c6-c3cc213dd16a,Chandra,Snalom,csnalom6x@reuters.com,Female
5c3ff823-9115-453b-8c98-415a991c3b2e,Jodee,Jordine,jjordine6y@nydailynews.com,Female
27acfe2f-f29b-4be7-a83b-057a2adfe46d,Bentley,Union,bunion6z@icq.com,Male
589a6fd5-2de8-492d-b643-5e907f584f8a,Dori,Adamson,dadamson70@de.vu,Female
48be50e9-bc9f-4fcf-88c6-8245b4f11a84,Elisha,Yonge,eyonge71@homestead.com,Male
c0346698-cde9-487d-8155-9d780e071634,Irwinn,Connechy,iconnechy72@bloglines.com,Male
a8c8fe7e-1b19-45b1-bade-4fc0c743e5e8,Gideon,Barford,gbarford73@gnu.org,Male
8da5cfe0-45fe-48a3-b3b8-0debeca2d52f,Lorens,Milne,lmilne74@ocn.ne.jp,Male
6e2e8303-1754-4caf-9a96-2dc6f71f092f,Mureil,Freen,mfreen75@sun.com,Female
afa1bc78-8d72-44d5-952b-f598c50f8839,Olag,Willmot,owillmot76@salon.com,Male
a5d8579a-e669-47a7-b938-2525caeb50b6,Amara,Houlton,ahoulton77@cbslocal.com,Female
5a94cb78-797f-4545-b663-c42e39027400,Madeleine,Brummitt,mbrummitt78@arizona.edu,Female
3384b75e-2450-41bd-9a6c-2327b721cfee,Lek,Senior,lsenior79@mayoclinic.com,Male
ad74b055-c85c-4f4c-861c-45ad4e8ce7bb,Anne-corinne,Greenslade,agreenslade7a@tinypic.com,Female
073873be-5ac0-4dcf-b4f2-7d0e2c45869a,Ferdinand,D'Adda,fdadda7b@godaddy.com,Male
81f06998-64fd-4492-b257-00e890ea6608,Oren,Kloser,okloser7c@netlog.com,Male
5013fdd4-ebb0-41c5-90f3-2ea8f90eade6,Evyn,Spenton,espenton7d@twitter.com,Polygender
1a2620fd-1a5c-4ae5-87d3-a4cbc17eecb7,Rebekkah,Lipp,rlipp7e@guardian.co.uk,Female
60a83380-7dcd-49e2-a5bc-46f29d57ece3,Melamie,Rendbaek,mrendbaek7f@huffingtonpost.com,Female
2cf6701e-4255-4907-883d-889ac42bbede,Allyce,Felmingham,afelmingham7g@columbia.edu,Agender
3f19ceb8-7981-466d-8296-918ce662bf56,Nils,Tallyn,ntallyn7h@ebay.com,Male
c1179e0a-bd37-4596-8da9-4cb52a347e8e,Gonzales,McDuff,gmcduff7i@barnesandnoble.com,Male
51217d3d-3ffb-4414-bc2c-ad34cf8b5ce8,Ariel,Freyn,afreyn7j@yolasite.com,Male
891196be-b4a2-4eec-ae62-7ec86cfc9193,Lindsey,Kenafaque,lkenafaque7k@tumblr.com,Female
c66deda1-6909-442a-b46d-21f1710fb178,Seana,Ricks,sricks7l@usatoday.com,Female
d2056049-34cb-437a-8b70-3ab7978259f7,Tally,Glaserman,tglaserman7m@usgs.gov,Female
b69a9ea6-6050-40bc-8527-752553503c3c,Alejandro,Cicetti,acicetti7n@yellowpages.com,Male
81bfd17f-70ca-49d8-a0de-4d32db00d4e7,Zorana,Spinage,zspinage7o@yahoo.co.jp,Female
096a7def-3988-4e2c-9e53-22196fab849f,Avis,Kernley,akernley7p@fda.gov,Female
1345f5f3-bed0-46d6-9bc4-9e322907e384,Carissa,Morhall,cmorhall7q@acquirethisname.com,Female
ca13a885-1092-47da-a782-da31a3204c9d,Lotti,Mangham,lmangham7r@wix.com,Female
fa1f8150-9d04-4359-bd9a-2f93af1f2ec4,Lucretia,Aim,laim7s@ehow.com,Female
b3716f2e-688e-4404-ad05-c6ccaa46303f,Sascha,Lumsdale,slumsdale7t@artisteer.com,Male
7410c5a6-79b4-4653-bd39-f7650095f696,Ardeen,Penswick,apenswick7u@mail.ru,Female
f4b2eb1a-bc54-4dcf-827d-9142281a0778,Lisha,Whewill,lwhewill7v@topsy.com,Female
cc043c3c-898d-4993-a73a-626db852acb8,Lucille,Thewles,lthewles7w@sitemeter.com,Female
bddc73ab-eb51-4da6-bbd5-ddaa64b81f8c,Cindi,Domenichelli,cdomenichelli7x@usnews.com,Polygender
db0983cf-2456-4b2c-837c-a779ab3a4729,Tanner,Pires,tpires7y@loc.gov,Male
5e82366b-e5df-43f9-89a7-27ba41bc74be,Ynez,Yankishin,yyankishin7z@icq.com,Female
ee5ef581-89ad-4432-8e76-2c47baf26bc1,Arline,Jaray,ajaray80@who.int,Female
461823c2-d3fc-4191-ba19-ac4848c6b1ad,Winifred,Lightewood,wlightewood81@state.tx.us,Non-binary
5c9bc91a-6f9e-4f62-ab89-a91c8ecbb8ee,Tamarah,Wickersley,twickersley82@shutterfly.com,Agender
d93e7d64-c266-4ff4-a577-d0b3613d689b,Jacintha,Hischke,jhischke83@blogspot.com,Female
046ba278-2594-42c3-a0b4-50d14d560003,Gannon,Mines,gmines84@zdnet.com,Male
f77ed3e7-0f49-42e2-ac8c-b0f49d6a90eb,Harrison,Mowsdill,hmowsdill85@dyndns.org,Male
1ec701db-525e-466b-8d52-cf356733a9f2,Lurline,Forth,lforth86@cyberchimps.com,Female
705ba223-5112-4b1a-afcd-b044f89b552d,Rossie,Braundt,rbraundt87@latimes.com,Male
955b2a4f-9ffc-4a1a-b8e7-dfae8920ca6d,Dode,Neilson,dneilson88@google.pl,Female
89848e61-179c-4974-99b3-c2c06544d90f,Antonie,Guess,aguess89@economist.com,Female
2e6200eb-8f21-4c19-938b-09d65908227d,Andriana,Vila,avila8a@myspace.com,Female
a428dbf0-090f-434b-aa05-939b916c83fe,Sandy,Iglesias,siglesias8b@studiopress.com,Male
e874bd7d-6168-4b10-aaa8-d0837dae30c4,Sarina,Trazzi,strazzi8c@foxnews.com,Female
355d05ce-6219-478c-a454-9c9e8c388680,Obie,Griffoen,ogriffoen8d@nationalgeographic.com,Bigender
f39fe3fe-8f2d-465d-a930-9caba0b9a79c,Kiele,Inns,kinns8e@howstuffworks.com,Female
0bb807a3-74df-4064-a7bf-ef9f589fd827,Justus,Norrie,jnorrie8f@topsy.com,Male
61ef6df0-e161-4439-adaa-c8927bf31bff,Kermie,Walding,kwalding8g@google.co.uk,Male
64b8dc76-b677-4d9f-98d2-f6e9e244e76c,Erich,Devenny,edevenny8h@jigsy.com,Male
388f7b06-66ab-4ef8-995a-00dd012fe228,Giff,Stainton,gstainton8i@marketwatch.com,Male
110579c0-4eab-4b94-afbd-a554574a5907,Davy,Rossey,drossey8j@domainmarket.com,Male
770973d4-9076-4ae7-870a-738f11786616,Trisha,Titta,ttitta8k@goo.ne.jp,Female
9e9b0f67-0252-4639-a8e3-3fc52d96e964,Luci,Iskower,liskower8l@infoseek.co.jp,Female
9a917faf-b5c2-44eb-8641-819240a85c91,Merrel,Armal,marmal8m@skyrock.com,Male
16d44a43-9c15-4344-bfbc-8c9e2a0b4ec4,Aimee,Adshad,aadshad8n@tripadvisor.com,Agender
a2e9231b-64b2-4efa-9bee-22b6bad66100,Boone,Hillaby,bhillaby8o@sbwire.com,Male
b5bc0ef1-9855-4594-84e3-ee140462f5b1,Hendrik,Cottesford,hcottesford8p@wunderground.com,Male
ac1b2f6a-c973-422b-ad3c-3b8144bd1b60,Brody,Giannazzi,bgiannazzi8q@furl.net,Male
ca88f8fa-cb4e-4735-a35a-0a8a353d8bf5,Cherida,Heald,cheald8r@taobao.com,Female
30fb5f6a-a38d-469e-80cf-d16873e9ba5c,Tove,Dyball,tdyball8s@accuweather.com,Female
5e3f6249-de11-4d87-9f50-34ee642a8989,Ulrick,Kochs,ukochs8t@wordpress.com,Male
a65fa06b-c318-493d-a304-7de74636bf8d,Haleigh,Phillip,hphillip8u@whitehouse.gov,Polygender
ddca220d-ce28-424f-a991-59fd1d218433,Rahal,Shalloe,rshalloe8v@cafepress.com,Female
8970a83e-be11-41ca-b536-68463df46fc6,Reade,de Banke,rdebanke8w@163.com,Male
00cd7dec-6100-4bff-9054-ed2bc37eacb2,Indira,Gladtbach,igladtbach8x@ustream.tv,Female
f7ade8e1-21b0-4080-9f35-57d41bcdf2b5,Nicki,Bosse,nbosse8y@vk.com,Female
99be3bce-489f-4224-a66b-606db36c64eb,Skelly,Pays,spays8z@domainmarket.com,Male
310e8082-4e28-482e-8108-3b634a0fe00f,Veradis,Drinkwater,vdrinkwater90@seesaa.net,Female
24cc88f1-e10d-4eea-addf-d656426ee86f,Ansell,Wetherhead,awetherhead91@msu.edu,Male
a03660fb-85eb-4972-98e5-c5245fb03f65,Donna,Norquay,dnorquay92@ihg.com,Female
4653e541-c269-4b0a-b312-c60881448182,Cal,Wailes,cwailes93@smh.com.au,Male
3e7ad3b1-c459-44ff-b645-8271582e5c85,Vicky,Morrel,vmorrel94@usnews.com,Female
428bd6de-ae2c-42de-b2a9-3255180f78c3,Cloe,Sneesbie,csneesbie95@ow.ly,Polygender
48128136-92b5-4d04-b68d-ea9f8590f1be,Fredericka,Carette,fcarette96@sakura.ne.jp,Female
85b0871d-e988-40ea-a81b-80bcbb28cf1a,Celestia,Borrington,cborrington97@google.ca,Female
338de7f8-ce48-4013-9bf6-a52e9d1355d9,Ronny,Lancaster,rlancaster98@yahoo.co.jp,Female
cf56dd63-62d7-4f78-8e06-d659d44f53f5,Thedrick,Upsale,tupsale99@icq.com,Male
2de80533-4455-4001-9f87-238ad3e4364c,Wolfie,Dolby,wdolby9a@cbsnews.com,Male
07e057f2-a5e0-4b1d-adee-83e0b6c83c25,Staci,Witherdon,switherdon9b@wired.com,Female
1d1fb72f-b40f-4927-b12f-7a5b0af4718f,Marthe,Brampton,mbrampton9c@cpanel.net,Female
563e3607-74dd-4466-a7e9-feda63d11ed4,Shae,Nys,snys9d@macromedia.com,Male
f9d8c968-ca08-43be-99d9-32a4e13b69c0,Wittie,Caines,wcaines9e@youku.com,Male
ef467b2a-22c4-4c36-a05b-2833c3abcb3a,Celestine,Treher,ctreher9f@deliciousdays.com,Female
4e103b6d-403a-42c0-9932-029297a2f1fa,Joanie,Attwood,jattwood9g@ovh.net,Female
554ee652-722a-49ea-b3c8-9ddc28868333,Garret,Kleint,gkleint9h@odnoklassniki.ru,Male
9822ecf5-edd0-4354-b684-9d1b3b8414b3,Jody,Venning,jvenning9i@intel.com,Male
d01d4777-494d-47c0-9e70-c8b391ccaaa0,Hilario,Aronson,haronson9j@amazon.de,Male
b88c3d35-0bf7-4808-ae10-6b0614c24999,Magdalene,Mowett,mmowett9k@usnews.com,Female
3cff13c8-3168-4034-87a8-0abef097d3f8,Wilhelm,Torrijos,wtorrijos9l@ted.com,Male
1a409cc0-80f7-4042-a24e-c8debacd70c8,Emmeline,Laminman,elaminman9m@myspace.com,Agender
97575916-344d-4220-8c19-e38603d0f050,Zach,Tilburn,ztilburn9n@globo.com,Male
6c808891-0564-4162-80dc-7caced1d7dc9,Lorine,Tubb,ltubb9o@stanford.edu,Female
ab2a3ab1-5093-4130-88d2-2db208c81df5,Reta,Duggen,rduggen9p@sphinn.com,Bigender
99dba209-223a-4721-b3db-00b2a2b8d52e,Barri,Tithecote,btithecote9q@cisco.com,Male
da83ce07-b1af-47bf-abff-cdc5b9a44d8f,Domini,Schoales,dschoales9r@fc2.com,Female
dd93226b-0818-4b3e-ae2d-f9cada53c112,Meredith,Fernier,mfernier9s@sun.com,Male
03c4ff97-d9ef-4b70-a69d-d7ec9b5aee0d,Shellie,Erdes,serdes9t@myspace.com,Female
e4d438d9-0203-4ccf-820b-0c6dc493cf2c,Leonora,Pettit,lpettit9u@homestead.com,Female
2bbb1ee6-c3ec-4c61-b51b-e9119475e15e,Kelcy,Rollason,krollason9v@gov.uk,Female
221e8121-fa8d-4ae1-ae23-2bbc2b8ff44f,Tallie,Christoffe,tchristoffe9w@thetimes.co.uk,Polygender
906fda1a-8507-4879-9805-9af258da063e,Lewes,Gillibrand,lgillibrand9x@ihg.com,Male
18266030-df64-4ac8-a716-c81b10ff0fa0,Rudyard,Dutch,rdutch9y@redcross.org,Male
6e26c9a7-793f-4a6b-ae68-7170721baddf,Finlay,Staynes,fstaynes9z@google.com.hk,Male
58442cd0-3efd-4d00-b88d-33e173565f96,Felita,McCrie,fmccriea0@xing.com,Agender
9b653bb9-7ad8-4afa-bd36-8bbe82ceb6be,Cy,Casterot,ccasterota1@de.vu,Male
46a24741-9aeb-4a6e-914b-673533ff5b64,Broddie,Chainey,bchaineya2@ucla.edu,Male
1917619c-4b89-498a-94ca-191ef2b68984,Jaynell,Mitchall,jmitchalla3@examiner.com,Female
9db8f714-1dee-4004-b682-c6b3b6595b7b,Jonas,Carbonell,jcarbonella4@whitehouse.gov,Male
7c67afe5-43ae-4a8a-b133-d5d21db89466,Kessiah,Dean,kdeana5@hugedomains.com,Female
4df48930-4c4c-4a1a-9f8d-0ba4ba78e3c5,Glenda,Ettritch,gettritcha6@hp.com,Female
7d9897a1-5c45-4765-82ae-940d6d4bee2a,Cati,Kearford,ckearforda7@cnet.com,Female
6a2392d8-148f-4338-b2f6-1b4c6dd41dad,Tiffani,Mitchard,tmitcharda8@gizmodo.com,Female
322f9766-082b-42f0-84d8-19da47b6ee95,Neala,Mc Elory,nmcelorya9@ed.gov,Female
8a77bbbc-1272-43b8-af71-648bcc4a09c9,Eb,Franceschino,efranceschinoaa@scientificamerican.com,Male
1eb092b2-13a8-442f-b710-fd2309d9e7ec,Levey,Farnworth,lfarnworthab@studiopress.com,Male
5620020b-dce9-41d9-bf19-02bfe9154503,Frederico,Taylor,ftaylorac@themeforest.net,Male
5bc0dd35-37eb-4e6c-8d80-16caab42f8c1,Suzette,Leipoldt,sleipoldtad@cyberchimps.com,Female
4b9fe96f-7e84-46e4-acad-5523a0390eb3,Eadie,Waudby,ewaudbyae@samsung.com,Female
57f726b3-7f20-4378-9f3d-bd0942795351,Emily,Scholcroft,escholcroftaf@topsy.com,Female
1b998ea4-753b-4a1d-88f0-d16e618171ce,Yvette,Langton,ylangtonag@mysql.com,Female
04ab02e7-1142-4dfa-ae9f-4b7a6edae67c,Selena,Hourstan,shourstanah@examiner.com,Female
8584161b-df98-4691-a5eb-6e6149fc242e,Igor,Sings,isingsai@businessweek.com,Male
fd0316e0-1293-4e33-8047-79c3b992f8e4,Mariette,Heakins,mheakinsaj@uol.com.br,Female
a2a53de6-03e5-4640-8df9-808109a23fa4,Ansley,Dawbery,adawberyak@abc.net.au,Female
78eab143-c397-436f-9ea9-d39f603b8e25,Sybilla,Giral,sgiralal@example.com,Female
86c3eb83-f8a6-44ca-a895-c9e9a73a25e0,Lib,Covet,lcovetam@blinklist.com,Female
9d3ff2ea-8624-42bf-914f-bcdf1f04e5e1,Willette,Murrhardt,wmurrhardtan@ow.ly,Female
20622e73-88e9-4709-91ab-f3dd2206cb2b,Jerald,Haslock,jhaslockao@skyrock.com,Male
9ee36b7b-b1a6-4f18-bf72-4cd3f96415fc,Matthus,Gealle,mgealleap@hud.gov,Male
d6e95b78-3397-4cfe-9468-43d5928a2c62,Skelly,Clitsome,sclitsomeaq@symantec.com,Male
a490f7df-ad54-468d-a20d-def4d3183b75,Freddy,Rentelll,frentelllar@baidu.com,Female
7a686066-15ca-46a3-b03f-08fae887f47d,Simone,Wahner,swahneras@omniture.com,Male
788c2ae3-f76b-48aa-97a3-feab4947ed8f,Kendall,Toffel,ktoffelat@ifeng.com,Male
71ee8574-ebfa-411b-93cd-23beaa49144a,Tonya,Simonelli,tsimonelliau@myspace.com,Female
acfa9790-2dcc-4aae-9612-b0074e7db094,Leilah,Upfold,lupfoldav@mit.edu,Genderqueer
36e8a821-8814-4928-b655-80b4b24b6e7f,Gwen,Yegoshin,gyegoshinaw@hatena.ne.jp,Female
51344f94-eaae-47d3-9d56-c9ecccdaf40b,Urbano,Besant,ubesantax@linkedin.com,Male
31652680-6723-4caa-81b0-2f4ebcfcf293,Raynard,Gresswood,rgresswooday@miibeian.gov.cn,Male
a362b2b7-1e1f-46a1-8b2e-610f4c49f1f8,Jodie,Mathewson,jmathewsonaz@ucoz.com,Male
1474fcbe-9401-4067-ab85-ee5dace5dd7c,Vin,Maskew,vmaskewb0@bing.com,Female
0d4aba43-e02f-40ec-978d-a557d3f7da22,Josey,Plows,jplowsb1@webmd.com,Female
da803197-b230-429d-93ac-cecd9c870eb0,Beaufort,Carlos,bcarlosb2@baidu.com,Male
77e74d91-6eb3-4072-8e21-14c0a6f28f91,Elvis,Arnaldy,earnaldyb3@people.com.cn,Male
f94b363e-5dde-4293-8007-65f22394fd4f,Reeba,Eannetta,reannettab4@issuu.com,Female
9d1d79c2-071e-416f-870a-c5749044039f,Gerald,Chippindale,gchippindaleb5@merriam-webster.com,Male
6cef3bde-4144-4f7e-ab20-aa2a90be8181,Demetris,Lohering,dloheringb6@vk.com,Female
ba3ac4dc-2cfd-4c04-ab1c-38e61bf31c08,Silvain,Coweuppe,scoweuppeb7@networksolutions.com,Male
2d2df8a4-b59e-41f8-9b5d-3119790de82f,Ly,Kighly,lkighlyb8@google.co.uk,Male
ea2f702a-b734-4704-b2d9-29f7e032144c,Mirabella,Foukx,mfoukxb9@exblog.jp,Female
c6db5e47-c1f8-45fc-8168-511913a30083,Hagen,Kloisner,hkloisnerba@berkeley.edu,Male
f18956d7-7714-4922-8777-d1bd02757eb4,Gabbey,Sneddon,gsneddonbb@wordpress.com,Female
8d4b2f42-c737-4598-a895-5301bac54a6f,Elysha,Teffrey,eteffreybc@harvard.edu,Female
a433a60d-eb53-4976-8f33-fab4091c97e0,Lenore,Meffin,lmeffinbd@geocities.com,Female
f0af0eaf-2fa7-477a-a627-5acdd1596aea,Packston,Harrigan,pharriganbe@tinyurl.com,Male
36761f3e-6a31-4359-8307-726f2b0a7394,Christy,Moreby,cmorebybf@home.pl,Male
7a3cf959-ba07-4b84-8f4f-dc0c7d93548c,Leontyne,Tomczynski,ltomczynskibg@foxnews.com,Female
588ae030-0d42-4771-a673-4939112276ec,Garnette,Dobinson,gdobinsonbh@umich.edu,Female
d9cbaae2-d55c-4c5a-a081-f9f112deb1c3,Arnold,Macci,amaccibi@hibu.com,Male
ca8df045-30bc-49cf-9188-e52c639295ef,Walker,Hatchman,whatchmanbj@nbcnews.com,Male
12264a7f-81da-46ef-a58d-87db15227789,Harrietta,Shallcross,hshallcrossbk@walmart.com,Female
d0211a2f-a77a-4916-9d2f-e1732ce32a0b,Brooks,Sciusscietto,bsciussciettobl@rambler.ru,Male
027119dc-b407-4f13-a202-303bbfd0e146,Antonella,Beer,abeerbm@digg.com,Female
69ae76de-c8a2-4c3d-94b6-88b4607521db,Jacquenetta,Fredy,jfredybn@ycombinator.com,Female
d95f4591-af07-470d-b02e-a3e37815e52c,Deloria,Degli Abbati,ddegliabbatibo@1688.com,Female
41ada520-26b6-4247-bc91-38b356f2ec9c,Nonah,Tsar,ntsarbp@delicious.com,Female
7a6c3153-9d29-40fc-87e4-3cbdd4b07820,Leshia,Garter,lgarterbq@wikimedia.org,Female
c754acc9-9536-4d5e-a628-91741c50cfbc,Aidan,Walkingshaw,awalkingshawbr@java.com,Polygender
3eaba935-2d3d-4511-bc33-833cbf13f00a,Jack,Crilley,jcrilleybs@adobe.com,Male
b35daabe-24cd-4336-b7d7-b1da6454590c,Ki,Chesshyre,kchesshyrebt@facebook.com,Female
fe0ab7a2-59d7-442b-a266-750cc3b30441,Kristel,Weymouth,kweymouthbu@unicef.org,Female
dca545ff-c5dc-423c-85a8-7b8a5b838f90,Aurea,Eadmeads,aeadmeadsbv@about.me,Female
f6a87ecf-7e21-4b51-9d93-b4f472b7518e,Karlis,Loker,klokerbw@photobucket.com,Male
7bc74876-4d4e-4983-8d73-09b421bbede0,Allyce,Olanda,aolandabx@cloudflare.com,Female
ac01853a-833e-4ba9-9bf6-3c1cb90099ac,Alla,Georg,ageorgby@unesco.org,Female
f1fb2f7e-9ce0-4dd0-9284-d1a9853b51e3,Freddy,Palphramand,fpalphramandbz@adobe.com,Polygender
d1cdf8a4-3f77-440b-988c-0bf84026db5f,Philippine,Merkle,pmerklec0@economist.com,Female
2fc809ef-d4c8-4869-ac70-c9a03f1ae07e,Wilburt,Arnhold,warnholdc1@facebook.com,Genderfluid
53dbcaa4-d60e-44a8-b27b-4642594933c1,Melisse,Gerdts,mgerdtsc2@mayoclinic.com,Female
992b1cc4-8ac9-4d98-ae65-62df448fc9d7,Barnard,De Mattei,bdematteic3@jigsy.com,Male
529c9814-e4a7-4d4d-b1f0-1a8037127d14,Bud,Pieroni,bpieronic4@msn.com,Genderfluid
6ef3a2be-2a25-449e-a5ad-26327cd6bc83,Aili,Yetton,ayettonc5@yahoo.co.jp,Female
74b8ff65-04d2-4f92-b2f8-fa5b4c01bf55,Aili,Gwinnel,agwinnelc6@hp.com,Female
053803c3-ee09-4d53-ae21-08e736396d1b,Delia,Chupin,dchupinc7@ucsd.edu,Female
ee3f46a9-a2c3-44d7-9977-5bb9806d9b9a,Chic,Shewring,cshewringc8@nih.gov,Male
6201a7da-9c13-4773-99ad-c8f18fbf675c,Gisele,Doggart,gdoggartc9@4shared.com,Bigender
55bff28e-41c5-4803-9a3b-d354aa5e2f11,Niccolo,Laundon,nlaundonca@aol.com,Male
b2b45b6e-c971-4482-97f4-9997f0abc194,Tuck,Iianon,tiianoncb@telegraph.co.uk,Male
13c0acb4-de3c-4dd3-a524-96064e226e67,Kevina,Demcak,kdemcakcc@dedecms.com,Female
072fb942-5635-4dae-8e66-b8832ac0ed2f,Jaclin,Robroe,jrobroecd@symantec.com,Female
7250d008-2640-4cdb-b360-0fa29bef7f81,Roley,Debold,rdeboldce@clickbank.net,Male
250839b1-72f6-470f-a4e8-3802199e0de4,Sigfrid,Headech,sheadechcf@ftc.gov,Male
0d4f58d5-ef7a-486b-b418-389edd65e6e4,Petey,Schofield,pschofieldcg@gmpg.org,Genderfluid
19a2fa41-ef22-40a8-b768-cc0f4bef5be7,Zachery,Robey,zrobeych@drupal.org,Male
3938cde5-25b9-43a4-91ff-1ca6d0fdf997,Sasha,Tal,stalci@fda.gov,Male
338568b9-7d67-4714-aee2-9226520614fc,Claribel,Potten,cpottencj@google.com,Female
0ad7fea8-9a7d-4320-b4a3-4efdbb584807,Nichole,Coole,ncooleck@lycos.com,Male
907e4059-bfe8-44cc-90fc-898d42fde3cf,Anastasie,Cowperthwaite,acowperthwaitecl@furl.net,Female
3f83b7ef-f774-4b8b-b950-9275b54d7e9f,Christine,Folini,cfolinicm@tamu.edu,Female
63a7c555-5842-4eaa-90e9-951e514f69b4,Leroy,Ox,loxcn@chron.com,Male
cbb29b10-5d3f-4e7c-b858-ea96c3087ca3,Laurella,Borgesio,lborgesioco@soundcloud.com,Female
51dddf38-f263-408c-a327-37e0a138c532,Marv,Dand,mdandcp@springer.com,Male
39a94f1e-0608-4f91-8527-fd9ddb28b01b,Liza,Franses,lfransescq@acquirethisname.com,Female
78d8986a-3444-4859-a0db-6ff75063276f,Otis,Booi,obooicr@oakley.com,Male
3eb2efc9-bdee-4b1e-9ea3-e00fc1166112,Merwin,Jendrach,mjendrachcs@columbia.edu,Male
8f4a66f7-40f7-44db-a3eb-96df01d32e97,Kerwinn,MacCambridge,kmaccambridgect@state.tx.us,Male
aa971b74-f687-4ec6-999c-f027cecd28e5,Lambert,Meineking,lmeinekingcu@indiatimes.com,Male
bd9a3e75-5312-48b9-b1b4-100d28d22a65,Cristian,Cometti,ccometticv@cnn.com,Male
5687bd91-9a9e-4b5f-b2c0-c31f5d82f770,Randi,Tarbett,rtarbettcw@reverbnation.com,Male
0ea95ae3-d847-4164-944b-9c989a928ed8,Phillipe,Hankey,phankeycx@drupal.org,Male
9c4e0bd3-4c62-432b-8afd-0d6a6861012a,Zacharie,De Bischop,zdebischopcy@homestead.com,Male
00e95ba3-ac7b-4211-81eb-a27b4e108029,Boy,Rivlin,brivlincz@mozilla.com,Male
40cf0221-f9c4-4f91-b644-5a7236ad98da,Fran,Meaddowcroft,fmeaddowcroftd0@yahoo.co.jp,Male
2e190772-7209-40d1-a179-e9c25f7fe628,Benjamin,Chevolleau,bchevolleaud1@marriott.com,Male
26e2552b-d7b7-4133-be43-885a6098677b,Hendrick,Ingliby,hinglibyd2@123-reg.co.uk,Male
4faf26ca-90a6-46ff-b8e8-4087f56df6dd,Nap,Sivior,nsiviord3@typepad.com,Male
f15a4f16-a1f5-47a7-b2fe-5dfa1bda4fc9,Leopold,Valentine,lvalentined4@buzzfeed.com,Polygender
a6d5c4de-9687-48ff-b68f-9888c2cd380f,Phip,Woodyeare,pwoodyeared5@netlog.com,Male
e41e13bb-e573-45dc-aa8a-48a9a8c8714c,Alastair,Dun,adund6@godaddy.com,Male
7eaf6859-a506-439b-bacb-d67659c7c82f,Alejandro,Cowley,acowleyd7@delicious.com,Male
d5d966cf-de96-4d19-95e7-dccc797324d2,Kaile,Philipsson,kphilipssond8@bravesites.com,Female
1eadb5d8-2812-4c1b-8567-e08b520384b9,Wilie,Pohling,wpohlingd9@google.com.au,Female
03fa5cec-95f7-4d29-8f35-1a06b6cc90f0,Jae,Oiller,joillerda@yellowbook.com,Male
97d880ce-47b6-440a-81e3-037351d9261c,Charyl,Coules,ccoulesdb@ask.com,Female
279877c7-0364-42b2-bd47-0d77400ba1fa,Hersch,Wildes,hwildesdc@alibaba.com,Male
7cb55605-f015-47b5-b68b-638eaca1dac1,Lorenza,Waddington,lwaddingtondd@xing.com,Female
a76b1d81-6a12-4171-9852-491417c5ff57,Catrina,Luckham,cluckhamde@biglobe.ne.jp,Female
3233e17d-288a-4115-a276-683a05e86922,Kordula,Wyrill,kwyrilldf@timesonline.co.uk,Female
d316cc23-781b-43e4-862d-21c9491ce81b,Gerri,Buey,gbueydg@biblegateway.com,Female
9841ac53-42d8-48f2-aca5-c925e0396bf7,Aldis,Birkett,abirkettdh@answers.com,Male
45017ac8-48ac-4229-9a80-3bddf8c07de9,Zorah,Kinnett,zkinnettdi@wix.com,Female
1f43569a-4512-40dd-9edd-7b0ad7c2a7e4,Wallas,Schultz,wschultzdj@upenn.edu,Male
f26e54fb-0f1d-4b85-8593-c7f9cc767a1d,Obadiah,Melsome,omelsomedk@hubpages.com,Agender
bdd176e6-0f9b-4650-be71-4646c5b3ffad,Martelle,McRobb,mmcrobbdl@sphinn.com,Female
f00dc54b-6f7a-4e5d-9b9d-552c7f03e124,Gwenore,Stutard,gstutarddm@flickr.com,Female
74c610b0-9345-4c5a-a1bc-9588245bea5e,Norma,Hothersall,nhothersalldn@ehow.com,Female
bd4d561f-a4be-4dd9-b09e-08a1c93c8102,Jo-anne,Schimoni,jschimonido@xinhuanet.com,Female
441a0782-d6f2-4e6b-b2a1-34fd7c2eda1c,Leanora,Boggers,lboggersdp@usa.gov,Female
f9c37784-9eb0-4019-8631-03e6655cc63c,Rufe,Huish,rhuishdq@blog.com,Male
fb429033-80b1-4e5d-87fa-7bcd34b8d501,Elsy,Poe,epoedr@mit.edu,Female
3d8e34f6-64f9-4cab-bc3a-00320501b3ed,Madelyn,Stoves,mstovesds@icq.com,Female
df0a4452-3b3d-42e6-97e6-7664709ee6e8,Kimbell,McGucken,kmcguckendt@squidoo.com,Genderqueer
90f69420-f081-4e3c-82ea-eec4a57e2c72,Rosaline,Ianson,riansondu@yellowbook.com,Female
30273af9-66d2-4b93-964b-4c11b65827f8,Karina,Paradine,kparadinedv@nsw.gov.au,Female
57a714ab-6a62-4566-a5ca-f8c4dbc5a52f,Raymond,Jiricka,rjirickadw@yandex.ru,Male
213c3461-433f-4195-b287-2e5918aa7488,Lucilia,Billany,lbillanydx@livejournal.com,Female
e1d901db-cb47-422f-851a-f0dedea4b8b0,Kenn,Statter,kstatterdy@de.vu,Male
f7304fba-d36e-4a69-880d-4fbbfaccac91,Stewart,Narramore,snarramoredz@mozilla.com,Male
42894c18-5ea3-476a-803c-36f9d3bcab85,Emerson,Cordsen,ecordsene0@mapy.cz,Male
893d1a6b-872a-452c-8047-5a91b7ca5650,Brice,Plank,bplanke1@com.com,Male
cae03ebd-1d54-4de1-a322-af198ccf014a,Wolfgang,Demaid,wdemaide2@ed.gov,Male
64dac58a-8295-4fec-a347-6ce49b836885,Ailey,Golds,agoldse3@icq.com,Female
bc7e2efc-527f-4c3c-b736-5129eafaae7b,Rolfe,Hylden,rhyldene4@youtu.be,Male
e72b6590-c932-4ecb-a482-79a872eef2fa,Georgetta,Menere,gmeneree5@blogspot.com,Female
c2bfda0a-e081-41df-b192-3173dd639b12,Eugine,Ewan,eewane6@blinklist.com,Female
b0352ed5-9765-445e-bda4-2bacbf30fd49,Morrie,Hardwell,mhardwelle7@yelp.com,Male
a823f8f4-5865-4c8c-953f-b9abdc77cf01,Humphrey,Scherme,hschermee8@uiuc.edu,Male
63162e07-cb94-4aa9-908f-10c630a74ebf,Bobby,Mullenger,bmullengere9@disqus.com,Non-binary
c234f7ad-cd97-4d10-aa57-092e9c377956,Kasey,Houchin,khouchinea@yellowpages.com,Female
da10e27d-6189-4c7d-b3de-b3a28e4817cb,Nollie,Attock,nattockeb@virginia.edu,Female
4486a470-979d-4b69-b10f-03424f45fcbf,Gertrud,Battaille,gbattailleec@t-online.de,Female
4653cab0-81f9-454e-9049-5a53f9f348ed,Fionnula,Francello,ffrancelloed@businesswire.com,Female
219fe6c9-465e-453b-9d7a-213eb5462a5c,Dominick,O' Byrne,dobyrneee@nydailynews.com,Male
2563c3b9-d1ea-4c6f-8884-388f9e455d7a,Gwennie,Leyes,gleyesef@merriam-webster.com,Female
ef96a738-609c-4ab9-827c-3f562f95fd44,Cristabel,Atto,cattoeg@ed.gov,Female
0d5250f9-9e53-4322-a95e-9d47fa406186,Frederico,Goodings,fgoodingseh@addtoany.com,Male
3855f256-2a1d-431c-8342-0bba01711e3a,Hartley,Divers,hdiversei@wiley.com,Male
97e110b2-8591-425d-a177-29922eacf4ce,Rollie,Praundl,rpraundlej@nifty.com,Male
e86d5608-c2f9-47c3-be64-dc8c1a2bd984,Nappie,Mellsop,nmellsopek@zimbio.com,Male
036128a1-57fa-4ac5-96de-e89bcc194329,Imelda,McInulty,imcinultyel@prnewswire.com,Female
3bbc526c-5903-4a53-a946-786d5cfa925b,Camille,Jeffries,cjeffriesem@acquirethisname.com,Female
5e7006ac-bc13-4614-bace-ea510c144e51,Faina,Pallin,fpallinen@dmoz.org,Genderfluid
53d772ef-d690-4134-b9b1-22692c69368d,Moritz,Gregs,mgregseo@ebay.com,Male
3ec10476-6610-404a-ae3c-bc8d57716fe1,Jobi,Arends,jarendsep@angelfire.com,Genderfluid
e8e44026-084a-4837-811d-095a2a30cfd4,Mikael,Matic,mmaticeq@networkadvertising.org,Male
be654aa8-2c67-43a5-af6c-e2f39638cea6,Hebert,Wellings,hwellingser@e-recht24.de,Male
33fc6440-0894-4140-9216-3932fb7a8f9e,Hagen,Monkley,hmonkleyes@wired.com,Male
194decc0-dac1-4d2d-84c9-1eb288f594e2,Budd,Bruton,bbrutonet@ca.gov,Male
37efbfd1-e8ab-423f-94c3-1be452ef924b,Faye,Rigmand,frigmandeu@house.gov,Female
2d42a895-187f-47b7-bd93-c6b35b4410ce,Lesly,Luther,llutherev@oracle.com,Female
a0d5f1e0-3c5a-4258-b002-5a457b5a3af6,Billie,Oxbe,boxbeew@slashdot.org,Female
49d6a4ea-2efc-4981-b7a4-d3bd26a4b66f,Sutton,Casson,scassonex@boston.com,Male
2c9f3a29-9644-4eb0-89bc-e39812b1f622,Clotilda,Norvell,cnorvelley@odnoklassniki.ru,Female
00138658-aad4-452b-92fe-a7f907eab5b3,Maire,Garahan,mgarahanez@constantcontact.com,Female
ac38c4c5-b00c-4924-9005-b478fe9e9b33,Vivia,Tregensoe,vtregensoef0@networksolutions.com,Non-binary
681712f4-7eec-4207-bcf9-e34a2d2bb026,Enrico,Hoodless,ehoodlessf1@twitter.com,Male
16c08793-d084-4687-adf2-9f57076ca7d9,Dreddy,Campion,dcampionf2@discovery.com,Female
6f7969da-b55a-4049-bcae-3c0d563fa1a6,Alf,MacCurley,amaccurleyf3@yellowpages.com,Male
e8c52ec5-c78e-4536-80d7-58fc2665d514,Claude,Fladgate,cfladgatef4@mapy.cz,Female
0cdba1d3-c77c-4727-aa87-69bb421809c6,Robinett,Orgen,rorgenf5@cisco.com,Female
7ee3b4e0-4ddc-4e1f-88dc-19830fdbd79c,Roselin,Collacombe,rcollacombef6@abc.net.au,Female
08cdb94c-825b-432a-9dfa-96de482b7d94,Alaster,Martellini,amartellinif7@canalblog.com,Male
52984faa-9cb2-4229-bd09-10ed656297f9,Dalia,Anselmi,danselmif8@uol.com.br,Female
8a116d53-1b4d-4a1b-9cd4-84964f42e8bf,Uriel,Houldey,uhouldeyf9@blogspot.com,Male
257034c3-d02a-44ea-91d6-3e3a67ee24b8,Maudie,Tilio,mtiliofa@weibo.com,Female
cc992182-4744-418c-ab09-2f85c3ff5d35,Neala,Glasspoole,nglasspoolefb@apple.com,Genderfluid
18ee3d7b-b193-45c9-9ec1-9f75ee6f35af,Theodoric,Lunnon,tlunnonfc@sourceforge.net,Male
9c9d4a58-f000-4cb2-bd7e-2242c60b8c4d,Norry,Caisley,ncaisleyfd@vimeo.com,Male
6f0ebe8d-fd99-4efd-b3ea-7bbb5d7856e7,Dominick,Siseland,dsiselandfe@wiley.com,Male
0c6bc608-493a-41b6-bbf1-22dd3eab7afe,Ronnie,Goodere,rgoodereff@lulu.com,Female
cedce726-abbe-455a-8976-36b74f8bd782,Elle,De Cleen,edecleenfg@archive.org,Female
a1e3afda-8c66-4950-915f-0025c1dc5ced,Merill,Libbis,mlibbisfh@pen.io,Male
438645b9-125a-42a3-bb30-14a1878b4ff7,Lewes,Ismay,lismayfi@washingtonpost.com,Male
9a9717a6-44d9-42ab-89d5-b638b550bf15,Wilmar,Krojn,wkrojnfj@theglobeandmail.com,Male
daf6fec1-d11c-4096-a1ee-1fe599d41ec2,Maxine,Orteau,morteaufk@biblegateway.com,Female
794bb929-1f74-4117-9f9a-11f58983b19a,Sig,Hullett,shullettfl@reuters.com,Male
f7cc4780-778d-4993-8fa4-2b8d8eb086a9,Gradey,Luetkemeyer,gluetkemeyerfm@harvard.edu,Male
94b80a75-86b9-438d-899c-341844d3261c,Rip,Corroyer,rcorroyerfn@ca.gov,Male
6eb55840-d924-42ab-9080-29bd1cad743e,Rozella,Dallimore,rdallimorefo@123-reg.co.uk,Female
db8e62b5-5961-4cdd-96b6-dd4753a00e87,Jacquenetta,Barter,jbarterfp@cargocollective.com,Female
71ccd52f-a41a-4799-9e19-8492641ce3fa,Nessy,Newe,nnewefq@goo.ne.jp,Genderfluid
75cb3283-ef00-4c7d-bb49-cd876bc08a91,Braden,Fairs,bfairsfr@flickr.com,Male
febad3e7-de47-4004-9fa3-2e831f0e4cce,Derek,Vennings,dvenningsfs@dagondesign.com,Male
2e4609a3-88e4-49e3-b8be-e6915dccd1d9,Armand,Farquharson,afarquharsonft@nbcnews.com,Male
305a69b7-4061-4d05-9f78-ab6470846a0b,Kelsey,Chong,kchongfu@ftc.gov,Male
454e5b76-480c-4f6c-8270-d6328dca1df3,Erminia,Mouat,emouatfv@nifty.com,Female
6cf4ba00-f558-46c3-bdfc-5c368148f524,Cleveland,Kingett,ckingettfw@auda.org.au,Male
05881c1e-72e0-42e1-b1b7-1a44176d7360,Amargo,Huntall,ahuntallfx@msu.edu,Female
c3d05946-da9f-4cf7-bf00-99d4156a38a3,Valaria,Butt,vbuttfy@clickbank.net,Female
d699ea00-a1bf-45bc-b77d-6712dd6a6d66,Culver,Henmarsh,chenmarshfz@seattletimes.com,Male
dbbf7b7d-20fe-4b43-af1d-8cd196b91fe4,Rowney,Matteris,rmatterisg0@gravatar.com,Male
062362ad-4974-4ea0-bfd9-813d0572f2b5,Randy,Phillcox,rphillcoxg1@reddit.com,Female
2e7965ef-3556-4e82-8c6e-8fbd3efd3318,Kelila,Stinchcombe,kstinchcombeg2@newyorker.com,Female
e246a831-65c6-4068-9f24-313c0735a6d7,Modesta,Wannan,mwannang3@yellowpages.com,Female
1ca0f3ec-f537-4edb-a794-5f6f4d9f04e1,Kerwin,Sanchiz,ksanchizg4@lulu.com,Male
b7e6eff7-c5ef-4196-898a-45f2a2cb1fab,Normand,Grolle,ngrolleg5@macromedia.com,Male
bbce2f5b-ea89-4f03-a530-f7d7e4e9f6bb,Milton,Creeber,mcreeberg6@youtu.be,Male
70048ff7-f224-440a-bfed-167d3d6ee33e,Glynda,Sirmond,gsirmondg7@joomla.org,Female
422bfc78-e1de-4be9-b2d0-2a80f84b728e,Bethena,Clayill,bclayillg8@yolasite.com,Female
dd37a0e1-b704-40a2-87ce-4c75f14c335d,Sherlock,Twinborne,stwinborneg9@shutterfly.com,Male
d18c3d59-b7b3-4f67-9be2-45f2673cd716,Dawn,Sentinella,dsentinellaga@howstuffworks.com,Female
31954878-dd85-45eb-aea9-30aa1efe3b2c,Abbi,Cornell,acornellgb@comcast.net,Female
d977954c-812c-415f-b9f5-076c45e3ed24,Karel,Legging,klegginggc@apple.com,Female
87677afd-5c6b-4868-aeaf-13637c5355f7,Nerita,Eva,nevagd@unblog.fr,Female
72cc5266-58c7-4a2c-9a2c-7a0435e5cc2b,Tonnie,Godson,tgodsonge@last.fm,Bigender
d765ba7a-3498-4b86-88f9-788ad91efc40,Lowrance,Ruhben,lruhbengf@fda.gov,Male
da7056f2-bb74-4522-9cc4-04afb647a912,Maryjane,Schultz,mschultzgg@1688.com,Female
df3775e1-92b3-4792-9e64-72fa6c671d03,Linzy,Prall,lprallgh@phoca.cz,Female
a49d0af8-a219-4ea5-abc2-eb8404b99513,Ali,Flanaghan,aflanaghangi@springer.com,Male
8f795327-10ff-48fa-9dc8-902ed9b8fcfe,Jimmie,Glencrosche,jglencroschegj@miitbeian.gov.cn,Male
11960c95-4acf-49a6-8e9d-9626d61e0d6a,Terencio,Oldland,toldlandgk@simplemachines.org,Polygender
3af5f90c-5a9d-45a7-b3fd-21ac99718193,Kirsten,Wynter,kwyntergl@cargocollective.com,Bigender
cb8289e4-4c24-4001-891b-e82c4946bee8,Elenore,Banister,ebanistergm@jalbum.net,Female
1efab348-08ef-4813-9339-351dc9bf9087,Pen,Pahlsson,ppahlssongn@miitbeian.gov.cn,Polygender
085ac0f2-a34b-4c13-93ca-b718166929f3,Corny,Prestage,cprestagego@hostgator.com,Female
99c0095b-cfc6-450d-b9e8-becc0f93ad4f,Toby,Volker,tvolkergp@accuweather.com,Male
de1224c0-890c-468e-b9ba-dfdc5fa3d45c,Menard,Dillintone,mdillintonegq@facebook.com,Male
a9d9408a-0c72-4faa-b832-fd20a81675c8,Renault,Jankowski,rjankowskigr@mac.com,Polygender
5032d814-694e-44fc-ae22-1c9ec31eaee2,Cristionna,Clewlow,cclewlowgs@google.it,Female
37a6c1a2-33dd-4343-aa41-99aa5f983511,Bryna,Benda,bbendagt@yale.edu,Female
9771f676-314c-4829-81f7-24df6d02e99d,Lenka,Ubach,lubachgu@wikipedia.org,Female
9f4d7b14-e132-45c2-a769-c543798ef27f,Vale,Ianittello,vianittellogv@columbia.edu,Male
074f6573-4bb2-45a2-8750-b076dfd1bd38,Ichabod,Hinze,ihinzegw@php.net,Male
88332e00-080e-47bb-bc07-12dd77bb3ad7,Mordy,Seiter,mseitergx@histats.com,Male
10c04e71-84e6-47b2-8715-a384fda6ed0c,Blanche,Swains,bswainsgy@pagesperso-orange.fr,Female
23622400-e767-40e5-a7bc-c588dbd26a00,Joyann,O'Sherrin,josherringz@craigslist.org,Female
f6e7e055-2ba4-449c-b546-c90d645723cd,Bentley,Andrysiak,bandrysiakh0@github.io,Non-binary
404bed79-1fef-4932-a1a9-05941629d97c,Trey,Clemenzi,tclemenzih1@si.edu,Male
887df885-387c-4ea7-881e-5024e27f0260,Erina,Quiddington,equiddingtonh2@sourceforge.net,Agender
058d864c-b657-4728-bf40-76774c18463a,Cecilia,Mattecot,cmattecoth3@drupal.org,Female
3a74569b-61af-42bf-998a-5c56e230c358,Lem,Balas,lbalash4@fc2.com,Male
f3f0f299-052e-4f87-8d1c-e04f9c55abe7,Dalis,Knatt,dknatth5@xrea.com,Polygender
353081f9-5435-45b1-a610-605d4a2788ef,Ring,Pullin,rpullinh6@hubpages.com,Male
76e6c800-831e-424a-b513-1734d93faa4e,Kellina,Myall,kmyallh7@cpanel.net,Female
bb8585a7-bdc2-46ee-911d-82fa86e53bb6,Peirce,Conechie,pconechieh8@ihg.com,Non-binary
d329e14b-6e97-4624-a511-3e5f4084dc75,Cherilyn,Dawe,cdaweh9@sakura.ne.jp,Female
7a4785b9-e89c-40eb-9fe2-c258566e83a6,Cilka,Sleite,csleiteha@cargocollective.com,Female
f10f5aa9-4a24-442f-acab-8e6fb2a4e403,Agnola,Westnage,awestnagehb@hibu.com,Female
6d207b60-586e-427f-a58e-b7f08b8c8820,Otho,Pote,opotehc@usatoday.com,Male
e54e3d7b-6138-42b5-917c-835340b1a809,Radcliffe,Hanselmann,rhanselmannhd@slideshare.net,Male
97d6cb10-49b5-481f-8e79-ad6c8047ded2,Heinrik,Seres,hsereshe@cdc.gov,Male
b12560eb-11cf-4c6d-b26a-96cbb643ab6d,Dominique,Hall-Gough,dhallgoughhf@google.co.jp,Female
9ee0fc91-b995-4f2e-970b-97d55dd228ef,Ogden,Tipperton,otippertonhg@businesswire.com,Male
e257028f-0114-4dd0-b4c7-d9a559ca0bd7,Georgiana,Elintune,gelintunehh@globo.com,Female
7ab0ac18-41d0-4efe-b6bf-78d6d03e2e75,Izabel,Stonebanks,istonebankshi@springer.com,Female
6b9f97cb-473f-4724-bcec-34f32891e2c0,Bale,Rhead,brheadhj@linkedin.com,Male
9c0a8045-ae9d-4cc6-83b8-9141771dc1d1,Lotta,Weekly,lweeklyhk@rambler.ru,Female
70dd221b-6f96-4679-9a9c-0b6e0407b78b,Meriel,Cerith,mcerithhl@com.com,Genderqueer
368a31a0-95a3-4c28-8ce6-c99d05bbe0e2,Andee,Kainz,akainzhm@quantcast.com,Female
37ac259d-0672-43df-9013-22e789d86031,Marc,Yeoman,myeomanhn@phpbb.com,Male
ae27ff0a-8110-4e35-a29d-769d21838880,Leila,Syne,lsyneho@wiley.com,Female
28e067a5-c274-4251-a05d-411d9a032793,Polly,Boncoeur,pboncoeurhp@google.ru,Female
98021ab3-d914-49a3-9ada-5ddf9fcc8062,Zelma,Gooch,zgoochhq@ameblo.jp,Non-binary
97052eed-dbf3-4e8f-acc6-3546b40da1e3,Gill,Banham,gbanhamhr@arizona.edu,Male
32c58223-45bd-47ce-9b6c-2e70d1f1e4ef,Araldo,O'Dee,aodeehs@yellowpages.com,Male
4bb83dd0-0c14-4f38-a4d4-ee349b500b8e,Mozes,Dahlback,mdahlbackht@princeton.edu,Male
3b7591ec-3b29-460b-a1a6-0dd8a4f9260d,Siobhan,Chatell,schatellhu@acquirethisname.com,Female
1d8210d3-9ea6-4c68-ab51-7dbadc275672,Wanids,Vose,wvosehv@alexa.com,Female
e8645b5d-9da8-492f-89e2-7f402bad4f9e,Hazlett,Dowding,hdowdinghw@nba.com,Male
22a16db8-5ccb-47ac-ae2c-c64a13746669,Cairistiona,Yaldren,cyaldrenhx@bbb.org,Female
61833b13-dfcb-4b2c-9c18-23c07ae943ad,Annabell,Howlings,ahowlingshy@usatoday.com,Polygender
2173c095-aace-4202-ac46-9879f69c62fe,Marve,Tiddeman,mtiddemanhz@uol.com.br,Male
53f65af3-3565-4a7b-a61a-c9733e42c1b5,Allissa,Valadez,avaladezi0@adobe.com,Female
f4ee9feb-7169-4db7-91c5-0d029429f73f,Agatha,Mosedale,amosedalei1@networksolutions.com,Female
631079df-b611-4bea-aeca-32a3b97dffed,Vania,Lightning,vlightningi2@usa.gov,Female
e349567a-9f40-4bb7-b5d6-265a2f42d398,Daniel,Stede,dstedei3@livejournal.com,Male
72487448-63c9-4267-9151-a3fb9bca4aeb,Rozalie,Cay,rcayi4@state.tx.us,Female
be45e8bd-af8c-41c3-bd73-d71ab084f9c0,Grenville,Desesquelle,gdesesquellei5@mysql.com,Male
54b32971-d45c-4f0a-8d7a-29c2c0f38197,Faustine,Peer,fpeeri6@unblog.fr,Female
ea3e5b51-787a-441c-87af-8f99888faf2a,Rina,Ulster,rulsteri7@omniture.com,Female
1d1dba43-2a4b-469e-94d8-5bb196f57a07,Caryl,Brickhill,cbrickhilli8@fastcompany.com,Non-binary
d95b9dcd-5e3a-482e-aad4-124e437cfd57,Issi,Ivers,iiversi9@cnbc.com,Female
fbf4c39c-5da8-4448-a6a0-c1823e775838,Baron,Jonsson,bjonssonia@indiegogo.com,Male
5c8be1d5-a22e-4a03-9213-82a2d27f10f3,Gino,Bensley,gbensleyib@examiner.com,Male
e842fa48-f733-40d0-960f-1a75f72c183e,Paige,Manjot,pmanjotic@wisc.edu,Female
162ee3df-2bd4-4ffd-9b5b-aa2332ab2b73,Tracie,Dougliss,tdouglissid@bandcamp.com,Female
c46616e3-78e9-4ce1-84a8-9e33d1ed9efa,Vi,Renforth,vrenforthie@whitehouse.gov,Female
8b21e85d-605d-4cd7-81bb-8ac74e11e383,Anatollo,Chick,achickif@lycos.com,Male
c41a51e4-a376-4a5e-b7e0-27202089c419,Trudie,Fealy,tfealyig@shinystat.com,Female
0423dd41-96e0-4472-a247-bfbf9bda9cb5,Drusy,Buddell,dbuddellih@free.fr,Female
4acaefa3-ae9f-485f-8fc5-adfc42d83c2f,Lenette,MacGillicuddy,lmacgillicuddyii@arizona.edu,Female
247c3f90-35ef-4244-ae07-cf6ea27d2f97,Barbe,Stanbridge,bstanbridgeij@telegraph.co.uk,Female
697e34b6-68a6-4c2a-a7f8-d9190ed38187,Dietrich,Holyard,dholyardik@nba.com,Male
3067894d-c7dc-42b4-9fd0-ed461bb8e554,Osmund,Cressy,ocressyil@google.co.jp,Male
8c70afab-2ddb-4883-98b5-9da149725903,Giavani,Maginn,gmaginnim@wunderground.com,Bigender
fbc454b2-9e0c-4238-a7ae-e5bc48630808,Theresita,Ellif,tellifin@elegantthemes.com,Agender
cf81af94-f2a3-4bf0-9c21-bcbf6aa72667,Pauly,Annesley,pannesleyio@dmoz.org,Male
b55fe1ce-9e79-48b9-8976-9cacc53777b5,Freedman,Bewsey,fbewseyip@ning.com,Male
8d50137a-d9ad-4e99-8e23-010ae9c880b7,Gasparo,Banat,gbanatiq@auda.org.au,Male
34adfe3a-8330-47dd-b899-2cb4959eaf2a,Bealle,Gloucester,bgloucesterir@youtu.be,Male
e32eefc5-cfe7-4c43-8abc-7a83af1da410,Zaccaria,d'Arcy,zdarcyis@yelp.com,Male
9b7f7ee5-e319-4b0b-9ce8-95fea0b7c4c1,Milli,Oda,modait@4shared.com,Female
4b2501c7-ff22-4438-9185-81f1dae576be,Minetta,Vinick,mvinickiu@icio.us,Female
fb65b8e7-c31a-42f7-b904-942cc297e900,Jodi,Pogosian,jpogosianiv@shop-pro.jp,Female
83eb7484-c33b-4eac-bc55-678709069dee,Cyrus,Peter,cpeteriw@myspace.com,Male
10bd3d20-c166-47d0-97af-a032558bbe51,Christiana,Kynastone,ckynastoneix@bloglovin.com,Female
2400c06b-a82a-43af-8758-f41cdd144be1,Bruce,Hinnerk,bhinnerkiy@blog.com,Male
5800396a-e768-4f04-9fa2-40ee26106260,Hart,Simes,hsimesiz@loc.gov,Male
ca57876c-f8af-41c9-a140-bf8d6f49f8c0,Isidor,Ubsdall,iubsdallj0@symantec.com,Male
fd81fa58-2bb1-4b49-a951-9f70f0b48a21,Arther,Beckford,abeckfordj1@npr.org,Male
acb4eae1-cea3-4bbc-89cb-286c78866a82,Kurt,Godleman,kgodlemanj2@nifty.com,Male
90c24c66-2175-4f59-a0c2-aa2c1b5b8caf,Peterus,Provest,pprovestj3@businessweek.com,Male
e88afd3e-55fa-4592-bac6-38b4e1cf6c2a,Shannah,Richarson,sricharsonj4@ameblo.jp,Female
bf7a96a4-5791-4562-8a3b-2b455c254b2d,Clyde,Simes,csimesj5@answers.com,Male
d72e21e7-e813-4c39-96c8-7aaa43635e67,Tamas,Farryn,tfarrynj6@npr.org,Male
9096c943-e78b-44d6-8b7f-a8f608e757ab,Ezekiel,MacKerley,emackerleyj7@spotify.com,Male
d6699858-66af-4ae7-b06f-8f41c2c991e3,Demetre,Tunnow,dtunnowj8@illinois.edu,Male
11be9fd1-2a17-45fc-b27b-d66e798db996,Ashli,Scad,ascadj9@reuters.com,Female
f1977cf2-1f1f-4937-a623-5509509c6a36,Myrtice,Hevner,mhevnerja@squidoo.com,Female
28181718-7acf-4154-a259-b0e8b71a57d3,Fredi,Dust,fdustjb@hugedomains.com,Female
9878ce0c-c0a1-473d-9d17-060e4ecc96da,Dannye,Penrice,dpenricejc@discuz.net,Female
a8509f23-002f-4c12-93db-8b0f68c3feef,Ernest,Broy,ebroyjd@chron.com,Male
643ee183-26c4-432c-a13e-13f5a32ec309,Lorne,McCord,lmccordje@sogou.com,Genderfluid
a1d59abf-919e-4dde-a190-544afccd7302,Scotty,Harmeston,sharmestonjf@weibo.com,Male
eb0e1635-53a5-4eec-8877-90f8245ffaad,Carlo,Bernardez,cbernardezjg@examiner.com,Polygender
28847ddd-4a44-4e2d-88d6-01b2bf706df6,Nomi,Ivakhnov,nivakhnovjh@usda.gov,Female
52e2f403-d51b-4922-b185-7c74867dfa6b,Bent,Harlett,bharlettji@princeton.edu,Male
128da6a6-11cb-4d91-8cef-364f4702dd57,Gauthier,Maidens,gmaidensjj@exblog.jp,Male
a7641fdb-b68c-4f47-8f00-cacee8d98819,Verge,Russo,vrussojk@geocities.jp,Male
8f0f2639-476d-44ec-bd25-77919396e8c0,Lyndsey,Brigman,lbrigmanjl@dmoz.org,Non-binary
a0574717-452b-46db-b74c-e295e515578e,Ignaz,Chandlar,ichandlarjm@yolasite.com,Male
f2c9544d-e1dc-452d-b726-40b7faa0b1fa,Jamal,Minchindon,jminchindonjn@cnn.com,Male
494fb981-638c-4fa9-adcf-4d8b0b5a1b9b,Rudolf,O'Connolly,roconnollyjo@ameblo.jp,Male
e2bbc6bc-1e77-4287-aec0-df9b9eedd354,Zeke,Stallworthy,zstallworthyjp@yellowpages.com,Male
4a649401-1ae5-440e-a4bc-2bcfbc7f461a,Vivie,Skuse,vskusejq@phoca.cz,Female
b554425f-0046-4fed-bbe2-9b706ab37f8b,Pauletta,Dowry,pdowryjr@sphinn.com,Female
45ef63ad-d799-4f31-bb74-1372dd1e1c56,Rodge,Bachmann,rbachmannjs@cmu.edu,Male
a19daa18-e2d7-47ee-8f25-a70bfacac0a7,Annecorinne,McKain,amckainjt@ibm.com,Female
d5b9a2c2-16fa-4440-939b-735db95aefde,Deanna,Misselbrook,dmisselbrookju@feedburner.com,Genderqueer
effb8b06-462b-4529-ad7e-1c1d1b585a68,Leeanne,Yendall,lyendalljv@ft.com,Female
d13be29f-6050-4b0f-91bb-dc485aa651b9,Kinna,Brisset,kbrissetjw@indiatimes.com,Female
91498bb8-b95a-4499-9c2f-664d191bae1a,Guglielmo,McLay,gmclayjx@newyorker.com,Male
142802c2-4992-4c6b-aaa8-7b4fbbd9eda3,Bryanty,Elington,belingtonjy@hao123.com,Polygender
ab3e12f3-a1db-4489-9a64-7d8f180905c0,Dew,Pays,dpaysjz@feedburner.com,Male
da908e40-b0ab-4edb-b93e-434f2431de9f,Eulalie,Jayme,ejaymek0@ucoz.com,Female
fba8236f-5c3c-47a3-b2b7-7df825afc9d1,Gweneth,Terren,gterrenk1@prweb.com,Polygender
cf9c2881-6f8f-4859-b6f7-db4282b0cd9d,Claudio,Tapenden,ctapendenk2@skyrock.com,Male
bbdc16ef-15f5-40ae-9717-27b600c37551,Uta,Leney,uleneyk3@domainmarket.com,Female
611eb97a-fbd3-4d69-85b3-7aa0670e48ae,Dionisio,Bichener,dbichenerk4@wiley.com,Male
3000021b-eb4c-48bb-9ab5-d0029f3b8faa,Yul,Wash,ywashk5@npr.org,Male
312064d9-95b2-4259-a1ea-f81280374f73,Hally,Larchier,hlarchierk6@blog.com,Female
72e995ca-dd3a-47a8-ab0f-2520a3f2052a,Dolph,Stickland,dsticklandk7@state.gov,Male
bc76c8e2-3b66-47b5-973c-b407813274f7,Dar,Smitton,dsmittonk8@chicagotribune.com,Bigender
edd4b339-c026-4568-969f-98816d39513f,Kali,Bentson,kbentsonk9@altervista.org,Female
61fefe3a-7ffb-4007-a5ab-9464cb0b3325,Kaiser,Ruppert,kruppertka@baidu.com,Non-binary
c6d701b9-060d-4253-94cc-49bc2efb6b25,Lucho,Colbrun,lcolbrunkb@so-net.ne.jp,Male
46fba2a3-db43-4661-b6d9-c0451d26361b,Tine,Halewood,thalewoodkc@ycombinator.com,Female
53bd6960-f7a5-4435-86ce-9475905e1c50,Mitch,Darrach,mdarrachkd@digg.com,Male
fa951de5-6745-4444-88d7-73b4be1acda8,Linoel,Verheijden,lverheijdenke@dailymotion.com,Male
1d4b4d79-8d65-4f41-bc51-bded562668fb,Griff,Handrik,ghandrikkf@arstechnica.com,Agender
1c23f9ed-c554-41c3-893d-14a1193843fc,Tracey,Lasseter,tlasseterkg@unicef.org,Female
74a38962-0724-4f21-83ee-b5b25e44e5e6,Guillema,Gurney,ggurneykh@ihg.com,Genderqueer
c4b2039c-ee54-4442-9402-f546a7855268,Inna,Havick,ihavickki@wikispaces.com,Female
ba7724ed-9505-45af-b780-2ba8a1438f43,Evey,Mingard,emingardkj@sogou.com,Female
c41b477e-4cef-47ad-b726-ecb9c769925f,Tommi,Milhench,tmilhenchkk@ed.gov,Female
c1b5d2e5-1ecb-4888-bf1f-17844cae1561,Nicko,Ogers,nogerskl@adobe.com,Male
b41b3af9-bfb5-47e1-8b26-447133ffb455,Kaja,Ameer-Beg,kameerbegkm@scientificamerican.com,Polygender
f448b0f2-2aab-4051-a3ed-42c037efcd65,Lavena,Johann,ljohannkn@barnesandnoble.com,Female
44335cb7-557e-4dad-becb-c2dce352496b,Elliot,Tyrone,etyroneko@answers.com,Male
cd8be350-a9d5-4650-8ef0-16b15080df0d,Corabella,Julien,cjulienkp@typepad.com,Female
b80c9335-c5ca-4a9a-a635-070be0a39ff0,Belle,Threadgould,bthreadgouldkq@behance.net,Female
621873e3-cef6-42ff-a5c4-cc3ff74d742e,Marcille,Spadoni,mspadonikr@eepurl.com,Female
be071433-ea36-4419-8acf-5633f46bbb68,Reed,Abbet,rabbetks@miitbeian.gov.cn,Male
343aa1b1-a1d2-45cb-b5f6-475ce3bb432e,Rhonda,McEnery,rmcenerykt@gnu.org,Female
093fadae-a88a-49d6-a744-64f4e5750cd8,Hillie,Elvin,helvinku@cnet.com,Male
129811a1-8398-46fc-a0bf-cdd20dfea8d2,North,Cosser,ncosserkv@blogs.com,Male
1cccf027-62df-4ae1-8ae3-c2eee6a62d88,Gaelan,Gildersleeve,ggildersleevekw@dmoz.org,Male
9b3f8579-30ee-47fd-85e2-9f0b07ab0c51,Vanna,Cressy,vcressykx@cnn.com,Female
52727639-fd18-48bd-ba1e-6d64b3a87867,Olga,Marquot,omarquotky@npr.org,Female
1c9d1eeb-22a4-453a-bc83-9ea89b51536b,Eben,Press,epresskz@hhs.gov,Male
5b3ce398-06a1-4b53-ae30-7c6c200c337d,Garner,Gouthier,ggouthierl0@geocities.com,Male
7eede960-7751-4f9d-b854-31510cc4418a,Devin,Manion,dmanionl1@google.com.hk,Male
0eac2e80-eb0a-4a11-a1b3-4cafdcb811a0,Reilly,Dodgson,rdodgsonl2@howstuffworks.com,Male
2eb8b39d-fb67-468a-b48f-d61142bab7d3,Aluino,Melesk,ameleskl3@gnu.org,Male
4009a2d2-2887-4504-a059-9a1bfb82cfdf,Elena,Cahn,ecahnl4@reverbnation.com,Female
8c996f8f-0f98-469d-bbc4-5e50043c9941,Tove,Corrington,tcorringtonl5@unicef.org,Female
797b30ed-faf4-4acf-b113-c5dbe2cc1521,Luciano,Cristofolo,lcristofolol6@netvibes.com,Male
e2d46ead-4cca-413f-9bb9-c670ebbb3e38,Connie,Sabater,csabaterl7@jigsy.com,Female
6b500fe5-8815-4c9b-a194-4dd806aee20b,Johny,Ganderton,jgandertonl8@blogs.com,Male
88641ceb-7aae-4082-946f-2e0b0eef8a4a,Margarete,Genner,mgennerl9@cdbaby.com,Female
0a2acea9-c4d6-41bb-8712-f8261d1b831b,Selie,Conkay,sconkayla@youku.com,Female
b53b6528-7b16-49ef-9b53-0185af1d28f8,Anderson,Prazor,aprazorlb@unesco.org,Male
2685b5ac-4490-436d-967b-505a09b8b2a4,Corrina,Kenningham,ckenninghamlc@eepurl.com,Female
b2201170-6add-4fb0-88e2-d6e6fc4913fc,Emile,Hadgraft,ehadgraftld@whitehouse.gov,Male
34f04357-f31f-4b5e-b3e7-d4c12e813d4f,Marybelle,Mac Giolla Pheadair,mmacgiollapheadairle@state.gov,Female
6f8b02e8-e2e9-4d63-8304-6a2b5f8dfb94,Lisabeth,Shaul,lshaullf@ebay.co.uk,Female
a873840d-61d6-4a32-8dfb-055bbbae5b9d,Zebulen,Robel,zrobellg@icio.us,Male
7f827bea-3e73-4ff7-a98d-2b0de93585f2,Aldon,Linnit,alinnitlh@berkeley.edu,Male
8f00217e-5234-4a1c-bcc8-a3db029a0767,Ervin,Brazur,ebrazurli@utexas.edu,Male
2e3940c8-4a33-4f39-ae4c-cfe99c2d309b,Pepillo,Standbridge,pstandbridgelj@netscape.com,Male
fb5c3dcc-e1bd-433e-86c4-e80b4581ed41,L;urette,Reiling,lreilinglk@smugmug.com,Female
8e0b897d-08a9-418e-92d0-76103144612c,Tammy,Rodmell,trodmellll@google.cn,Female
cba0ceeb-9cb4-4d20-98f7-42e6ff585407,Kial,Scocroft,kscocroftlm@xinhuanet.com,Female
59666793-5bb9-4d7f-a468-3739b030898d,Brade,Addess,baddessln@storify.com,Male
555c9fed-da13-431b-b09e-c68c3001607f,Cammy,Twydell,ctwydelllo@epa.gov,Male
7be28a5a-2642-4403-9d36-634a21462ce0,Melamie,Feehely,mfeehelylp@state.tx.us,Female
da3d032e-28c7-44ef-aaaa-2733b7b81e97,Bendix,Rippingale,brippingalelq@123-reg.co.uk,Male
6fb66739-89f7-4273-9c75-11e23469490a,Vergil,Jaffray,vjaffraylr@networkadvertising.org,Male
65f1f735-4a6b-49f6-b459-6f2285e8a0e0,Fiona,MacElane,fmacelanels@e-recht24.de,Female
e03f4e77-251e-428f-9bf7-c6e74abe87df,Cherilynn,Cleary,cclearylt@hubpages.com,Female
142c1bd1-0dce-4584-8661-ccbed5607a62,Charyl,Streeton,cstreetonlu@spotify.com,Female
3ca873e8-7141-40c4-8b7e-ac76a37ecb6f,Robena,Hinckley,rhinckleylv@mozilla.com,Agender
85c7fa0a-7920-46df-abaa-e965b04f6272,Darcie,Wofenden,dwofendenlw@discuz.net,Female
681d2a0f-d5ac-4fa1-b1c3-35e9c50f7f63,Johan,Skepper,jskepperlx@technorati.com,Male
9a21b5f4-4e39-4d78-afe4-741558ef4878,Orelia,Gorges,ogorgesly@jimdo.com,Female
ee3ed78c-213a-4342-88a9-b89c549bfcec,Dulciana,Limer,dlimerlz@yahoo.com,Genderfluid
46c89c80-36ea-4b7f-9efe-296e73cf0ab3,Moyna,Webby,mwebbym0@abc.net.au,Female
ec5997a0-8bd4-4e57-86f2-ffff1d6086f5,Barret,Aitchison,baitchisonm1@oakley.com,Male
2b9c2c79-b1ea-4e33-864d-be92e83042a3,Cal,August,caugustm2@stanford.edu,Male
4631a734-dd43-43e4-98d7-544aea79d80b,Hughie,Dewan,hdewanm3@geocities.com,Male
b823f342-94ec-43e9-9f25-0e3066c94243,Fawnia,Thumim,fthumimm4@reuters.com,Female
9880c787-9619-42ce-a543-06cd6cd86fa1,Mercy,Sallter,msallterm5@rambler.ru,Female
ec0ca2b2-7945-423c-a06c-99f5c65cdea6,Winn,Kornilyev,wkornilyevm6@alibaba.com,Male
7456551c-f2d8-4536-8b56-17f009acd439,Anetta,Caudray,acaudraym7@nsw.gov.au,Genderfluid
02d4247c-8209-4fc8-90a9-2b7efae51ed7,Francisca,Whye,fwhyem8@hexun.com,Female
3c6dea63-1648-41a7-9b6a-4cddc7b8fb6b,Kori,Simoens,ksimoensm9@stanford.edu,Female
b4b1a505-8774-42c9-8162-a807a658205b,Northrup,Oddey,noddeyma@paypal.com,Male
599b0a8b-baff-4ad8-ac87-eab68f99f115,Gunilla,Giron,ggironmb@amazon.co.jp,Female
b36729d0-df0e-43f5-b216-fdf5210eb23d,Babita,Corrao,bcorraomc@cornell.edu,Female
ae77c32a-5376-4867-9e82-c78e9c4e5b41,Thurston,Bleacher,tbleachermd@eepurl.com,Male
60a89503-9f50-4ca0-97d3-ad015329cd0d,Lacie,Wadlow,lwadlowme@twitter.com,Female
5e333696-8302-41a2-aec0-d4f43bd6e493,Maryellen,Hastin,mhastinmf@yahoo.com,Female
74c31cc7-65ed-4022-ad62-419d3993e83d,Susanne,Grabbam,sgrabbammg@wisc.edu,Genderfluid
ec89d3df-47d4-40d4-89f0-37e2d9283ebf,Ichabod,Redrup,iredrupmh@wiley.com,Male
409c85f5-978a-4c9e-a075-39a5c0a1df75,Torie,Cartledge,tcartledgemi@symantec.com,Female
9009144e-6099-4d62-9faf-30793adb250c,Lyon,Pranger,lprangermj@epa.gov,Male
8c14a851-a698-410a-a9a7-04c313d9cb6b,Simonne,Dumingo,sdumingomk@narod.ru,Female
fca1ce11-6581-4e7d-a688-f215ce02878a,Merle,Hencke,mhenckeml@bloglines.com,Male
2a31a4ff-8daf-456d-ab47-167dc0cc4fbf,Smitty,Addeycott,saddeycottmm@craigslist.org,Male
f0ae7141-055a-4c20-85c7-70767a802b6a,Bartlett,Aimson,baimsonmn@furl.net,Male
52c6f2b7-8717-428a-9e44-d88309398ce8,Sile,Lackey,slackeymo@merriam-webster.com,Female
55f9749f-7069-42e4-89a2-61698d92156f,Ranna,Pates,rpatesmp@google.nl,Female
e989bf18-1918-485b-8ba1-ad19a33193b0,Georgeta,McCall,gmccallmq@berkeley.edu,Female
b9bb5177-418c-45cd-a228-5d73d81bef4d,Walt,Lamberteschi,wlamberteschimr@networkadvertising.org,Male
0b671591-6b7c-4bc0-877b-b3ae58743f46,Corey,McBrady,cmcbradyms@fema.gov,Male
35acab99-500c-47c1-8ded-5dff5c6dd6f7,Lorain,Byrth,lbyrthmt@shinystat.com,Female
f3359b67-a587-4ada-a994-9ceeb0f27cbb,Brear,Costellow,bcostellowmu@php.net,Female
8cd77102-9e83-4bf3-8cbf-89bda23dd315,Stacee,Hamley,shamleymv@china.com.cn,Male
9f2566f4-681e-4056-94e1-ac60fba72131,Mehetabel,Cromleholme,mcromleholmemw@msn.com,Female
030b347c-5e70-4e86-8fc6-cc45352a1735,Karlyn,Harraway,kharrawaymx@sphinn.com,Female
157d2ff0-0591-4bf3-8e40-edae10fe3c97,West,Rutigliano,wrutiglianomy@newsvine.com,Male
d50b5462-9d3a-4a85-a95b-f012e2e1802a,Alexandros,Smithson,asmithsonmz@furl.net,Male
e473a271-9fd3-48b5-b5ca-0931c09c4865,Hobard,Barkworth,hbarkworthn0@ucoz.com,Male
e9186953-6e54-40c1-a637-6039ba60bd09,Fawne,Kerss,fkerssn1@cargocollective.com,Female
b04babc5-55be-4987-b386-66abe5ac1cc3,Bobette,Arnson,barnsonn2@godaddy.com,Female
3e943ca1-c3c8-422d-9bd8-0f4d9c5c8903,Elenore,Derobert,ederobertn3@dailymotion.com,Female
dc6e5acb-57d6-4839-9b69-da6a0296fd3e,Beckie,Utton,buttonn4@sciencedaily.com,Female
8cebf717-ba37-475d-a51c-207edbc2d457,Maximilien,Bunny,mbunnyn5@usgs.gov,Male
cd42795f-f680-4294-acce-3ada9f465e30,Claudette,Tomkins,ctomkinsn6@vimeo.com,Female
85b8aadd-76a9-4f68-848e-369ddbf3bf82,Lionel,Tybalt,ltybaltn7@nba.com,Male
f0c2ef1c-e14b-423d-8163-d6bd32a6d6e8,Ronni,Lyttle,rlyttlen8@so-net.ne.jp,Polygender
83f17a59-f54c-4791-8a6c-ae7732fef153,Urson,Hatterslay,uhatterslayn9@sun.com,Male
9a65d042-f27c-487d-9ef0-c68b341cbf76,Zorine,Enevoldsen,zenevoldsenna@ucla.edu,Female
7a362853-6a1d-4f36-8a2c-82d2e425cad8,Melinda,Silbersak,msilbersaknb@imgur.com,Female
9b809e95-4974-40e4-a8d3-be514f501f4b,Jaimie,Fessier,jfessiernc@hexun.com,Male
2b200800-500a-4cd7-a501-e5b2c3167834,Beryl,Deare,bdearend@twitter.com,Female
d2487230-e406-4e8a-842c-77deb623e4da,Blakelee,Braddon,bbraddonne@gravatar.com,Female
c5cd3220-ee7d-475c-99dd-3c20a2860187,Crista,Fishleigh,cfishleighnf@aol.com,Female
3b32510a-813d-489c-a983-1715dcf40e3e,Giordano,Ripsher,gripsherng@usa.gov,Male
b5c64211-a110-4411-ad7a-c2abd27bc83c,King,Trippick,ktrippicknh@noaa.gov,Male
d6febe0e-200b-4f37-a592-30546b3cb689,Gianina,Hollyer,ghollyerni@miitbeian.gov.cn,Female
b6745a80-a3bc-4dcb-accf-0a697fe5ead9,Frederigo,Besset,fbessetnj@salon.com,Male
0c71d5cc-93ee-475c-9caa-e04ef203c438,Shermie,Martynikhin,smartynikhinnk@npr.org,Male
f7298077-1120-42d1-84d5-209a83fa0963,Marten,Vaudre,mvaudrenl@dion.ne.jp,Male
2aa03f19-209a-42ec-af55-ba20da3970a6,August,Purdey,apurdeynm@addtoany.com,Male
75fbb7af-cfcb-478b-bdf3-095025753ddd,Bobbie,Knewstub,bknewstubnn@mlb.com,Female
e1321b94-0b01-4bad-b76b-355e31d5fe37,Dyan,Ashenhurst,dashenhurstno@reference.com,Female
2d0d6d78-3fad-43f3-83c7-c345e18ec9e4,Janette,Lorans,jloransnp@themeforest.net,Non-binary
81ab94d6-c5ae-4b2e-ad4a-75e2ad507be4,Aeriela,Hawyes,ahawyesnq@vistaprint.com,Female
7a0a77d0-8f6b-4749-9a7e-e52187c746d7,Olin,Burchnall,oburchnallnr@myspace.com,Male
7c3fb8d4-75f2-4466-bff2-42505a3aae07,Gabriellia,Woodrup,gwoodrupns@printfriendly.com,Female
ad2bdd6c-4146-4f2a-8bf6-4649f64ccf0f,Noel,Raynes,nraynesnt@npr.org,Male
6980d85d-5d8e-445c-9fe2-b98bb310d4f6,Joellyn,Flux,jfluxnu@opensource.org,Female
94100a91-fd0d-4c13-ac3a-38d63c80b5dd,Georas,Wickett,gwickettnv@msn.com,Male
b9a3f026-8a89-4040-81e3-9a2525e4446a,Bud,Shackelton,bshackeltonnw@1688.com,Male
dfb9c420-e12b-4733-a02b-dd42e31180b6,Avivah,Neasham,aneashamnx@hud.gov,Agender
e3ba971d-1d6e-4b7d-9faf-dcdd5ed42382,Ward,Goodale,wgoodaleny@dmoz.org,Male
459fb4ca-ce75-4fed-9266-041bd9927f5f,Jolynn,Mee,jmeenz@spiegel.de,Female
9028757c-e545-4ce6-99b1-678425da370a,Sheilakathryn,Basso,sbassoo0@zdnet.com,Female
df683de1-bdc8-44e8-b6be-e7bfa91808f6,Rorke,Veness,rvenesso1@loc.gov,Male
5595bfba-fdf0-46fa-b5aa-52891abc1e13,De witt,Lissandrini,dlissandrinio2@dedecms.com,Male
0b949d71-be12-4560-9170-65359e240505,Bail,Guslon,bguslono3@dailymotion.com,Male
49fc8227-5004-40ec-91b8-941f5ce46e2f,Kerianne,Wardesworth,kwardeswortho4@jimdo.com,Genderfluid
b21c8ecd-c9ac-479d-a202-6a153ab8d441,Corbett,Rabl,crablo5@statcounter.com,Polygender
06f7a854-3392-4c4d-8a96-33c6cf3b1811,Biddy,Eskrick,beskricko6@cmu.edu,Female
ae27513e-cdaa-4324-8cd3-5a6a23adec3c,Phillipp,Ceyssen,pceysseno7@twitter.com,Male
3b11998a-d73e-4be3-af91-46b7bdbbef8b,Abe,Cristofalo,acristofaloo8@vkontakte.ru,Male
b1ea9897-0301-4107-b71f-33c1d4f8dbdd,Reena,Coit,rcoito9@google.it,Female
caf6b258-4bde-4b1a-ab6d-353119921c18,Leo,Gheorghie,lgheorghieoa@fc2.com,Male
2a3fb662-6cce-4a38-9a18-64b277fb4967,Germayne,Ellcock,gellcockob@google.com.hk,Male
bca29d6b-cfa6-40fc-ba43-a767c61b026c,Oliy,Aikenhead,oaikenheadoc@newsvine.com,Female
b99ff772-0939-4873-80a8-3184a783b511,Winnifred,Matchell,wmatchellod@dedecms.com,Female
7d65728d-876f-453b-b840-3eedd26c1a43,Germaine,Thandi,gthandioe@mozilla.com,Male
721a18da-22b7-4a34-a812-c1068b18ca0e,Audrey,Rikard,arikardof@cnn.com,Female
d28e5264-27aa-4daa-a72f-075235833113,Hillery,McCuffie,hmccuffieog@nytimes.com,Male
13d3d814-af31-4e46-8991-386deb555cde,Gleda,Joselevitz,gjoselevitzoh@cnbc.com,Non-binary
3fbf0591-3b09-424c-9cdd-9ff2e13efb73,Herrick,Muffin,hmuffinoi@prweb.com,Male
68e99efc-166a-4cb6-b3b2-d68a057a8092,Zeb,Grut,zgrutoj@mac.com,Male
922ca2bc-e654-4dc2-8180-0c45ea18c5f0,Ron,Lamp,rlampok@fda.gov,Bigender
ba991ce2-d948-495d-b4d8-7f2f64b8b799,Clywd,Daughton,cdaughtonol@is.gd,Male
ce3f111a-321a-4ca8-92eb-2630200bba82,Kameko,Cranidge,kcranidgeom@cbsnews.com,Female
15355c99-2d8b-4abd-9c5f-20fe2bb6aabe,Imogene,Nowakowski,inowakowskion@marketwatch.com,Female
8a403035-1c3a-4703-845c-ca506a4ed60d,Roobbie,Melton,rmeltonoo@miibeian.gov.cn,Bigender
b14e05b9-7af8-4e63-b684-62800d03f07d,Claire,Kimblen,ckimblenop@posterous.com,Male
fab2b0ad-4605-4e85-bb85-9ba36c040d2c,Martica,Shelford,mshelfordoq@surveymonkey.com,Female
964eb0d3-4c6a-4281-817d-5ce96a61d18a,Taylor,Axup,taxupor@va.gov,Male
5b898e34-4cae-4deb-b95b-1536f09a4ac8,Emyle,Mirfield,emirfieldos@desdev.cn,Genderfluid
cac5aadb-06d0-4006-8291-b5fec748b9f9,Rebbecca,Fair,rfairot@newyorker.com,Female
4494112f-9156-4065-8b4c-7426eec6ce11,Peadar,Nisco,pniscoou@businesswire.com,Male
d4f6827a-d468-4a97-89d9-1c31a859518d,Jermain,Cahill,jcahillov@sohu.com,Male
5ebed24c-f989-4e72-b865-48cfdbf13118,Rainer,Chasmor,rchasmorow@abc.net.au,Male
31d1ae3f-87f5-48e4-8a77-d6a60562cf7a,Rosita,Shimuk,rshimukox@webeden.co.uk,Female
7f51d0db-adb4-41df-a215-a09ba89b0a37,Joete,Povah,jpovahoy@feedburner.com,Female
ab04dd89-41e8-4607-b853-cd3e5061cabb,Scarlett,Calan,scalanoz@uol.com.br,Female
66adbaf0-18c7-4fa8-9e9e-656e5eea6e23,Eileen,Brownsill,ebrownsillp0@epa.gov,Female
6d87df84-36c6-415c-a774-3409082e82ff,Teodoro,Losselyong,tlosselyongp1@statcounter.com,Male
3908d51d-ceb3-4ed8-ac21-8de969e06033,Renelle,Yearsley,ryearsleyp2@altervista.org,Female
da1cf358-e183-4bab-8aad-b0860ae4799c,Carolan,Cargo,ccargop3@deviantart.com,Female
4c3c0cf9-6ce0-4fbf-9641-705c3346698d,Dalia,Cliburn,dcliburnp4@pbs.org,Female
1c5b0b20-e713-442b-be0c-b08155673bf5,Anny,Paish,apaishp5@addthis.com,Female
5f491068-cdea-471b-ad9d-33d3212e4356,Nikita,Hudspith,nhudspithp6@hatena.ne.jp,Male
dd3ff3f0-ed90-4666-9723-4c1ffcae44ad,Jenifer,Pawel,jpawelp7@boston.com,Female
dfae42d4-9bf8-4a26-9403-573819b5ae39,Dore,O'Cridigan,docridiganp8@illinois.edu,Male
38085d89-bb36-4139-8020-553cfbab0737,Christy,Bossel,cbosselp9@shop-pro.jp,Male
00e183da-4eb2-41bb-9197-e6f98fb6ed54,Zed,O'Hartigan,zohartiganpa@springer.com,Male
f5cf7567-dba4-47ce-b0e4-5d549c93e603,Raimondo,Gadsby,rgadsbypb@bing.com,Male
33e4e9c7-dd2b-40ac-8070-f9544d23a41a,Rudiger,Filpi,rfilpipc@shop-pro.jp,Male
791eeecc-afe0-488c-94f2-43caabe46990,Geraldine,Wildbore,gwildborepd@reddit.com,Female
361852c1-657a-491f-8135-23557a4c9b71,Chauncey,Delafont,cdelafontpe@aol.com,Male
5a1a87ac-fba1-4508-b6f3-b7f13e3c0e8b,Chandal,Bakes,cbakespf@aboutads.info,Female
d1485664-dcf9-4446-b1de-96d675c53097,Archer,Dudenie,adudeniepg@cargocollective.com,Male
3191e55d-39e4-4a1a-ba97-626cb32ffee1,Sancho,Harflete,sharfleteph@phpbb.com,Male
17f69754-58e8-48e5-acb4-21ab72f1a10c,Lillis,Sear,lsearpi@wordpress.com,Female
7f622900-695c-47e9-8757-734fcc7e513b,Goldina,Fellows,gfellowspj@vistaprint.com,Female
14c2285a-21c5-46b7-81ae-6b6b98301c91,Peggi,Gridley,pgridleypk@merriam-webster.com,Female
3f811fef-4c23-4778-841a-ae21b184df57,Horst,Greenman,hgreenmanpl@google.nl,Male
5beef930-0361-4e39-a34f-5ccd2e2959f3,Lilla,Kegley,lkegleypm@dedecms.com,Female
5ffa1ba5-7c68-4a20-b69f-9f5cf1d9aff6,Manny,Gooders,mgooderspn@unesco.org,Male
d3c57143-f089-4524-8c37-e3200563259c,Cointon,Hubbock,chubbockpo@time.com,Male
5ad07abf-f78b-4b43-bb43-ea498ce171e6,Pennie,Filon,pfilonpp@virginia.edu,Male
db68337a-4b70-4428-989d-6d0cd0bd7c80,Carmella,Vanyukhin,cvanyukhinpq@mtv.com,Female
6e0fcb77-1483-4950-a084-eb55a3537773,Lucita,Fipp,lfipppr@lycos.com,Female
547e96ac-213b-4f29-bf82-8edf0602ff13,Ronny,Beaney,rbeaneyps@facebook.com,Male
b610fcb3-0edc-436e-974b-b39f64acbb45,Elliot,Boyan,eboyanpt@prnewswire.com,Male
904d18c7-79d3-4bb3-a493-9c32da7a65a9,Whittaker,Jaycocks,wjaycockspu@w3.org,Male
878859f5-eddd-4f9b-824c-731ac5bd0c76,Brittan,Digman,bdigmanpv@drupal.org,Female
f02012a4-1cbc-4c1b-9e23-b560c894ac81,Aubrie,Sarfass,asarfasspw@seattletimes.com,Female
bddec080-19de-4c87-bd7a-0b7114bdf9eb,Wendel,Verlinden,wverlindenpx@storify.com,Male
d279b820-4a02-45d9-b5fb-0b4d8e5b0d3e,Bonnibelle,Keener,bkeenerpy@eventbrite.com,Female
10fb2ccf-647d-4e27-892e-3c3964e94240,Beauregard,Croser,bcroserpz@census.gov,Male
c8f31fbb-3a7e-4282-9b69-aa5397181ada,Ermanno,Ravenscroft,eravenscroftq0@statcounter.com,Male
ed7cd10c-7253-470c-97cc-673a66067e70,Giles,Creus,gcreusq1@nbcnews.com,Male
71d2d001-c850-44aa-861a-9b3943bfbf08,Gwenni,Caton,gcatonq2@cnbc.com,Non-binary
dd65d403-25a1-46c4-aef5-6b5aadba6ebc,Letti,Brownlee,lbrownleeq3@last.fm,Agender
e67261f3-26c8-4e29-b653-52d0a095ba8a,Kristi,Scarlet,kscarletq4@mashable.com,Female
a7396f56-d3c0-4970-a251-d81c31a1141a,Avril,Scawton,ascawtonq5@com.com,Female
299d9c85-6600-40ff-a5d2-bc7ce232446a,Carey,Scholard,cscholardq6@ebay.co.uk,Male
ae7867be-a7a7-444a-a771-762a27083a6b,Bradney,Di Antonio,bdiantonioq7@multiply.com,Male
5dddadb4-a36e-4869-8180-ed65f47d500a,Eliot,Silbert,esilbertq8@cnet.com,Male
358531f2-d55d-4ed8-b283-81339d3f9947,Carole,Van der Brug,cvanderbrugq9@indiatimes.com,Female
8ebbf448-1b86-415e-94b8-0d8c3ef7aefe,Jessie,Oliveira,joliveiraqa@soundcloud.com,Female
88fcb67d-4969-46e1-8d12-d1ab38432f53,Case,Gegg,cgeggqb@instagram.com,Genderqueer
95f8ae96-435b-4b8a-9410-0ce13044b629,Aggi,Johncey,ajohnceyqc@stumbleupon.com,Female
2be6f399-f3b1-448d-90e1-585d05c68c9c,Willa,Gilson,wgilsonqd@delicious.com,Female
0cef7c93-6daf-40ce-9e9f-e84ae9510a6b,Eustacia,Andersson,eanderssonqe@lulu.com,Female
4b0b5f69-4b8a-4285-ad1e-be66d8ed61e9,Shirley,Markus,smarkusqf@umn.edu,Female
35735c66-a46e-4c92-9992-bdcdb1c1f5e7,Ellyn,Pennetta,epennettaqg@salon.com,Female
018ff3b7-58ac-44b5-b657-2af43fd85e65,Cornelia,Brash,cbrashqh@naver.com,Female
3eb274db-3605-4804-8dff-7e92b7b34dff,Rowen,Riddell,rriddellqi@washingtonpost.com,Male
c8bc691c-9784-4f87-b7b4-811baff1d8c5,Cyndi,Raynham,craynhamqj@goodreads.com,Female
5a0895d4-a041-4632-850e-9059b634a721,Sigismund,Falkus,sfalkusqk@zimbio.com,Male
f54a866c-c41b-469c-a847-53e76a19462f,Brian,Brellin,bbrellinql@telegraph.co.uk,Male
ee1e1083-d95b-4f12-b727-b489d051bfef,Stephan,Heibel,sheibelqm@virginia.edu,Male
15715f58-2a56-47d0-83f1-6a27d31cd0e5,Dorey,Tomisch,dtomischqn@hugedomains.com,Female
3b5fd702-31f4-4543-9284-8c3b31b16edb,Lancelot,Galland,lgallandqo@twitter.com,Male
1fc1f583-138a-4755-a70c-82c911e2c43f,Pauletta,Smithend,psmithendqp@topsy.com,Female
a167f941-4528-4681-99d4-5ae82c9c145d,Tiffanie,Antushev,tantushevqq@jalbum.net,Bigender
43f6bbd3-ff19-4da7-a5c8-1be29518cadd,Rozella,Cunio,rcunioqr@addtoany.com,Female
9e0fbda3-3109-4376-86aa-761335e37373,Carmella,Bertot,cbertotqs@geocities.jp,Female
0fcafec0-ecff-4385-be7c-c8435ee8676d,Cecilia,Jalland,cjallandqt@vinaora.com,Female
0140bc8f-23e2-4bfb-8075-8f7e99873dd0,Scot,Peres,speresqu@newyorker.com,Male
de2984be-5650-4e95-be17-7197c07d6522,Gaylor,Dabnot,gdabnotqv@bluehost.com,Male
ba3df81d-fc41-4516-af4e-13a0fae36d14,Eleanore,Coleridge,ecoleridgeqw@so-net.ne.jp,Female
338a5df7-f89d-4270-beff-7198f7dc5d2b,Carlen,Cubbini,ccubbiniqx@chicagotribune.com,Female
48066aa2-dc57-45d0-9119-e21eb60c5662,Kimberley,Bartalucci,kbartalucciqy@odnoklassniki.ru,Female
8a2c3711-a762-457d-af90-dc0cefdf4fad,Orren,Moreton,omoretonqz@apple.com,Male
b55db185-1bc0-4775-a9fb-3baa8d99d5d7,Austin,Silberschatz,asilberschatzr0@sogou.com,Male
1d88e9e2-aa08-423f-aac9-492416d33eb0,Yasmeen,Jewell,yjewellr1@mozilla.org,Female
2f2a72b0-6a66-4d2a-909c-7c7c8e143348,Belicia,Tabourel,btabourelr2@mac.com,Female
7f5527de-17ce-489d-8f2c-558ec81165cc,Miltie,Oppy,moppyr3@senate.gov,Male
04d9d77e-77bb-414d-be08-8e254ef9de99,Nicky,D'Hooghe,ndhoogher4@usatoday.com,Male
019810e9-6251-448a-b47b-5f4a699ec984,Moll,Bawdon,mbawdonr5@mlb.com,Female
51c53551-c039-4a1a-9b93-04058c5c31d4,Pavia,Scurfield,pscurfieldr6@elegantthemes.com,Female
6a97ccbb-2139-4a06-9d91-abda795f73d6,Gail,Belfield,gbelfieldr7@eepurl.com,Male
9e749cca-a1c5-4d97-8c42-d3a2ae10b9fb,Ford,Learie,flearier8@virginia.edu,Male
83b99bde-a474-44cf-b941-094dff422a2c,Margaretta,Creamen,mcreamenr9@about.com,Female
2dcda9d0-1b84-4cd5-baa2-5fbe3a64b595,Alidia,Beardsall,abeardsallra@blogspot.com,Female
c1e28b90-7298-477e-839a-faf92cc8522f,Gay,Lambole,glambolerb@senate.gov,Male
fec97c2c-8ee8-4d70-88b8-3e5b68092cca,Eliot,Hannabuss,ehannabussrc@mayoclinic.com,Male
465499ff-635e-46cc-8d50-cf82cb2902ca,Constantia,Chace,cchacerd@mediafire.com,Female
a11c5eb6-9292-46c8-bfbe-51e611fccb5c,Karl,Reisenberg,kreisenbergre@phoca.cz,Male
850bd238-e9a1-42fe-a130-58ab54f80dcf,Sissie,Cunnane,scunnanerf@godaddy.com,Female
c69f13ac-a3b1-40ef-9a18-0a5f2fb3812f,Jillene,Beldon,jbeldonrg@yellowpages.com,Female
073ed706-124b-4f27-97a2-0803d9d64f8b,Archer,Glawsop,aglawsoprh@arizona.edu,Non-binary
d80301c1-d4c9-4b42-b8c1-07956062d120,Antin,Haycraft,ahaycraftri@privacy.gov.au,Male
c268ca07-ea68-4e63-a3ee-acfce8dd7099,Carissa,Curedale,ccuredalerj@surveymonkey.com,Female
fc1cd38d-c0d4-452c-af10-62ba24ae26f9,Bay,Guerry,bguerryrk@technorati.com,Male
509989a1-000f-4a5f-9794-60ab6635def1,Melanie,Eliesco,meliescorl@vk.com,Female
62f46b65-25f6-4eda-979b-5ea6b442d6cd,Fletcher,Seson,fsesonrm@google.com.hk,Male
0ce42578-96f2-41fe-845e-e475385b414e,Cullin,Abarough,cabaroughrn@free.fr,Male
669ee0e1-4755-4456-95f5-b66f16bcb02c,Simmonds,Callender,scallenderro@360.cn,Male
153a5a91-f311-4662-88b3-f6a335fb4301,Rey,Godsafe,rgodsaferp@symantec.com,Male
4d3ec014-861b-4fcd-8414-ab72f77e00f4,Florette,Moncreiffe,fmoncreifferq@infoseek.co.jp,Female
68e7f2de-8fb0-41ca-84b9-a5c64349fd9f,Alexandrina,Van der Veldt,avanderveldtrr@newsvine.com,Female
