id,first_name,last_name,email,gender
87a9d9dc-7910-4a49-acec-62d6b38802fe,Henderson,Gamon,hgamon0@ibm.com,Male
5b06eca0-74aa-49b9-99b7-338491ca01f2,Josselyn,Grichukhanov,jgrichukhanov1@time.com,Female
d29c1e7c-b9bc-44a0-825c-52869f5dda9b,Gare,Whistan,gwhistan2@arizona.edu,Male
77316175-46c2-42a3-a6f3-c0b1bb56ad34,Cooper,Andrysiak,candrysiak3@globo.com,Male
838238f4-5c3b-4293-8716-831b43fcc8e6,Lurette,Bruckmann,lbruckmann4@wordpress.com,Female
dab48c99-c33f-4b79-85fe-a0ca25392cbc,Blane,Doerling,bdoerling5@slashdot.org,Male
6a6e0738-33cd-4a89-a7f8-19034b406d00,Aileen,Stubbin,astubbin6@marketwatch.com,Female
149c0022-5d66-4745-b8c3-cf84e78ff5c2,Ashien,Satchel,asatchel7@delicious.com,Female
3abe0546-4e1f-4e26-a3ae-43976af82a8e,Pennie,Males,pmales8@google.com.hk,Male
082c2d21-cca5-4ab0-8dbe-795c8e254cce,Oliy,Delnevo,odelnevo9@wikimedia.org,Female
76404c18-9019-43de-b8b0-9a25bfcb0544,Pace,Crake,pcrakea@hhs.gov,Male
3f028899-0beb-44f8-8664-3013e435f821,Pepillo,Halpine,phalpineb@bloglines.com,Male
a3bf438f-76e5-40fd-be7f-7ea34a1770bf,Clair,Kearley,ckearleyc@state.tx.us,Male
9453e778-0dfd-4c6a-a65a-4abbf28e1632,Sigismund,Underhill,sunderhilld@eepurl.com,Male
fbc206d3-0cb7-4a83-b91b-9e4830cb5036,Eva,Heinl,eheinle@toplist.cz,Female
dd780854-1aac-4a03-8a0f-e277ee5dee46,Richart,Drew-Clifton,rdrewcliftonf@nydailynews.com,Male
f90f6273-6d80-4d09-9559-1b209172b847,Maye,Arnley,marnleyg@friendfeed.com,Female
61a595bb-2b6d-48e5-a2e7-21ab6390de55,Nathan,Abbati,nabbatih@shutterfly.com,Male
8cf8589b-2054-4248-bb14-b2bd0a441714,Sydelle,Clilverd,sclilverdi@state.tx.us,Female
fb439a03-7ae4-4f2b-9e9f-4cd530dd5e6e,Cheston,Aldritt,caldrittj@ed.gov,Non-binary
7516aee8-a8c6-4565-a78c-bb554c38d38a,Twila,Collop,tcollopk@sakura.ne.jp,Female
35f8f499-c13d-46c1-ae93-9df7771ead4e,Sydel,Rapper,srapperl@dedecms.com,Female
93798990-4057-416a-8cdd-1d7e80e45e47,Sidney,Spatarul,sspatarulm@i2i.jp,Male
07a47987-8ff6-476b-bb91-815f5672dc8a,Caesar,Watkins,cwatkinsn@google.cn,Male
7e23c889-4580-42e6-aa08-2284c8b5bd01,Berty,Mingay,bmingayo@nps.gov,Female
b5daef29-34a0-43e8-aaf2-33c6fa4eb0c7,Cherry,Worrell,cworrellp@usatoday.com,Female
ff6a5676-ddba-4dbd-a212-2759bccac7a1,Jerri,Meas,jmeasq@example.com,Male
346d7db4-b46b-493f-a37f-780c26a73e3b,Ailis,O'Fogerty,aofogertyr@ucla.edu,Female
09a3dda2-0c5b-4687-ab7e-5bce040cdfb9,Margareta,Bidgod,mbidgods@un.org,Female
c3397b2e-4aa4-45a7-9a31-3b426c721404,Hamil,Gething,hgethingt@artisteer.com,Male
3864c211-bb01-40dc-955f-3dc384771e7b,Myrvyn,Swatton,mswattonu@sciencedirect.com,Male
bdb7d094-a51f-4e1c-9957-4d6f8191dc5b,Hollis,Predohl,hpredohlv@google.pl,Male
56b75a00-b374-44e1-8b2e-3c6f7c1f463d,Perice,Meigh,pmeighw@miibeian.gov.cn,Male
f70ae6bf-a1cc-4b15-bb8f-1f467aa940d8,Alonzo,Condy,acondyx@i2i.jp,Male
22d02c2a-4f97-48bb-98ac-67073e0839bc,Joey,Warlow,jwarlowy@altervista.org,Male
4e163e70-2700-4257-99c8-47b360d674a0,Jolie,Hurdle,jhurdlez@nytimes.com,Female
4b292ca8-0666-43de-8cb1-7a78ec9ad3b4,Charin,Knibley,cknibley10@slideshare.net,Non-binary
3b6dd97b-547d-4dd6-bd33-6558d78e09c2,Kacie,Livesley,klivesley11@lycos.com,Female
8fad8dbc-888a-4ec6-998b-0ad2dfa71ec0,Ninnette,Bartholomieu,nbartholomieu12@yellowpages.com,Female
40c0b6dc-2106-4142-a3bc-7c1d435c39ed,Elsa,Cruddas,ecruddas13@yelp.com,Female
1db5967f-cc9a-4e06-80c7-726047b31976,Winfred,Natalie,wnatalie14@histats.com,Male
b5daafbf-030a-43f6-933b-fd6bdbd7baf9,Rudolf,Brigman,rbrigman15@parallels.com,Male
d0ab12b4-3e8e-4b32-bb1b-25a0bd912be0,Hanni,Ladel,hladel16@networksolutions.com,Female
d5e13298-7c9c-47c5-b357-f48930ff3183,Salem,Boleyn,sboleyn17@baidu.com,Male
a66666b3-8560-4e51-ac0c-4dce9d77ed34,Cornie,Bilsford,cbilsford18@weibo.com,Female
a81c5b95-3118-4386-8a3c-06fb354fb890,Kamila,Heibel,kheibel19@wix.com,Female
cfae4590-91ec-4606-8f4e-0503e9b38077,Braden,Kerfut,bkerfut1a@blog.com,Male
05973664-fa2c-41f5-9e5c-8c7c3933f66a,Gian,Ablitt,gablitt1b@usa.gov,Male
81324040-71e5-49a8-b11e-4a6181481051,Melinde,Blakesley,mblakesley1c@slashdot.org,Female
e2c87332-6889-4e73-baa3-db3060682200,Roxie,Iwanicki,riwanicki1d@sogou.com,Female
946ca9a9-17fe-4eda-a1ca-22ddcf156d27,Ania,Wilsee,awilsee1e@java.com,Female
f441937d-8869-46f1-85dd-64e88df152dd,Yorke,Ranshaw,yranshaw1f@skyrock.com,Male
c80774f7-b6db-4488-9df4-9fd6accdabd2,Ives,Boorer,iboorer1g@ucoz.ru,Male
53b4a632-1469-448a-b1e0-9309c92efa43,Barbe,Mitchely,bmitchely1h@shinystat.com,Female
5aef728c-fe4d-47e1-a439-dce6795c5a83,Katy,Minchell,kminchell1i@diigo.com,Female
417de870-15ef-42e5-a154-51e9ed97c5a3,Katlin,Velasquez,kvelasquez1j@va.gov,Female
259e5132-4e9f-4fc2-bea1-c8fb28b577d1,Whitaker,Bourgour,wbourgour1k@narod.ru,Male
2000220e-d456-424b-8918-1dcd25e11623,Chaddy,Shirland,cshirland1l@about.com,Male
bbac7ec2-7d21-4ad7-9b87-15253b2eb046,Jazmin,Abbatini,jabbatini1m@php.net,Female
381f3768-b7be-43ad-83f1-d7f8ccbe7337,Paloma,Snassell,psnassell1n@google.co.uk,Female
6184bcea-b39d-4fda-9fb7-7ff299b7d1a6,Albrecht,Laroux,alaroux1o@ning.com,Male
0055b180-bed4-481c-bb32-1c85c929e754,Anthea,Starkings,astarkings1p@php.net,Female
12984201-1ad6-4aac-b6be-9476c94f2d03,Gonzalo,Summerskill,gsummerskill1q@sfgate.com,Male
ea055355-61ec-4b41-b538-f08e535939d6,Gardner,Caren,gcaren1r@booking.com,Bigender
d4cb8499-e490-4654-9b4f-c46bbcf9783a,Blakelee,Venturoli,bventuroli1s@ca.gov,Female
b9c00a1f-e05b-4a8b-aa12-880aae6c4f4f,Nataniel,Saywood,nsaywood1t@issuu.com,Genderqueer
4fdb425c-4834-414f-ba1d-6b52a966c03b,Woodrow,Gheeraert,wgheeraert1u@shop-pro.jp,Male
329125d1-0c6b-4bf2-a69b-5dac959b2603,Amity,Koppke,akoppke1v@xinhuanet.com,Female
64a3e899-6756-4efa-9336-e7657469eefe,Dolli,Cornils,dcornils1w@dion.ne.jp,Female
250eed49-4a49-4514-ba77-932eaa8e4796,Brunhilda,Wharfe,bwharfe1x@ehow.com,Female
8e3fe5df-a573-4337-9637-78d73d36381d,Anna,Gadd,agadd1y@cnn.com,Agender
11c218f5-b2eb-4c5c-b0df-d9eecb52ec3d,Onofredo,Cantrell,ocantrell1z@rakuten.co.jp,Male
572db669-7cfb-4e80-8c8d-c5802060a4a3,Dina,Dursley,ddursley20@who.int,Female
4012b1d7-16d7-415e-8a3c-ba4dfd9560e3,Aurilia,Bertomieu,abertomieu21@ca.gov,Female
06418e51-fec3-429e-ba87-39c477432cf1,Bennie,Brammer,bbrammer22@europa.eu,Female
b8f46370-3db1-4494-b922-4d78563b4160,Alyssa,Banat,abanat23@sciencedirect.com,Female
d624f0c9-00f0-42c4-99ab-97e0c9a64f3a,Marietta,Andryunin,mandryunin24@soup.io,Female
ea9a86bc-2538-4d7e-9601-e787c93b9c38,Roda,Simoncelli,rsimoncelli25@dion.ne.jp,Female
a283e5e2-7227-48e4-a02f-2431948e0a14,Blondelle,Kingzet,bkingzet26@etsy.com,Female
f3303fbf-c026-4ab1-8af9-90199a6c8791,Rora,Davy,rdavy27@statcounter.com,Female
d91f2b86-41e1-4e4a-a695-c1ae009f2320,Reggie,Haddick,rhaddick28@github.io,Female
de35f264-cd0a-4932-99d7-699f04226368,Michelina,Uzelli,muzelli29@lulu.com,Female
e61179f9-b65b-424e-b32a-517f580b1cec,Brnaby,Pfeuffer,bpfeuffer2a@yahoo.co.jp,Male
5b643f63-f57c-41c5-811c-b61816176dbb,Gris,Kitteridge,gkitteridge2b@diigo.com,Male
5cfd5c9e-4b96-4c24-8c8a-16838530ccf1,Janeta,Loche,jloche2c@intel.com,Agender
231ddeb5-7300-4d7a-9089-6dda2d17460a,Scottie,Routham,sroutham2d@360.cn,Male
869211da-eb31-4e4c-a8e3-3fdbe93d9c82,Terrill,Quilty,tquilty2e@dion.ne.jp,Male
c0c04375-c2eb-407f-a355-5f276d677086,Zarah,Neilus,zneilus2f@fda.gov,Female
1a24907f-e50e-40c5-b01d-74bc03e6b9bf,Laurena,Pascho,lpascho2g@amazonaws.com,Female
0f061219-b6b2-4fc3-96c5-d898829ac6b2,Alexander,Trusse,atrusse2h@army.mil,Male
229204fb-c3a5-4664-9d86-261b22a98063,Ewart,Tidbald,etidbald2i@twitpic.com,Male
3d9d2b08-0f16-4106-a15c-82d9f67b3419,Ramon,Cluse,rcluse2j@printfriendly.com,Male
e86a34b8-a948-48cf-bc65-16efc59df7ff,Arlena,Oneal,aoneal2k@com.com,Female
b3de1999-fdb9-4c37-ada7-ac5795f8ff42,Minerva,Bradburne,mbradburne2l@webnode.com,Bigender
9fbb82bb-a175-4619-a825-57a9ce7a0ceb,Emera,Ostler,eostler2m@uiuc.edu,Female
67119f54-3196-4b8e-936e-efc0e6a4aa25,Ethe,De Roeck,ederoeck2n@cnn.com,Male
e924f5b2-3f6f-492c-969b-010697160223,Alix,Cookes,acookes2o@narod.ru,Male
3bc06535-9949-4f1a-a41c-9afa540f7f47,Gradey,Shackel,gshackel2p@nifty.com,Male
63b144c0-a973-46f8-a45b-8ae2ebfe7dab,Katya,Simondson,ksimondson2q@bluehost.com,Female
c12af338-7c49-403b-bb8c-a8484bb1c25a,Inge,Vernon,ivernon2r@redcross.org,Female
2097a17f-5fa8-4cc8-813c-efb621a35a9a,Krissie,Langston,klangston2s@google.fr,Female
e3404978-ae9f-4371-9a63-38c563cb8d80,Brock,Boylund,bboylund2t@businesswire.com,Male
17cafd0a-0f3c-43f3-8e16-00e0964bd3ed,Winifield,Muckersie,wmuckersie2u@theguardian.com,Male
911ae0de-77cb-4cf2-8adf-4c3ec2d59fb9,Haskell,Housam,hhousam2v@cocolog-nifty.com,Male
b0fbfe5c-cd5c-4340-8640-9a2ae21a5c1b,Viki,Streeter,vstreeter2w@ovh.net,Female
5b25a3da-0bb8-4205-96e1-bd971f15f228,Ilsa,Bosanko,ibosanko2x@adobe.com,Female
a56fe485-0d0a-4dbc-b050-4d5cd4898e20,Charmion,Gueinn,cgueinn2y@privacy.gov.au,Female
9109bb82-801b-4717-b73b-a622482d0274,Cesar,Ends,cends2z@gravatar.com,Male
5e97be9e-9109-4e8f-96a5-6df09adf7d29,Zulema,Davie,zdavie30@lulu.com,Female
13b2a0da-af69-4b9f-a5f7-3de66643c0aa,Gottfried,Buick,gbuick31@si.edu,Male
32fb0dcb-fb92-4bfa-9de7-06c05eab7489,Thoma,Pryde,tpryde32@ca.gov,Male
04554d60-70e6-4de1-b236-c54be2c5c008,Raynard,Last,rlast33@scientificamerican.com,Male
4c5e00a4-96fe-4324-a7c9-9c0e4a3ae1f9,Haskel,Vowels,hvowels34@miitbeian.gov.cn,Male
7b8e9d74-f0bd-4ee3-8081-9fb469775464,Sidoney,Tuffs,stuffs35@stumbleupon.com,Female
11b1ea8d-d1cc-416a-b080-cb7fc2ed1168,Margarette,Jancy,mjancy36@dedecms.com,Female
fd92104d-156e-4c54-a495-bc5d95359652,Marilee,Aaron,maaron37@engadget.com,Female
4e12c885-da1f-4d4b-a5dc-25dc1046d66d,Smitty,Saltwell,ssaltwell38@tinypic.com,Male
015d029c-16de-41c0-b623-6ab4d05baf50,Pauletta,Stride,pstride39@java.com,Female
2f631407-188e-4fb2-8b53-c1c187da9c5c,Alys,Ewan,aewan3a@wsj.com,Female
137d56d5-f62e-42de-b70c-3f36d0d1a8c9,Giffard,Boteman,gboteman3b@amazon.com,Male
61e7c8ba-e549-436e-9135-f06138f2e910,Nick,Hulk,nhulk3c@who.int,Male
7bf6e044-60f9-439d-ac92-84e56ae3e358,Merell,Sealey,msealey3d@slate.com,Male
15f2dd19-6d50-43dc-b549-8cd4a01d9110,Renato,Maureen,rmaureen3e@illinois.edu,Genderfluid
82ed27d4-9268-4c1e-9bb1-56e3c2631c7e,Margo,Danneil,mdanneil3f@apple.com,Female
3ecb576d-126e-4c76-9492-96ca2548ddf8,Aldis,Barus,abarus3g@yelp.com,Male
983db27f-d1ce-4bae-839e-485c4b200793,Asher,Gonzalvo,agonzalvo3h@fotki.com,Male
489a0123-4060-4d4a-954e-f4dd3e386d6e,Omero,Swadlinge,oswadlinge3i@csmonitor.com,Male
be17bf1b-6f78-4f30-bde1-b184bc9328c7,Cecelia,Whatford,cwhatford3j@discuz.net,Female
017c9ed4-f197-4e84-a17e-b4d7809fbbca,Bibi,Armytage,barmytage3k@studiopress.com,Female
69df691c-a455-4735-b2bf-10bf0e5c842f,Calhoun,Bodd,cbodd3l@cloudflare.com,Male
720e1ced-fd39-4035-ac7d-18ed66c8bb06,Tybi,Boost,tboost3m@omniture.com,Female
fec4baab-0940-4f06-8adc-9a3c9992f13d,Almira,Lindhe,alindhe3n@seattletimes.com,Female
84284d95-2ad7-4a13-9f31-40f1b7cff6d9,Georgi,Padrick,gpadrick3o@hatena.ne.jp,Male
ae5d097c-84c3-4209-8a30-a5ff5d5ccef5,Kahlil,Maidlow,kmaidlow3p@disqus.com,Male
e9b3d1ab-b0a9-44e2-a435-658b47f21ab4,Gideon,Thornthwaite,gthornthwaite3q@sourceforge.net,Male
1e747bf5-bd6e-44a7-aeaf-ca11994d170c,Buddy,Andretti,bandretti3r@vistaprint.com,Male
816e1c48-f5fd-4d0d-bf5e-9b5edc910954,Marlyn,Korb,mkorb3s@unesco.org,Female
4b9ea171-6e0e-4e4f-ab66-210e9b6fc047,Beckie,Lapworth,blapworth3t@yolasite.com,Female
ff51a638-0087-49ac-ac64-dbda88226dd4,Corey,Isakovic,cisakovic3u@fema.gov,Male
0e9db887-05f6-452b-9468-bde8e2a50b4b,Zelda,Mathews,zmathews3v@ehow.com,Female
a778477a-f12f-407d-aaa8-b285b2feda3c,Teodor,Duffill,tduffill3w@squarespace.com,Male
bfbe7aa7-1ec9-4f0d-a7ca-da0fdb4d0106,Latashia,Shakesbye,lshakesbye3x@odnoklassniki.ru,Female
87070f94-e68b-42ab-96f1-66f96dd30793,Gregory,Bouskill,gbouskill3y@yellowpages.com,Male
ee72e817-8371-4218-ab1d-d727b22a03af,Jerome,Shewry,jshewry3z@wikimedia.org,Male
b011adcd-41b4-4d53-bfea-e362f7bb4bb6,Elsie,Laybourn,elaybourn40@surveymonkey.com,Female
1a3bfd51-8513-4581-8b1c-ec74d5641790,Neil,Wager,nwager41@webnode.com,Male
cb4c4974-5c5b-4bf4-a9c0-62f49557b9ca,Nowell,Tucsell,ntucsell42@bing.com,Male
bfed239e-2e06-4899-bd50-77874d09f32a,Adolf,Biasotti,abiasotti43@tumblr.com,Bigender
32af68e8-9a9e-457e-8b86-1162601e1ec5,Costanza,Ovell,covell44@seattletimes.com,Agender
2cd34c60-ed65-42d3-bc5d-1b9832fba35c,Ardeen,Munby,amunby45@youtu.be,Female
b3c4a434-a1fe-4487-ad45-701100a8b874,Tamara,Deinhardt,tdeinhardt46@webnode.com,Female
bd5835dd-bfde-452e-93ed-4fe3c9227e9a,Letitia,Cianelli,lcianelli47@netvibes.com,Female
ee03a4ad-f880-48fd-b196-b874c71d7dac,Torrance,McCaughran,tmccaughran48@prweb.com,Male
a4b833e7-8ac0-45a5-ac85-91da116c9d9d,Corey,Zima,czima49@spotify.com,Agender
e110e21c-ac81-4409-9b92-d63ef4b9c597,Tobe,Bunner,tbunner4a@instagram.com,Male
74c0d8ab-55f2-47cc-95ce-02d840556068,Blondie,McGaffey,bmcgaffey4b@taobao.com,Female
9f8edf7a-8b76-4e63-9cc1-09f99386c0a7,Yancy,Larkworthy,ylarkworthy4c@altervista.org,Male
92542916-f8f9-4621-8a16-d9e1f44a6e67,Eric,Skilton,eskilton4d@reference.com,Male
9f665304-84da-4966-a0fb-276a10e727b5,Robinet,Gilks,rgilks4e@addthis.com,Male
f721f743-e76f-4f74-9976-d5b473a51660,Boycie,Prettjohn,bprettjohn4f@ucsd.edu,Male
5c8a74c6-7e44-4237-b02e-50724ec4d9cb,Sonia,Wonfor,swonfor4g@wisc.edu,Female
71a73c03-1129-49f7-8172-b8df4b05b6c8,Corby,Gadault,cgadault4h@t.co,Genderqueer
f6f135f5-d744-44e5-b18e-7bde8ada21b6,Kalinda,Lazer,klazer4i@microsoft.com,Female
77d5e4c9-1825-4b33-914b-28bad2c23428,Rossy,Vargas,rvargas4j@hao123.com,Genderqueer
f767836e-be4d-44ee-8eb4-6c8cf237c664,Addison,Bellany,abellany4k@skype.com,Bigender
902387ef-3064-425c-a3f4-1b08ad20276f,Langsdon,Kiggel,lkiggel4l@bbc.co.uk,Male
df01e40b-1ad2-401b-a840-ef41999b291a,Rodrique,Mussotti,rmussotti4m@themeforest.net,Male
6eb1950a-5a1d-4c97-9845-008c24674245,Carlen,Odde,codde4n@adobe.com,Female
2d3bb2f1-0d14-4cdb-a293-e86dbdf9f9fa,Hersch,Willavoys,hwillavoys4o@marketwatch.com,Male
ba38fe32-8b8f-4574-b9df-3bb3d3ac5c94,Dael,Denyukin,ddenyukin4p@telegraph.co.uk,Female
92b64f09-f1ea-4a88-820a-481f7174bc50,Patrice,Spolton,pspolton4q@flickr.com,Female
241a6139-379c-4281-babf-b138a428b5e6,Marie,Ghidoli,mghidoli4r@ucoz.ru,Female
73001f90-72e5-4c33-a8ff-e303a6f895d3,Jermaine,Nutkins,jnutkins4s@nbcnews.com,Female
8145fa82-ed4e-4bc7-8998-75be6eac8561,Happy,Crummay,hcrummay4t@wunderground.com,Genderqueer
aaf4bc99-56fe-4d2b-ac3e-a2a095416d2e,Nananne,Novello,nnovello4u@mail.ru,Female
ea7857d2-87d8-450f-acc9-f3867abf43e1,Krysta,Keesman,kkeesman4v@example.com,Non-binary
5f3f18c6-ec41-4495-ab0c-4caf763ec5d7,Eldridge,Stapford,estapford4w@whitehouse.gov,Male
97b753bd-557c-47e5-8767-d584d8666fa5,Base,Cambell,bcambell4x@hud.gov,Male
f8157c81-459f-4d5f-9d11-d5fa70fa4571,Estrella,Doddemeede,edoddemeede4y@nhs.uk,Female
f080d53e-6616-439d-befd-f209eea3470c,Marietta,Bairnsfather,mbairnsfather4z@netlog.com,Female
29031a29-c191-4249-b05b-324918e0df71,Drucie,Vankin,dvankin50@baidu.com,Female
aa12fe19-01d4-4dc3-8595-caff3fdcccb3,Udale,Chisolm,uchisolm51@so-net.ne.jp,Male
d7fba645-ff13-4c7d-9709-26e3cdaee221,Nicholas,Duerden,nduerden52@ihg.com,Male
8fda7213-ea82-4b13-af33-a729267076bd,Gabriell,Meigh,gmeigh53@xinhuanet.com,Female
7cc54134-ea32-473f-a59d-f2328241d8ac,Teressa,Maddison,tmaddison54@google.pl,Female
2854e2fd-bbe6-486b-bbe8-b38a291f2b35,Deeanne,Chessor,dchessor55@twitter.com,Genderfluid
397a5ccb-e94a-4b65-9509-fcad962563a8,Mariya,Tomasino,mtomasino56@si.edu,Female
96268721-d9d0-4b66-a21a-357cd733b37b,Hervey,Quirk,hquirk57@newyorker.com,Non-binary
007a490d-f8f3-415b-bfa5-d8a2e4b00d21,Salim,Lahive,slahive58@t.co,Male
6cb30ce3-71bf-4d8c-ae01-c7aa061dd6b5,Dominique,Gait,dgait59@loc.gov,Male
ba5f7cab-a3ff-4081-ba42-a27ee485bf75,Pen,Wharin,pwharin5a@forbes.com,Female
bd402d40-8c0a-4e2b-abce-7a1f3678106e,Farlay,Llewellen,fllewellen5b@surveymonkey.com,Male
45f857a6-5481-40a7-a15a-915e302ca761,Charmain,Wakeman,cwakeman5c@tripadvisor.com,Female
67aff600-f0d4-44a4-8025-489dc6bca354,Bernhard,Hughson,bhughson5d@msu.edu,Male
a6d923fc-2bbf-4d86-b3f0-4a2206282755,Arte,Bisco,abisco5e@va.gov,Male
d2cd7115-9a01-410b-8ab5-d6194c58ecaf,Frederic,Dutton,fdutton5f@drupal.org,Male
1f0fb56b-ef75-4471-b09c-a6427504ef32,Erika,Glennard,eglennard5g@about.me,Female
30c25c1c-76d0-46df-85fc-fd0558497d74,Farris,Poveleye,fpoveleye5h@goodreads.com,Genderqueer
ae68bfd1-2ff4-4d1a-840b-af1708bd7eab,Carey,Demcik,cdemcik5i@drupal.org,Female
ae03b687-88e7-4325-9e29-72bdeaca4971,Cass,Aves,caves5j@gnu.org,Male
1d824d63-3b32-43cb-8d33-01f055ccb0e8,Niko,Maffiotti,nmaffiotti5k@cbslocal.com,Agender
d82e2114-7b09-4bb6-9e8e-466a9a1b01b3,Larina,Fortoun,lfortoun5l@about.me,Female
dc2afe1f-8d75-4659-9948-0783b5b910f1,Katerina,Gibbe,kgibbe5m@furl.net,Female
d4f60e4f-4648-4bac-ac59-0f35879e84fd,Jorey,Yeude,jyeude5n@cocolog-nifty.com,Female
6ad2d96e-d581-4341-9b6a-bc5f4ea4f439,Krista,Svanini,ksvanini5o@twitter.com,Female
97fc279d-45b5-4cb3-999c-a29599f9a8be,Roland,Mufford,rmufford5p@hhs.gov,Male
89373594-6fa1-4720-8eff-1495e3178fb4,Alphonse,Christene,achristene5q@icq.com,Male
78702ecc-a10a-448f-a236-3ca3ee863b71,Olivero,Searl,osearl5r@storify.com,Male
5df7a0c4-1b98-42b4-8d3a-aab9c3110762,Holli,Ivashchenko,hivashchenko5s@webnode.com,Female
26a964dc-c66c-494d-923c-1e997d9f0f73,Inigo,Smout,ismout5t@mayoclinic.com,Male
1e798185-f1be-4e8b-9f45-d0cf2bc0cc16,Gannie,Passe,gpasse5u@sina.com.cn,Male
97b21505-6448-4a30-aded-218e4b82eaef,Fons,De Carteret,fdecarteret5v@youtube.com,Male
a7d52cbc-1a0a-45e0-b70f-2298e178c85a,Vanya,Mildmott,vmildmott5w@sun.com,Male
eecd39f1-5407-4de4-afe5-9d3d237f224a,Louie,Dorset,ldorset5x@ning.com,Male
9dc8f632-8e3a-4a46-acad-ac019d74317f,Yanaton,Rymell,yrymell5y@theguardian.com,Male
a50f3379-27e8-47ea-b2cb-e5586b8c3368,Ashley,Slocombe,aslocombe5z@cnbc.com,Female
763f4373-2ac7-4122-94bf-b45a01b5e311,Clyve,Tredger,ctredger60@msu.edu,Male
70d192c8-8f32-4d05-8224-bfe3dfeb87bf,Jarrad,Barukh,jbarukh61@wunderground.com,Male
241af2af-6938-42a7-83b1-82f2185359a0,Dominic,Kop,dkop62@cdc.gov,Male
00b2a21a-f8c6-4d6b-ada0-db9cfdde9c42,Shanna,Rozycki,srozycki63@typepad.com,Genderqueer
057c5f20-0766-40af-a637-7ad8ab0e3731,Milli,Arkell,markell64@google.ca,Polygender
a6ec0c54-b019-4639-822c-2f06fee20a30,Selia,Huison,shuison65@ca.gov,Female
3d9cd5b2-7102-4404-b091-bbd330312de1,Murdoch,Kewish,mkewish66@tinyurl.com,Genderfluid
b1ce8cc8-eef4-4ce8-a448-732a395a13fb,Onida,Varndell,ovarndell67@ucoz.com,Female
43fd397e-884d-4b2f-8db4-f521f5874ae5,Linnie,Hurdman,lhurdman68@tripadvisor.com,Female
b2d45459-602a-4f95-a541-e6e7e615f706,Leonard,Trever,ltrever69@irs.gov,Male
262fe3e6-b66a-4d7e-b2ec-94724f3f84b2,Irvine,Shillington,ishillington6a@cafepress.com,Male
d6014f01-353e-4cfe-af02-dbea90e4d2e4,Emlyn,Mabb,emabb6b@paypal.com,Male
70751f47-d200-49e4-bf24-55fe1a5ac986,Alonzo,Durtnel,adurtnel6c@reference.com,Male
bb5e68c2-c948-40b6-a1b7-4644c47da4a8,Melodee,Hundal,mhundal6d@nps.gov,Female
730d9db8-eb01-4608-985f-c4c9ac025f35,Alyosha,Dark,adark6e@about.me,Male
caea517a-1b6f-4d20-b317-a1c7ee4fab05,Aldus,Costellow,acostellow6f@flickr.com,Agender
1721ca58-db5d-45c4-b886-03983a327065,Harp,Mahedy,hmahedy6g@cbslocal.com,Male
94d7a387-209d-4817-a554-dce6ddffc0ba,Aleen,Gulliver,agulliver6h@blogger.com,Female
2757fe54-dc91-45c0-aa99-441beb4990e2,Tracy,Blockley,tblockley6i@imageshack.us,Male
17c64898-c5e9-457d-ba22-58274d6c2cdc,Shantee,Worsley,sworsley6j@house.gov,Female
9c056453-0512-466e-9752-d910f3e7a801,Frederik,Balffye,fbalffye6k@opensource.org,Male
6c8e748e-731e-4b58-ba3d-6163b51a19e7,Corabel,Kike,ckike6l@nationalgeographic.com,Female
3857ade0-4375-4891-8097-27b73253956b,Josi,Brownjohn,jbrownjohn6m@craigslist.org,Genderqueer
11ca9444-dc7d-4c42-9d9c-9aaad90732c0,Toby,Morman,tmorman6n@webs.com,Bigender
c94da86d-c3b3-44ee-8be0-2400e8c8360c,Bonnie,Ecclestone,becclestone6o@forbes.com,Agender
44a8f39a-b11c-4507-afcd-754958d06ac7,Brit,Binney,bbinney6p@amazon.com,Male
8573c226-1db2-465a-b5a5-92ce228b5ad9,Brita,Yarranton,byarranton6q@house.gov,Female
5c79cb51-005c-4b07-829f-3cbbd23d597f,Helga,Jebb,hjebb6r@purevolume.com,Female
b931c3aa-7db7-4c78-8216-bb131f38648c,Rock,Babonau,rbabonau6s@wordpress.org,Male
a6e95b5a-e1f0-49e3-9045-65103eca5d27,Edsel,Huitt,ehuitt6t@creativecommons.org,Genderqueer
5f40e8f3-c363-46a1-8d8d-5d51b886e825,Shantee,Restorick,srestorick6u@1und1.de,Female
86c0bde7-840b-426a-9d97-ed37b26a8c17,Hubie,Sline,hsline6v@wikia.com,Male
df6b1dab-cbcc-42aa-88be-7fff6af48147,Vallie,Asser,vasser6w@skyrock.com,Female
f83430e2-a2b7-4201-b881-5b6aa021a979,Tiebout,Orford,torford6x@fema.gov,Male
7f7be003-6596-4773-8747-b72bc05ffc10,Corinna,Epsley,cepsley6y@blogspot.com,Agender
cfe1db16-3412-4e73-8b30-c69b4448b33a,Lanette,Riedel,lriedel6z@mayoclinic.com,Female
86d2a762-d322-4ec7-97ae-f4989219a2be,Leonard,Merkle,lmerkle70@home.pl,Male
51957930-0866-459d-93b6-c84948870fc5,Rhody,Baselli,rbaselli71@hubpages.com,Female
da6b7081-b8d0-4205-be6a-3854ffd128a5,Cari,Boddington,cboddington72@admin.ch,Female
90ecf4a4-da36-49f9-911b-57c55afc5f7d,Gayel,Boshers,gboshers73@facebook.com,Female
68e725c7-74fe-4731-b854-6f05af7d53a9,Tammy,Braznell,tbraznell74@blinklist.com,Male
e7c8005a-203e-4092-8585-b7313b8dd1bc,Eirena,Crisp,ecrisp75@slate.com,Female
48515534-717e-42dd-a0e0-18c83230e34c,Damien,Pasfield,dpasfield76@example.com,Male
56ecc884-a19b-4f05-ab5a-620fb4a52cd8,Kermy,Seamon,kseamon77@sfgate.com,Male
c39f404b-efa8-4c34-9340-65a1c288e9b8,Jerrilyn,Foottit,jfoottit78@phoca.cz,Female
be7672ca-e1d4-4f76-95d7-46f5f39668f3,Maxine,Gallahar,mgallahar79@foxnews.com,Female
7efe72a3-f34b-43af-9101-80368c28733b,Roobbie,Finlason,rfinlason7a@networkadvertising.org,Female
fddfc4e3-8118-4e0d-b935-eacb02f937a7,Efrem,Klambt,eklambt7b@nifty.com,Genderqueer
47399ba5-fb0d-4d04-809a-fc84530d3bda,Ronny,De Francisci,rdefrancisci7c@g.co,Female
599a26fc-e8bf-43c5-ad4b-549074f29373,Blondelle,Mesant,bmesant7d@simplemachines.org,Female
71e634cd-7487-4a88-9b67-c5a822553695,Kirby,Cowcha,kcowcha7e@mail.ru,Female
c5c60779-c438-4135-bed8-31b84ebbfa11,Holli,Riddell,hriddell7f@google.fr,Female
fce92849-5adb-4ea0-9b6b-22bb997107c7,Trish,Rosario,trosario7g@deliciousdays.com,Female
3b459995-4d5d-4c54-893c-8f362791814f,Joelynn,Matkovic,jmatkovic7h@wikipedia.org,Female
ae9bc32b-3aa6-4946-8e71-6d1918ca8002,Kalli,McCard,kmccard7i@cisco.com,Female
686224ea-aafa-44e5-b4d1-bebeb58c37d0,Juana,Bessett,jbessett7j@cisco.com,Female
ea17b71d-e5ef-41e0-bf80-161f0b4243b6,Tore,Buglass,tbuglass7k@clickbank.net,Male
83fd12b5-c8a9-4019-b654-fc3418b4c20f,Gabriel,Furmagier,gfurmagier7l@eepurl.com,Male
abe01d99-de8c-4ab0-9f63-01d01c5852aa,Bianka,Hazard,bhazard7m@illinois.edu,Female
a288f295-01e3-46b5-884b-bbb301ff3174,Demetre,Hovy,dhovy7n@sourceforge.net,Genderqueer
8985900b-baeb-4973-81b0-af5ef9d4e40d,Tomi,Rude,trude7o@ifeng.com,Agender
b5cafa11-ebd0-437f-acd3-d28fc8896a6d,Bronny,Mulkerrins,bmulkerrins7p@nyu.edu,Male
f2d99af3-3341-4e24-ab88-1b75f6f297bb,Kassia,Owen,kowen7q@ebay.com,Female
2c8ea25b-b87b-4332-91b3-ef1d224f06ff,Lauraine,Rann,lrann7r@edublogs.org,Female
3a88e766-6312-405b-8cca-a83a83849dc2,Augusta,Jordon,ajordon7s@archive.org,Female
8b544ebe-e86b-4ea0-8c9c-b52e827205ba,Daphne,Giblin,dgiblin7t@nsw.gov.au,Female
33b098eb-7cf8-4e71-a256-29a41b78334f,Coleman,Wilder,cwilder7u@amazonaws.com,Male
bb189042-7a9b-421f-beee-f14363aa4fb2,Laryssa,McArtan,lmcartan7v@boston.com,Female
edc388f0-6709-4f4f-9f44-db9c01dfc6f5,Lauritz,Clougher,lclougher7w@smh.com.au,Male
e7a206c4-11a0-48a8-8604-cf5bd734e9fd,Genevra,Copper,gcopper7x@harvard.edu,Female
641f8b72-eb49-490f-9af7-7a09d01ae93c,Joycelin,Dondon,jdondon7y@twitpic.com,Female
3c602277-7cc9-4d01-b329-3b44e2c753dc,Hally,Tran,htran7z@macromedia.com,Bigender
4ddd2889-df06-43ef-9a0b-889123998962,Calla,Vail,cvail80@vkontakte.ru,Female
992b8e3e-7867-4031-948b-374b865b6903,Ann,Frankiss,afrankiss81@fc2.com,Female
6d24ea0a-1c60-41e2-9a9c-d821dc77a423,Lorianne,Sainz,lsainz82@etsy.com,Female
322b98bc-efc2-4abb-ab6e-96481a9d9256,Leonie,Shackleford,lshackleford83@exblog.jp,Female
58b82a29-04fa-49e4-b8c4-473225f0601f,Thomas,Checcucci,tcheccucci84@shutterfly.com,Male
31e5259c-9977-4c38-8990-77b324bbdb1f,Rici,McLagain,rmclagain85@shinystat.com,Female
9e404683-37d0-4301-b326-502539b3f14b,Gwenneth,Thunderman,gthunderman86@4shared.com,Female
c49745b3-fdab-4a5a-be60-41156e6cb3fb,Murielle,Burgne,mburgne87@amazon.co.jp,Female
6c5cc246-4dce-4775-95f3-a039496601ff,Penelopa,Heinecke,pheinecke88@seattletimes.com,Agender
1fff9e7a-a659-4ca3-8cf2-22f574a3f549,Maximo,Poker,mpoker89@tripod.com,Male
615489b2-763a-4f74-82c0-20be57e9c943,Dane,Mounch,dmounch8a@npr.org,Polygender
82f11216-3fd7-4313-b2e6-b306ecb06f08,Pammi,Garlett,pgarlett8b@census.gov,Female
abd9fea0-14cc-4d3c-b92a-1ecdd3325182,Kelsey,Emburey,kemburey8c@slashdot.org,Female
83ce3f17-5552-44b6-af9d-4c0777504b9f,Andie,McGurgan,amcgurgan8d@seesaa.net,Female
9b3a8d95-4d50-4a8e-898a-169d0d6606c8,Jareb,Gosnell,jgosnell8e@arstechnica.com,Male
c4d23c12-782f-4b85-b608-8d2b874e1984,Micheline,Gravatt,mgravatt8f@diigo.com,Non-binary
54fc3873-f7c8-41bd-8fd2-560dc2c48c84,Dorie,Knudsen,dknudsen8g@ca.gov,Male
0c5400a2-323c-4b3e-900b-854c334b41de,Gayle,Gullivent,ggullivent8h@github.com,Female
ff9890e3-aee5-46f4-8c3c-b8fa2a3c9888,Zorina,Robertson,zrobertson8i@upenn.edu,Female
c777d1df-f964-4af5-a1b1-8d0586518b71,Ailis,Kydde,akydde8j@squarespace.com,Female
33373ecb-0f7f-4c1e-b321-e05bb3aa04d9,Meagan,Bryson,mbryson8k@sourceforge.net,Female
9cdba14a-895e-4822-83db-633f8ac266b9,Myles,Diggons,mdiggons8l@booking.com,Male
70d1d87f-caeb-4f78-911f-082b96ce72a9,Del,Tabner,dtabner8m@icio.us,Female
c8aef728-8401-441e-8c14-4d73af2440d7,Eliza,Maundrell,emaundrell8n@weather.com,Female
1c71457f-11db-4446-b098-661073056223,Katey,Goalley,kgoalley8o@sourceforge.net,Female
d671e1ef-c3b7-4a7a-bdd0-d8f416d141a4,Skelly,Stalley,sstalley8p@mail.ru,Male
448e54c8-82a5-4e2d-be89-c5616cebbbb5,Mathilda,Tregenza,mtregenza8q@umn.edu,Female
d4f28eb7-c342-4900-a620-7f63a3b67d57,Sibelle,Ganniclifft,sganniclifft8r@mit.edu,Female
5446b7b3-dae3-4cd8-a84d-4d730c050952,Beltran,Cockayme,bcockayme8s@apple.com,Male
a48492fa-a22f-45bf-9aa5-2072e326d154,Carlos,Massenhove,cmassenhove8t@chronoengine.com,Male
6c0a2b4b-abc1-4694-9e1e-b11e06428a1c,Agosto,Hanbury,ahanbury8u@paypal.com,Male
ae6f035f-cd61-41da-a538-1af7b962dd42,Belicia,Bradford,bbradford8v@de.vu,Female
be1fc4eb-c8b9-47ca-a83d-88196ff2f8cc,Jeannine,Rosborough,jrosborough8w@dagondesign.com,Female
eee4423b-c9bd-40b6-8dcc-dd292c112aea,Eirena,McPharlain,emcpharlain8x@skyrock.com,Female
d37ce7b6-f3fd-4246-96ed-12a4602ec9dc,Marcos,Searchwell,msearchwell8y@paginegialle.it,Male
d3ea902f-38ab-4701-970a-ed1ad98dbbd3,Launce,Hodgen,lhodgen8z@networksolutions.com,Male
7f237857-b6cf-4c1e-b9ef-0d18fb13e118,Ernie,Glentworth,eglentworth90@ted.com,Genderqueer
a3795b14-c3a9-43e8-847d-2cc5b5998aba,Leandra,Fullilove,lfullilove91@mac.com,Female
e01eb9ef-f3bf-489b-a4e7-f90b6cd379e9,Torrance,Flea,tflea92@cornell.edu,Male
da5f64fc-d48a-4134-a96f-1f560de4328a,Ferrell,Haswall,fhaswall93@dell.com,Male
5f1d01e3-db17-4fbe-a3c5-4b4e42bbb8c0,Abbey,Bortoli,abortoli94@archive.org,Female
811ba416-00c4-436b-aed2-fefcbf0df04d,Anthiathia,Burchall,aburchall95@1und1.de,Female
30f715de-dca3-48bd-b06c-330b175ad9f5,Ursulina,Rockliffe,urockliffe96@wufoo.com,Female
93ccc092-5101-4417-9c8a-0b2390936f43,Heloise,Sagrott,hsagrott97@ucoz.ru,Female
b543738b-2338-4c83-b4bd-7bc9a02775ee,Jilly,Kuhlen,jkuhlen98@unicef.org,Female
b953140d-c170-4c40-8e9a-67ffb5da5c8f,Ikey,Bambery,ibambery99@foxnews.com,Male
6d2386c5-28d6-4ba3-9f3e-1558e6bb39bb,Penelopa,Duffrie,pduffrie9a@senate.gov,Female
515745ac-1997-4aee-b9fb-7e5e712849bc,Irvin,Keats,ikeats9b@kickstarter.com,Male
30aeeafe-3c27-4704-9964-69b927ec8d6b,Mollee,Brehat,mbrehat9c@quantcast.com,Female
49579f34-3a6c-458c-8708-d0038b36424a,Melvin,Kesten,mkesten9d@si.edu,Male
3816aeb0-5a5e-4d04-9a35-08ea4414e96f,Geri,Fermoy,gfermoy9e@narod.ru,Male
1da67f4a-f354-490d-ac68-4b41eb187c73,Waverley,Falkus,wfalkus9f@digg.com,Male
aad04134-7f89-4923-9e65-57ce2de87937,Ollie,Yare,oyare9g@tmall.com,Female
1f35d681-bc02-44b2-af0a-6a2c3652cfca,Leila,Rosoman,lrosoman9h@goo.ne.jp,Female
77c87251-1d6f-4573-a9af-a2e4bc30bf0d,Frasquito,Conklin,fconklin9i@fc2.com,Male
cd266257-3f95-4767-b0c9-61b0dab3c1ad,Tuck,Sizland,tsizland9j@simplemachines.org,Male
f6e9a037-9a90-48a4-83ed-932ff364a03a,Francene,Ghiriardelli,fghiriardelli9k@netvibes.com,Female
d152e0b3-c580-497d-9850-ccd86b4487e4,Freda,Deans,fdeans9l@jalbum.net,Female
dac00c4e-9608-4325-bb6d-46d3f8f67470,Kamilah,Leatt,kleatt9m@technorati.com,Female
eafc93b1-ab8f-4377-bc07-b932a2c2bf58,Swen,Gathwaite,sgathwaite9n@msu.edu,Male
67707552-d13c-4355-9fe8-17b6c2ce852c,Sile,Lilburn,slilburn9o@google.ru,Female
8961fd96-8341-4c09-b7d1-af74d9fe23c4,Zara,Reaveley,zreaveley9p@typepad.com,Female
b37e9bf4-7014-4baa-839e-d3b5ef4a3f8f,Lorita,Chatwood,lchatwood9q@indiatimes.com,Female
e33a9c0b-cb21-4dcf-aae0-53c3369cf050,Carly,Searchwell,csearchwell9r@cloudflare.com,Male
3fb41566-6234-4a17-b8c3-c6db64a1392b,Chase,Mellsop,cmellsop9s@hatena.ne.jp,Male
dc81e792-987c-488c-b88c-852727bbbbae,Thomasina,Elfitt,telfitt9t@goodreads.com,Female
b06dc63a-e638-4666-a683-351a475f7c84,Alecia,Whiteland,awhiteland9u@dailymotion.com,Female
2afc91fb-6808-4006-b4e9-245667a04476,Iormina,Alkins,ialkins9v@timesonline.co.uk,Female
0d79048f-94c8-42f7-9622-e1a6d071a100,Cord,Harrison,charrison9w@state.tx.us,Male
321a000c-ac09-4224-b2a6-cb410f3f170b,Jaye,Dilke,jdilke9x@reddit.com,Male
23a9725f-a530-4e5d-bd9c-cca27a4344b6,Glynis,Ostrich,gostrich9y@lulu.com,Female
fb59c409-4a40-430a-906a-a48affde93e8,Dexter,Garvin,dgarvin9z@bravesites.com,Male
635deb9d-e698-446a-9c29-90e730cb9e10,Thebault,Filby,tfilbya0@behance.net,Male
50142d8f-655f-49f8-a3de-68b7d53e16c3,Reidar,Eliaz,reliaza1@fotki.com,Male
a1a3f6e4-f598-478b-a06a-3d6e886f549c,Terrijo,Coulthard,tcoultharda2@theatlantic.com,Female
99581717-c74a-49b0-ae28-9f9d693ebda3,Claudianus,Luetchford,cluetchforda3@cpanel.net,Male
29101201-6531-4f29-98be-e84b828b75c9,Averil,Wanka,awankaa4@sun.com,Male
eaa298d3-1049-401c-91eb-7b66d29b09ae,Ara,Bleazard,ableazarda5@ucoz.com,Male
f915a471-2fcd-4340-b63b-343e3c3d4ea4,Cristobal,McNab,cmcnaba6@elpais.com,Male
f19b66e5-a9cc-4a94-9175-fee9cfb630d3,Alard,Birkenhead,abirkenheada7@de.vu,Male
daa33f1c-98ff-4087-8d5b-e3f690ef4fc9,Aggi,Pittwood,apittwooda8@ucla.edu,Female
6f0869cd-33a0-465a-a632-d0817353cd92,Elisabeth,Allchin,eallchina9@apache.org,Female
4788552c-9d7a-4348-a4bb-c2ea189d7dc1,Kassandra,Rubi,krubiaa@miibeian.gov.cn,Female
cd9d98bd-a821-4c5f-a426-372c52dc6432,Gardy,Di Roberto,gdirobertoab@vk.com,Male
af74f558-0bb2-4d28-b537-248a01e9a7b4,Sterling,Shepley,sshepleyac@businessweek.com,Male
5587ecb5-3ff5-4435-8f2c-abc5e03d42df,Egbert,Yakovitch,eyakovitchad@mail.ru,Male
08de95c1-fd96-4cb5-96ee-c4e969862610,Idelle,Burke,iburkeae@washingtonpost.com,Female
d7723534-99d2-40d7-a9e1-a066e220365f,Bentlee,Monroe,bmonroeaf@cbc.ca,Polygender
c2b14e1b-bb5a-427b-88b2-b668984e0448,Matthiew,Cremin,mcreminag@globo.com,Male
6c9526fc-feb2-42e1-a917-23cae092be22,Carole,Blitz,cblitzah@liveinternet.ru,Female
280080ba-70bf-4524-a55d-43a5326933d4,Gianna,Petrasch,gpetraschai@wunderground.com,Female
169a9f17-1727-4c60-b05a-c8d7ff71c1e7,Ianthe,Edgeson,iedgesonaj@desdev.cn,Female
7935d027-8c36-4104-93d5-1ec168d0ad93,Callie,Hankard,chankardak@icq.com,Female
1658ade3-f103-4d40-ae70-19656caa6d09,Isac,Anstey,iansteyal@businesswire.com,Male
e6fff0e6-5ddc-44a1-a430-fae4497b1bac,Field,McCrisken,fmccriskenam@foxnews.com,Male
f41e396e-30f4-4a6a-b600-4ca19e44ee4d,Carolina,Stennet,cstennetan@1und1.de,Female
ac1e3e21-c966-4d57-9836-ea7c95e16008,Terrill,Coviello,tcovielloao@jugem.jp,Male
16fdebb6-2023-487e-b4cc-89845ef35b87,Florence,O'Doherty,fodohertyap@cmu.edu,Female
a6acd95f-8a15-42f0-9aa7-6b78e7d2d942,Verene,Gossop,vgossopaq@amazon.co.jp,Non-binary
5cb65a99-2061-40a3-b717-8a4ad9694075,Paulie,Carriage,pcarriagear@cpanel.net,Female
53f442bb-ed16-4635-bc38-2bc6fab8d226,Lisbeth,Wesker,lweskeras@people.com.cn,Female
7f541a26-ca91-4393-9761-d6a0140815ba,Isak,Jackalin,ijackalinat@paginegialle.it,Male
60e67b86-3000-4deb-93bf-f6912f69d2fa,Dukey,Minister,dministerau@about.com,Male
f546e9f5-5963-4361-bb91-81ce5ea02a1b,Fabien,Breitler,fbreitlerav@nature.com,Male
8c99158b-d186-450f-8663-c74cb0441e6a,Xenos,Janiszewski,xjaniszewskiaw@china.com.cn,Male
25d0572a-8744-4c29-b395-a9df9e2cdcc0,Isidore,Presnell,ipresnellax@example.com,Male
73a73ee8-2f15-48e9-b065-2c99e6c1b4e2,Barnaby,Bisatt,bbisattay@dagondesign.com,Polygender
a9f766a4-a3a1-4862-bcad-6e212c85d182,Masha,Molyneux,mmolyneuxaz@noaa.gov,Female
f304dbab-c8a8-485b-9b33-127e84bf8d5d,Claribel,Bankes,cbankesb0@dropbox.com,Female
253297a3-348a-4457-8c51-da0145cee67d,Margareta,Olrenshaw,molrenshawb1@vinaora.com,Agender
0e7b5c41-b3b5-48ab-bab9-ef823b9c534b,Merle,Doget,mdogetb2@vk.com,Male
927d4008-08f5-4f61-bcbc-35d32167d386,Reynolds,Do,rdob3@networkadvertising.org,Male
0a5fd18b-6f3b-4312-99f9-10a55a01c45e,Brenda,Dudman,bdudmanb4@clickbank.net,Female
fd13ec23-5b5a-4276-9470-d57aed4bcbdc,Donavon,Hatliffe,dhatliffeb5@goo.gl,Male
e6c9b9f6-5f99-4edc-9db8-48918f137465,Timotheus,Wattam,twattamb6@wikimedia.org,Male
2ae65908-5c8d-413b-9247-d0a4317b8c45,Brandy,Rockingham,brockinghamb7@surveymonkey.com,Male
5b38f24c-9530-4740-bd68-84dd74831ccf,Tirrell,Fuster,tfusterb8@163.com,Male
14824e73-9cd5-4dba-a6ce-1810d8526037,Toby,Graves,tgravesb9@printfriendly.com,Male
0c2cbcea-1c9e-4a85-a0e9-340671670070,Robbert,Haddrill,rhaddrillba@networkadvertising.org,Male
690276aa-9379-4e76-b374-5b2566aa6538,Rafael,Hansley,rhansleybb@slideshare.net,Male
c85da090-726f-4141-9ac9-911a4c1304e1,Penny,Male,pmalebc@ameblo.jp,Male
191c1d9f-5773-4732-958e-dd1d503237c0,Alleyn,Heam,aheambd@discovery.com,Male
13e55d66-4372-4998-8c9b-75203ca2641e,Crin,Maryin,cmaryinbe@t-online.de,Female
8bfaf99b-ce69-452c-8f89-268798838bbc,Herb,Spelman,hspelmanbf@cnbc.com,Male
88045dbc-c6a4-4a9c-bfb4-310cc3cd0bcc,Madonna,Nabbs,mnabbsbg@over-blog.com,Bigender
71314fb5-2219-4cb7-bc58-c78b76027740,Toddie,Whitcher,twhitcherbh@pinterest.com,Male
a104e0b9-62f5-494a-a7ad-5e04a1907e13,Rafi,Scay,rscaybi@bravesites.com,Male
9a80a094-4693-4c87-84a2-e9eb30f73c39,Silvan,Reek,sreekbj@eepurl.com,Male
46e76fb2-5bd1-487c-9ff4-bc4cabed2849,Temp,Winchurch,twinchurchbk@nationalgeographic.com,Male
0b9609ef-b5c3-408b-b9aa-fb73d817b3c3,Tadeo,Brann,tbrannbl@harvard.edu,Male
3dca01d0-3531-4366-a774-8ef22bf03f73,Dennet,Hugnet,dhugnetbm@about.com,Male
8457df2e-982f-4850-b2fe-14f7fcfaf071,Gwenny,Brandham,gbrandhambn@spotify.com,Agender
020417d4-f3d0-4262-88bc-dc48aaf7a351,Ugo,Morlon,umorlonbo@disqus.com,Male
b61292b9-fd7c-4db0-be83-8eddee03cb0d,Hyacintha,Exley,hexleybp@apple.com,Female
fe925ea2-10bb-4d3a-84a8-ef20da0c139e,Anatol,Draxford,adraxfordbq@ustream.tv,Male
44057f13-a4ef-4ce8-be15-b79d4541458f,Vallie,Cornner,vcornnerbr@google.pl,Female
af1f0c78-a8af-4b4b-b499-03e9fcedda41,Allianora,Kimble,akimblebs@aol.com,Female
9fac73ac-c3b8-4025-b86e-361695007adf,Ibby,Meacher,imeacherbt@mac.com,Female
6f190338-1f50-466f-9d5a-a7e5408b3218,Dickie,De Blasi,ddeblasibu@arstechnica.com,Male
0307b3f6-9304-4659-bef4-804b2e09f318,Paxton,Hauxby,phauxbybv@mlb.com,Male
6c885a13-725d-4846-a839-c1d3069b87b8,Michail,Marjot,mmarjotbw@hao123.com,Male
ea9c123f-59f8-4ff5-9f1c-4da69fdfa1eb,Glenine,Deniskevich,gdeniskevichbx@jalbum.net,Female
56d00088-e513-4285-8c8c-0cc1c406a442,Janaye,Perrin,jperrinby@google.com.hk,Female
468007e4-9751-460f-b051-24e4f1a1c016,Jamie,Overington,joveringtonbz@narod.ru,Male
d1b2ef6b-2d9d-4187-90ec-d6adaff88671,Dwayne,Mabey,dmabeyc0@desdev.cn,Male
b4f740ed-cf25-49fb-8288-8c9a9f6ba1f1,Barbra,Biskup,bbiskupc1@census.gov,Female
6f034429-bfeb-4890-a468-26967815df7e,Cindy,Stollwerk,cstollwerkc2@unblog.fr,Female
26678d1b-4419-47d3-96a0-f396cb33522b,Wenda,Mulvy,wmulvyc3@taobao.com,Female
981fbddd-ea73-4c26-ae9a-4e894d78225d,Ursula,Gothrup,ugothrupc4@gnu.org,Female
3ce28444-b876-4c6d-9a00-b3e9f9bc7254,Stephannie,Naisbet,snaisbetc5@sitemeter.com,Female
f903df86-3ebf-474c-9466-c2d7e3240116,Hyacinthia,Drayton,hdraytonc6@cnn.com,Female
e8cf4d81-240f-4df4-b4d8-f40a4eef48c4,Tina,Spire,tspirec7@altervista.org,Female
adddda22-7312-452c-a820-6139331ba0a5,Maxine,Canti,mcantic8@hatena.ne.jp,Female
0c185c83-ca4f-44e4-b246-6f9792827d7b,Mattheus,Skeech,mskeechc9@lycos.com,Male
5787e007-a791-41b4-9827-43197d7045ff,Web,Koppelmann,wkoppelmannca@discuz.net,Polygender
918477aa-0060-4c0b-82b7-d60a6a91924a,Austine,Blazic,ablaziccb@ebay.co.uk,Female
f5464553-0df4-4696-9b23-d5dc46a58f46,Marya,Beachamp,mbeachampcc@samsung.com,Female
cd7626f9-d97e-42a6-8d3e-bc6efb0374a3,Angel,Fancy,afancycd@cdc.gov,Female
85215fb6-e92d-4dd0-b757-68c83c6abadb,Wilhelm,Andreu,wandreuce@taobao.com,Male
e5b245c8-5676-4c70-ab04-6856351bf795,Dawna,Vermer,dvermercf@marketwatch.com,Genderqueer
e6d33b1a-dbca-4b79-9d4f-ec1d23f925dc,Tallia,Fauguel,tfauguelcg@europa.eu,Female
02305dac-ae4e-4fcc-89a4-2a5ba63f8528,Albert,Snugg,asnuggch@newyorker.com,Male
0aa4efe7-a1f7-469b-a67a-f0dc8dbfe7c9,Jewelle,Creak,jcreakci@nationalgeographic.com,Female
c9b4f80f-6f0d-4c15-a767-2492ee8f2f3f,Lorri,McKillop,lmckillopcj@google.com.au,Female
7fe60442-9150-4295-a57c-00187298228f,Maurise,Ledington,mledingtonck@comcast.net,Agender
54619c31-655b-4fe6-9d2b-eeceb7e3e632,Eldridge,Jeays,ejeayscl@so-net.ne.jp,Male
8a3ed36e-502e-4e9a-9f23-20c10c1494f2,Grayce,Accombe,gaccombecm@theguardian.com,Female
ea5d21f6-3c16-435d-81af-a9e54765863a,Falito,Moss,fmosscn@globo.com,Male
6e34607c-f467-45e3-8fa2-03338a11b244,Timothy,Giroldi,tgiroldico@epa.gov,Male
5095c313-9593-4369-860e-bb91747c631c,Barri,Swetman,bswetmancp@cornell.edu,Male
9ee762b1-3ab7-4383-9621-f4c71444b52c,Rudy,Caveau,rcaveaucq@google.ca,Male
bb759b79-289a-40d4-beae-c8b6a6619706,Cecil,Bagshaw,cbagshawcr@skyrock.com,Genderfluid
4f48d1a5-95e5-402a-8b8c-a0fde2bd611a,Rory,Taborre,rtaborrecs@blogs.com,Female
26ad963b-0c02-4bd1-b04f-c23d36e9a207,Josepha,Parades,jparadesct@weebly.com,Female
3d0e4ed0-4f8c-497f-82e8-bede6cc73a10,Ardyth,Chaddock,achaddockcu@goodreads.com,Female
5aa823ad-58ea-4767-b836-bd890b367b16,Erich,Phillipson,ephillipsoncv@gmpg.org,Male
9cd3a6ec-a3a2-4be2-a2c9-b27d8e691d61,Olag,Sayer,osayercw@discuz.net,Male
023441f6-087d-4664-8664-809364215ef6,Geraldine,Conway,gconwaycx@admin.ch,Female
cfc53eee-5193-408d-9cb3-00f812b2c90b,Ottilie,Bugdell,obugdellcy@ft.com,Female
afef8eee-a96e-4d7d-a79b-24dc513bd5ab,Ciro,Scaife,cscaifecz@ameblo.jp,Male
2cdd592e-afab-4b1c-8b02-79185011162d,Danika,Gundry,dgundryd0@nationalgeographic.com,Female
91016ec4-3339-4f56-ae61-be785aad23fa,Bobby,Perrett,bperrettd1@berkeley.edu,Female
35b76e1c-be5a-4b56-a16f-47cb7b60d46e,Blondy,Gage,bgaged2@symantec.com,Female
74dd9f59-cfeb-46b3-9cb5-14b8c6218e23,Job,McDonald,jmcdonaldd3@abc.net.au,Male
3ec72e54-0e01-40f2-9970-83723beb478a,Redd,Iorizzi,riorizzid4@nbcnews.com,Male
b13d96f5-f72c-4c32-ae58-b7939cef88ff,Teador,Boothe,tboothed5@nba.com,Male
fdcbfbbe-6bca-4516-b242-19fc0ef0378d,Esteban,Ballintyne,eballintyned6@facebook.com,Male
a2383496-0e1d-40cc-b5d6-6cd14e11732b,Yule,Burnell,yburnelld7@ucoz.ru,Male
ea6776c8-0bca-435e-a59c-c363004afaeb,Luciana,Dunning,ldunningd8@utexas.edu,Female
edbf6704-af07-4c06-b4e2-e8f11402539e,Ravid,Dresse,rdressed9@hugedomains.com,Male
aeb4330a-44f6-4def-8ef4-b6ee80b59fe2,Ricardo,Coburn,rcoburnda@g.co,Male
423bca88-9c9f-4f88-ab1e-b0d4417e6c21,Chickie,Cromarty,ccromartydb@wp.com,Male
312d23c9-b4a9-43f6-9ed3-82abca1c7f97,Jenelle,Hastelow,jhastelowdc@senate.gov,Female
3d909a49-6f40-4042-9327-813bfd3f9be8,Sabina,Frentz,sfrentzdd@unesco.org,Female
211e4901-e345-4c6f-b7d4-05aa17a08c83,Tann,Rosterne,trosternede@1688.com,Male
fb0353a5-bf91-4fcc-9c05-5afdb7df8e6a,Ronna,Andersch,randerschdf@dailymail.co.uk,Non-binary
3faf0aa2-7eea-43d3-99a0-25e52de7c938,Silva,Brawson,sbrawsondg@eepurl.com,Female
5766e55e-16dc-4513-b3f7-0bbd713d53df,Loralee,Van den Bosch,lvandenboschdh@blog.com,Female
8b2ab1fa-0b18-4ff0-bd8d-707af4f323c6,Hunfredo,Scalia,hscaliadi@prlog.org,Male
42dbb834-c0d2-4a6a-8d41-b28d2f85ec1a,Dacey,Ogelbe,dogelbedj@ucsd.edu,Female
4178fc22-b797-4e58-8c88-f93736919d87,Eleen,Minigo,eminigodk@ning.com,Female
af760d74-588f-431c-9837-cbf0c2392b15,Creighton,Dugget,cduggetdl@sourceforge.net,Male
09534ff8-d71a-4f50-93c3-fce8dcf1aee9,Javier,Poolman,jpoolmandm@about.com,Male
0a5037ce-287a-4b5a-ba23-26e87d9e4717,Davina,Kenchington,dkenchingtondn@ed.gov,Female
5a7dd564-ae65-4ef7-a916-5591079b548a,Phillipe,Poulney,ppoulneydo@samsung.com,Male
63fee12f-9878-47a3-aa0e-8e43bc9eef7e,Hope,Campkin,hcampkindp@vinaora.com,Female
278fe690-ced1-4aaf-8771-fa89ab57d157,Merrile,Saines,msainesdq@tinyurl.com,Female
f6742faa-7a98-45b7-8ce9-e52287087d5b,Andrej,Mouncher,amouncherdr@amazon.co.jp,Male
b8df24ed-6a9e-4700-b0f8-fae2ce5484bd,Andrea,Lucien,aluciends@altervista.org,Male
9eb2ee31-60a0-4361-8020-ac0deb1b858b,Rollins,Warlton,rwarltondt@soundcloud.com,Male
6871e4b6-e67e-417a-910c-e8c204f38774,Abramo,Scotchmore,ascotchmoredu@hud.gov,Male
a96b1606-fac6-4ce4-855b-93c3f7093eb4,Alie,Dempster,adempsterdv@prnewswire.com,Female
545b7d71-95bc-4f48-9fe7-fb9ef4ab05bb,Lemar,Dumsday,ldumsdaydw@twitpic.com,Male
402024f6-8a5c-48f1-9e5e-d57b0a6be58e,Benji,Pyne,bpynedx@usda.gov,Male
22ab7d2b-9db9-4201-ac14-b91378b5bff4,Bamby,Souness,bsounessdy@dyndns.org,Female
f8846a36-6862-44c1-b107-cfb43c93e118,Tanner,Bould,tboulddz@aol.com,Male
45eec3e3-78db-4fcc-87a2-82de20c9a295,Pavel,Martt,pmartte0@icq.com,Bigender
e1910362-45e7-4a7f-8f90-3250d597e643,Godfrey,Pray,gpraye1@cocolog-nifty.com,Male
26441437-7968-4a26-9a2d-f41c0ed31c68,Jeannie,Stoakley,jstoakleye2@naver.com,Female
e905e57b-a13d-4ec4-8993-32ea694e5e8e,Willabella,O' Hanvey,wohanveye3@wsj.com,Female
7ba16240-d50d-4260-8b8e-0e508bb9e82e,Arin,Nasi,anasie4@ovh.net,Male
12a6e166-0145-47bb-b1b1-10ac8307ad61,Geordie,Penny,gpennye5@washington.edu,Male
774e8c21-946d-44c8-9df2-46507a2062a6,Randall,Barber,rbarbere6@europa.eu,Male
cf7832e7-e330-4039-8799-af79a278f8df,Kacy,Ysson,kyssone7@va.gov,Female
68524050-d864-4704-83dd-477c1c8c3dd8,Cristionna,Ugoni,cugonie8@yandex.ru,Female
63b33265-edd5-4d2b-b8e4-ca04c9ffbd88,Leyla,Cooper,lcoopere9@deviantart.com,Female
6d241599-246c-4fcf-9d73-1515b603a051,Rosa,Knappe,rknappeea@wikimedia.org,Female
8d1086d4-be00-4dbf-aae3-d9bc9ce8434b,Merry,Elmes,melmeseb@behance.net,Female
4b1deedf-071a-46fc-947e-2297dd369dc4,Townsend,Benning,tbenningec@java.com,Male
c3181f17-e4b0-48d3-b37c-83c36e8f7636,Millisent,Dagg,mdagged@twitpic.com,Female
130407e4-6653-4638-b24a-8dc1bdf17e63,Olivie,Pim,opimee@globo.com,Female
70c1aa98-ac9d-4171-8b90-9c9fc87ab485,Chelsy,Witnall,cwitnallef@umich.edu,Female
cc3a1f62-0a74-4370-9433-bf514aae3167,Lewes,Brothers,lbrotherseg@yahoo.com,Male
75df4ed4-d4b8-41ef-b706-924ae3d37e7a,Angela,Girardi,agirardieh@goo.ne.jp,Female
5055ba8d-587b-450c-a9e8-9682d5f20c4d,Nevil,Anthiftle,nanthiftleei@sourceforge.net,Male
f04c239e-3481-4fad-b1f3-cc17058e936a,Jedd,Zoppie,jzoppieej@google.de,Male
c0a21c4a-3ff4-4179-bc00-14deae73968e,Berny,Toupe,btoupeek@japanpost.jp,Female
5100f180-7155-48e1-b002-276c8fee4733,Agata,Bly,ablyel@gov.uk,Female
fd9f1b59-66fa-45ed-b5ba-fa328d74d81e,Radcliffe,Jakoub,rjakoubem@mysql.com,Male
87ad89df-2a8d-48be-9710-3be95139de56,Jobina,Edeler,jedeleren@topsy.com,Female
ebb2d66b-3ad7-4a70-b819-b23f6d5804a1,Thibaut,Reiach,treiacheo@examiner.com,Male
08a1b924-0e04-4b4b-8cab-f7794e4f68e1,Ly,Collerd,lcollerdep@fema.gov,Bigender
373b2e5b-6ef8-4fcd-a881-158cb77d7198,Lockwood,Purse,lpurseeq@ustream.tv,Male
e5c6dc05-5015-4409-8c86-382af3e8509d,Erin,Lafford,elafforder@statcounter.com,Male
0f48e170-0652-476e-94cd-5c84c889f42e,Alessandro,O'Dunneen,aodunneenes@thetimes.co.uk,Male
66ab40d8-ed12-4bda-abb5-5d4b29526cf1,Olenolin,Mithon,omithonet@usnews.com,Male
b8619726-d08c-496d-99a0-fa6f480207e0,Alicea,Leebetter,aleebettereu@ovh.net,Female
8e46ce76-856b-4030-a166-dd1ebd065d27,Ianthe,Palumbo,ipalumboev@4shared.com,Female
8af0c423-77ca-4853-8046-8136b16dae5d,Justino,Dillistone,jdillistoneew@bloomberg.com,Male
ab99848b-53c9-4ddd-97f3-d7718020c79c,Bobette,Cullnean,bcullneanex@elpais.com,Female
184200cd-b4eb-41b0-9020-83d3ee1f0905,Edwin,Lefeaver,elefeaverey@home.pl,Male
da24beec-7f00-4ee8-80d8-23003e36b062,Cherilyn,Hacard,chacardez@wikia.com,Female
9ed0aaf6-afe0-4409-9bea-84d77d9641e6,Aimee,Haugg,ahauggf0@ftc.gov,Female
19462395-0b58-4330-ba17-04951b6c5b9c,Trenna,Barrett,tbarrettf1@lulu.com,Female
c197723f-4a10-49ef-9927-9f6c99a4520f,Jeannette,Dewdney,jdewdneyf2@salon.com,Female
1b1e5a59-7ba0-4539-9b0f-1abaa71b44ad,Candra,Stihl,cstihlf3@freewebs.com,Female
987d03d3-5be2-4b9d-aeec-8fb6702a3325,Edd,Bringloe,ebringloef4@alibaba.com,Bigender
df92e564-d18c-44eb-a164-b19a7f2f3889,Codie,Ackhurst,cackhurstf5@nba.com,Male
7a0220fe-7382-4122-b87f-eacceeef0421,Chrysler,Kerrod,ckerrodf6@tiny.cc,Agender
dbc2343a-196a-495f-a867-1e959894d6e3,Bastian,Backman,bbackmanf7@soup.io,Male
c55693b1-33da-4317-b8c2-c09199c3f7ae,Hailey,MacLure,hmacluref8@xrea.com,Polygender
5273eaf3-2e10-472a-bc7f-e18f95cf6222,Derward,Thurlborn,dthurlbornf9@nifty.com,Male
1c0421c6-6cec-48f1-b018-461d5acf81ba,Joby,Creaven,jcreavenfa@who.int,Female
e6811933-73d9-40e9-978c-1654ec105b60,Hermann,Mattheissen,hmattheissenfb@rambler.ru,Male
5f5d0a90-0aa1-4d16-a45c-a9cf84773e77,Brent,Varfalameev,bvarfalameevfc@nytimes.com,Agender
bb480ff7-55f5-49a1-ab23-7d9a8f587717,Barbie,Bernadon,bbernadonfd@storify.com,Female
8225f5ac-b014-4cef-b133-ac06f69a6ca8,Levy,Lerwill,llerwillfe@telegraph.co.uk,Male
925560cb-171b-4956-a3d4-31b707382b49,Saul,Michie,smichieff@addthis.com,Male
5488531a-a5e6-47f1-9898-e1ec7c85ed1f,Cacilia,Cracie,ccraciefg@reuters.com,Female
8b75fb0c-362c-4b48-853a-e64d29f78a3c,Mathias,Kasparski,mkasparskifh@boston.com,Bigender
e4f5e14b-42bf-43cb-8cb3-b4322e9bea85,Gabriela,Rosgen,grosgenfi@tripadvisor.com,Female
437c3781-b807-4c03-ae6b-0c65f4834f0a,Hendrick,Sleeford,hsleefordfj@nydailynews.com,Male
54fe2d48-0b68-4b87-8251-2ddc9a74f8fb,Shelby,Kiossel,skiosselfk@techcrunch.com,Female
c965ea36-93bc-4e3f-a9bd-748a55adbe47,Pietra,Tezure,ptezurefl@unc.edu,Female
e1fed942-7596-4e72-96a4-75084a5c6782,Dionis,Zecchetti,dzecchettifm@360.cn,Female
f5f011b1-39e2-4bcc-b031-678232f4eb43,Corly,Kingsnod,ckingsnodfn@lulu.com,Female
814e0c1e-a8c9-416d-9398-ae486429d03c,Claybourne,Lidgett,clidgettfo@printfriendly.com,Non-binary
4bb21c01-003f-418c-8322-b632815015ea,Heriberto,Danilovic,hdanilovicfp@macromedia.com,Genderqueer
ec25cc58-49df-4dd3-8ffb-3d64551a076e,Maximilien,Ebbutt,mebbuttfq@merriam-webster.com,Male
e2591966-a737-4dc9-8dde-36ea568afc91,Elke,Dellenbrok,edellenbrokfr@senate.gov,Female
26c6a5fc-17de-4d58-978e-be9b41b21278,Brooks,Cuff,bcufffs@un.org,Female
42f06b5e-ad41-4215-8555-68724cde980d,Bradly,Dobrowolny,bdobrowolnyft@discuz.net,Male
56090505-8342-4284-a1b8-d245d111ff83,Richmond,Brealey,rbrealeyfu@guardian.co.uk,Male
6fa34a09-cf2d-4393-834f-4e5418935ed1,Malory,Pym,mpymfv@cbsnews.com,Female
5513f9cc-20db-4c54-b127-ec023f51b9ac,Hasty,Greenhowe,hgreenhowefw@multiply.com,Male
b94c5ae0-543a-48cc-bf24-df25878ffa7f,Demott,Collete,dcolletefx@fda.gov,Male
75193441-8609-48bb-bb15-8dcd1df48016,Iris,Hanbury,ihanburyfy@dell.com,Female
1308213d-9dc2-4a06-9186-3e400880f8ff,Gifford,Mateus,gmateusfz@sohu.com,Male
22b3f2d5-9d8f-4c4e-b64d-29de14e557cc,Alice,Baythorp,abaythorpg0@fema.gov,Female
e8fb5234-f7b0-45f8-99d6-4a57a5230f13,Melodie,Willwood,mwillwoodg1@twitter.com,Female
e862d85c-654f-40fe-aad9-d1b7a5aae824,Natassia,Goodlet,ngoodletg2@yale.edu,Female
1e08955d-ba74-4f6d-b714-b780586cc271,Jarret,Danilowicz,jdanilowiczg3@blogger.com,Male
641514c7-8a34-4cd1-a3e0-6a6e0a46b0c0,Felix,Fawdrey,ffawdreyg4@ow.ly,Male
cc5391f9-6893-480c-aaeb-9ad84c068f79,Morry,Losebie,mlosebieg5@acquirethisname.com,Male
da8ae7ca-823c-4f12-9d2b-1c908c28d679,Johny,Ashingden,jashingdeng6@nature.com,Male
955f723b-35f7-4cf9-9b41-f89b2a55740d,Brander,Macieiczyk,bmacieiczykg7@wikispaces.com,Genderqueer
2c357614-8f6d-4444-9007-1393cee00465,Kasey,Blinman,kblinmang8@bizjournals.com,Female
4d17cd9c-98d0-4488-accc-45b4c2c7e991,Dayle,Lejeune,dlejeuneg9@unblog.fr,Female
faff47d8-a62b-4592-96c6-bdae58e9658e,Rik,Arrow,rarrowga@tmall.com,Male
a6de9137-30c2-4dd0-9399-64987ecd2d5c,Andres,Pennetta,apennettagb@youtube.com,Male
21ffabee-ee7a-4649-9669-6ea3a1b6f406,Henri,Eginton,hegintongc@livejournal.com,Male
e0d3e3a1-4d8a-46e3-bc6b-af6c415086a8,Lodovico,Brew,lbrewgd@nature.com,Male
252c9c91-ed56-44bc-943e-40499cd189a3,Emelen,Lahy,elahyge@cafepress.com,Male
57a09642-de70-4e55-aa49-da465b33e3e5,Kain,Tapley,ktapleygf@sun.com,Male
58d2bdfb-19e7-46e2-9651-fecb926f2f78,Tiffany,Ciciotti,tciciottigg@youku.com,Female
fb44a984-fecd-4eaf-8350-d76b3dd1cda4,Gaspar,Kulicke,gkulickegh@drupal.org,Male
bd4ffb35-8a23-4e29-9d5c-f44d585545c7,Riccardo,Rodden,rroddengi@washingtonpost.com,Male
fe14cf69-984f-48d5-9f0d-0e15efff994d,Alecia,Rosita,arositagj@icq.com,Female
0c61e5a7-54a6-4766-b43e-d71da8c92333,Waldemar,Borzoni,wborzonigk@google.cn,Male
14193ff7-ea6c-4208-b8ef-ad7c138b5db3,Kassi,Marsland,kmarslandgl@cloudflare.com,Female
2ed2a177-51cf-4738-8b06-ff0e3cc94f32,Min,Boodell,mboodellgm@indiatimes.com,Female
1ea3b112-4f32-4ccb-9638-04833c4fe2d5,Carissa,Dewdney,cdewdneygn@flickr.com,Female
5f2498cc-55b4-4ebc-8b3c-f792dc5b717f,Bradney,Kenny,bkennygo@microsoft.com,Male
1190fa8a-be88-449a-8d92-c4c959021463,Yardley,Ghent,yghentgp@parallels.com,Male
f85aa8f3-d696-410b-affb-11582d4ba1a6,Neils,Mattschas,nmattschasgq@oaic.gov.au,Genderqueer
2aaf7957-be17-48db-87ae-0427e227d630,Hort,Bragger,hbraggergr@myspace.com,Male
f8332fbd-9745-4a96-9bf7-955bc2aa5146,Rona,Arthurs,rarthursgs@issuu.com,Female
72e81f0f-4f1e-4d0d-a789-81231286cead,Arne,Chesters,achestersgt@weebly.com,Male
461158b3-c32e-4798-a6b8-b1325b3d1d30,Drake,Schulter,dschultergu@simplemachines.org,Male
1de28caf-a688-4fd8-a787-c9e4eb84c0de,Winni,Swinley,wswinleygv@smh.com.au,Female
3ec820e1-3d5a-402c-a14c-8f4c98a70c83,Olivero,Halm,ohalmgw@tiny.cc,Male
f0e6e49a-6ed6-4bd9-ab9b-8137c9648c47,Cariotta,Romi,cromigx@engadget.com,Genderfluid
ab22d55f-a7e6-46d5-b7ab-06ee979ce2e9,Artemus,Cardiff,acardiffgy@shinystat.com,Male
207b796d-8605-4045-a60c-8bef4e06bae7,Gerald,Curner,gcurnergz@scribd.com,Male
c1d397e2-0b2d-4bb5-a2fc-c01b11c8afad,Tresa,Ruggier,truggierh0@desdev.cn,Female
076b7d53-4707-486b-8400-e9a3e6b421f8,Leroy,Yerrill,lyerrillh1@independent.co.uk,Male
4e37e72e-496e-4005-b61f-0a75f34d4b01,Malvina,MacMakin,mmacmakinh2@washington.edu,Female
969fd34d-d000-4bc4-9b9f-e90c060bc14c,Oliver,Cords,ocordsh3@theglobeandmail.com,Male
eb536fb4-2ead-484c-bc19-4f6656962877,Kalinda,Laurisch,klaurischh4@census.gov,Female
7e4a5a7e-9180-40e8-bd6a-bb84c7b2a1aa,Sallyann,Mishow,smishowh5@prweb.com,Female
cb8de8e5-8b00-4e19-9341-b219dce7d683,Chris,Onion,conionh6@washingtonpost.com,Male
2f422a99-c044-4101-bb07-34786ff9ac59,Margi,Morter,mmorterh7@blogs.com,Female
93f39500-548c-4b2f-9f07-23ec8f59296f,Darell,Kinset,dkinseth8@loc.gov,Female
74b1c253-4452-4b2d-96ab-4ddcc449f289,Sly,Quiddington,squiddingtonh9@moonfruit.com,Male
9ddfe2a6-a528-462d-82b8-4d1f68c3b666,Allie,Taudevin,ataudevinha@theatlantic.com,Female
ac67ca11-90f4-4051-821d-457a40fa686b,Gregg,Rubery,gruberyhb@google.nl,Male
219bc8fb-5fdb-4bdc-be52-c57183c9172d,Hannis,Eade,headehc@youtu.be,Female
cac30e38-ed63-46c0-8c93-6baa6341c8a5,Cosette,Batchan,cbatchanhd@netvibes.com,Female
5ead0d47-8d57-4e40-acef-eef481fc73f1,Lucine,Clatworthy,lclatworthyhe@ameblo.jp,Female
056ce074-ed46-46f0-aeeb-5a48b8173e58,Quinta,Domesday,qdomesdayhf@answers.com,Female
82f12b03-eb22-4bce-97ee-f96a37cd4c27,Rey,McGavigan,rmcgaviganhg@rediff.com,Female
cff03ffc-5c2c-48cb-b742-4e0bbf4e92ca,Durward,Swatten,dswattenhh@ted.com,Male
1a621a13-5156-45a9-8cee-5eab9026b92b,Paula,Lanning,planninghi@hatena.ne.jp,Female
d28c9dcd-97ed-4a41-a1c8-bf5fd7a3d67b,Carolin,Smerdon,csmerdonhj@cargocollective.com,Agender
d5baeb48-5dac-4055-9cba-088cddebc2cc,Nollie,Burnet,nburnethk@eepurl.com,Agender
706bea8b-66f2-4f1b-8fa3-f08b9f11ed30,Venita,Mitchell,vmitchellhl@squarespace.com,Female
04515da1-a567-4052-aa99-a0c6fcd66397,Harp,Bundy,hbundyhm@opensource.org,Male
17297c84-05db-4c53-baf9-3861a600b0d5,Gabie,Feore,gfeorehn@goo.ne.jp,Female
cc178b59-0a09-4e69-b384-102d8ae09e1e,Dix,Goracci,dgoracciho@dropbox.com,Female
abb570c8-7f0c-46c5-9419-9411cdd9e1fa,Monro,Montez,mmontezhp@unc.edu,Male
05bc2a32-2f1f-4d0f-ba60-84aa6f68bb0b,Shay,Zmitrichenko,szmitrichenkohq@mail.ru,Female
e468c852-63e9-4ae2-a041-c6bc911a08dc,Merwyn,Yoell,myoellhr@psu.edu,Male
db9cdb27-2f32-4c7c-8845-6a2ea51591f5,Gussy,Stegers,gstegershs@example.com,Non-binary
a60a620e-f47e-4ffa-9963-92fc391ae6cb,Ignacio,Salmen,isalmenht@hexun.com,Male
a8f69396-9d92-45b7-871d-27ab18785be4,Pauly,Yves,pyveshu@youtu.be,Female
9d7efbc0-f290-4cf9-9917-40bb27c23630,Darline,Nevinson,dnevinsonhv@ustream.tv,Female
2952a61a-68a5-4a9c-804b-5c3618c48e54,Clyde,McGiveen,cmcgiveenhw@bizjournals.com,Male
bedcea7d-c7b5-41cd-8b82-1de2582aa952,Sari,Pettendrich,spettendrichhx@ucoz.ru,Female
9103d587-3eb9-4c93-a9cf-f80f8cfadc87,Fania,Arlow,farlowhy@zimbio.com,Female
f07e2655-7ff3-42cc-b4e1-d6dcdd3ced25,Nanni,Vlach,nvlachhz@instagram.com,Female
fb1346cd-f2d3-4282-8425-546351c7bca7,Alanson,Common,acommoni0@unesco.org,Male
7d056ee1-902b-4455-a69e-dc9673342520,Rainer,Muddicliffe,rmuddicliffei1@yellowbook.com,Genderfluid
2952428d-ddeb-4dba-b2bb-681ac9d86911,Brendis,Tisun,btisuni2@usgs.gov,Male
e1875352-eff6-4bc5-bec0-5535bdb57d0f,Emyle,Lamburne,elamburnei3@multiply.com,Female
afb4ac6c-5031-43fb-a38c-64dbda7a1e05,Aloysius,Van Brug,avanbrugi4@gizmodo.com,Genderqueer
f2e8f913-845f-4ecd-8409-2014f66d8a84,Ambur,Grieves,agrievesi5@dagondesign.com,Female
5f4f56f8-277a-4671-9f28-273aa9eb3aa3,Tommy,de Leon,tdeleoni6@cornell.edu,Female
b66922ca-80ec-4ad4-be3b-b518c7d15b0a,Quincy,Ivanyushkin,qivanyushkini7@lycos.com,Male
6266307e-13de-4655-babb-edd1e0081808,Alex,Crosseland,acrosselandi8@slideshare.net,Female
48570d43-5f74-41aa-ab60-bac71511f079,Anna-diane,Nattrass,anattrassi9@ning.com,Female
f92af980-9265-444f-b5f0-977e5bb4aa76,Zolly,Purrier,zpurrieria@china.com.cn,Male
e8d92ab7-86c5-40ec-a0e2-1154fb3aaf69,Georgeta,Akett,gakettib@chron.com,Female
18bb5232-4eba-4a3a-8a5b-4b3620c629dd,Thea,Buffey,tbuffeyic@netvibes.com,Female
509d341a-b6e8-487c-975f-39a22b04c302,Nell,Delue,ndelueid@vinaora.com,Female
be871bb9-cf64-4b22-9203-c9beb4fde1bd,Cassie,Merlin,cmerlinie@is.gd,Male
28231d89-e52c-452c-85f5-f0e95131b643,Chiquia,Ludron,cludronif@mac.com,Female
4aa0dce6-51bb-431a-aae3-d800eee41655,Hurley,Bonifant,hbonifantig@hostgator.com,Polygender
32dcd42c-eb6d-4cf4-99ff-73c20ea3cb2e,Kermy,Moen,kmoenih@nih.gov,Male
d0000670-6898-47e3-9dbf-78433524fa62,Klement,Callingham,kcallinghamii@whitehouse.gov,Agender
93aff272-205c-46b7-abe3-b288859de58b,Marylou,Bewley,mbewleyij@wix.com,Female
10829000-d16f-47c6-a710-1e89a32e611d,Mada,Valdes,mvaldesik@phoca.cz,Female
48857d81-5430-419b-878c-9ca407ae223a,Raymond,Mozzini,rmozziniil@buzzfeed.com,Male
900a48e2-1fc1-44e5-929c-1cdf9b617cb0,Gwenneth,Screwton,gscrewtonim@digg.com,Female
d7fb1672-78f6-4c12-aeea-2b3b91c14093,Meridel,Kirsch,mkirschin@miibeian.gov.cn,Female
88934d46-3256-4a39-bf20-9d474f604ebd,Jeffy,Lacheze,jlachezeio@census.gov,Polygender
32a1a1c6-d4ee-45c4-8cd6-fee23f8abb51,Flin,Schiefersten,fschieferstenip@whitehouse.gov,Male
c0de0a7c-0d30-4dc6-b5f0-b7e233e8d79d,Anthony,Saunper,asaunperiq@elpais.com,Male
76c7aa08-94bf-411e-a620-726fccfb9c61,Gusta,Olyfat,golyfatir@google.cn,Bigender
d905a02c-b4c6-4213-bd05-1ff8ab8feb23,Doro,Broxholme,dbroxholmeis@reference.com,Female
995eeaef-5dce-4d73-a4ea-14f0d951fe28,Tito,Wansbury,twansburyit@vinaora.com,Male
3aaa1eee-0cac-460a-81ca-62a91de2812f,Bellanca,Maidens,bmaidensiu@hatena.ne.jp,Female
645b2e61-8b62-48e7-a716-6fcba6d651c4,Ave,Lennon,alennoniv@umn.edu,Male
33ac9ff4-a4ad-460d-ab04-9460ac581a41,Beau,Attewill,battewilliw@nbcnews.com,Male
76434667-df1a-472b-9277-7f86aaa5cb85,Alisander,Fayer,afayerix@whitehouse.gov,Male
d71a2b44-6452-48d4-8a9a-e47ddab51d05,Tris,Hynson,thynsoniy@blogtalkradio.com,Bigender
af073f82-3eb8-479c-afda-88ec2fb3386f,Marilee,Harm,mharmiz@huffingtonpost.com,Genderqueer
5e05423c-7716-4aea-8b17-dc28ca005fb6,Thain,Littlemore,tlittlemorej0@alexa.com,Male
e14f7fb3-a252-4913-87f6-c38731f664bf,Skippy,Cubbinelli,scubbinellij1@geocities.jp,Male
411c8a40-1d46-49d9-a597-c3e6e35f33ef,Frayda,Raine,frainej2@123-reg.co.uk,Female
d5a246d0-60f1-4243-902c-8c9bb656dbfe,Jeth,Dunstan,jdunstanj3@themeforest.net,Male
628b76d5-c47a-4b68-9ecf-f2958d7a3ff2,Gale,Balling,gballingj4@squidoo.com,Male
8b149319-117a-4b1a-aed7-8c39742a6543,Rodrique,Essery,resseryj5@icq.com,Male
d26d7d1d-1839-4e90-a30d-20b3e2ef9c1d,Rutherford,Kornes,rkornesj6@baidu.com,Male
cfc7a36b-7668-405e-aca3-2d3d92de64cb,Amelita,Greatreax,agreatreaxj7@imdb.com,Female
a84eea53-56d9-454f-bf60-0d2c3c573b69,Pernell,Loxston,ploxstonj8@webs.com,Male
0611f468-f1a9-4b83-b8e0-b9a51585e541,Timoteo,McCarney,tmccarneyj9@cnn.com,Male
7ac19a0c-7d8e-4885-ad19-81d65bea22a9,Nathalia,Treven,ntrevenja@theglobeandmail.com,Female
b15dffe3-76b4-4fea-8426-b2802c81919e,Graig,Simone,gsimonejb@blogger.com,Male
42a4236c-c409-473f-96de-eded6de6392f,Fanni,Paydon,fpaydonjc@clickbank.net,Female
89514873-3564-4321-af07-711978fcb078,Renaldo,Duffrie,rduffriejd@t-online.de,Male
30009c5f-e5d4-483d-a451-2963da4577ff,Kaspar,Pettifer,kpettiferje@godaddy.com,Male
b18f3d5d-6cab-4b8f-b71d-098fde3ca9dd,Ardenia,Fenelow,afenelowjf@google.it,Female
9b156cd2-7547-465d-8d17-c2ed9143d018,Arny,Poulden,apouldenjg@archive.org,Male
676d6c26-ecd9-4a48-b621-8d9891608357,Norine,Riddle,nriddlejh@com.com,Female
5f673c4a-b1f4-4542-a182-61bce969385d,Odie,Dawkins,odawkinsji@sakura.ne.jp,Male
073730cc-526a-4870-a069-5654678b0ace,Ramsey,Keijser,rkeijserjj@nhs.uk,Male
442ca803-c2d7-41dd-869e-24f353b3f397,Laurene,Seaman,lseamanjk@slashdot.org,Female
6e3041d2-0a0b-4ede-a035-bd4a9047b3a8,Der,Marvel,dmarveljl@ifeng.com,Genderqueer
f3808062-7ff5-43fc-9099-09d3d4aeccda,Forest,Necolds,fnecoldsjm@indiegogo.com,Male
437ca920-d86b-41b1-b4aa-c4b6758614f1,Dixie,Covill,dcovilljn@ehow.com,Female
bdafddd0-1f63-44aa-986c-6ea3df395824,Hansiain,Wewell,hwewelljo@thetimes.co.uk,Male
195fc246-d699-4b28-b559-4f4be46f95ba,Brennen,Gerrill,bgerrilljp@biglobe.ne.jp,Non-binary
9b8cec66-26e0-4f7b-a87e-a83adc398963,Spike,Killick,skillickjq@disqus.com,Male
f9dbd695-4fa1-4988-a002-93734e2f4ef2,Onofredo,McKinie,omckiniejr@jiathis.com,Male
7ff60113-293d-4149-9be3-1228c81273db,Harlen,Hauch,hhauchjs@vk.com,Male
be611f02-6958-4f50-845c-6cbab0bd4453,Miof mela,Hofer,mhoferjt@opensource.org,Female
04e6fb90-35d7-4c82-9cb9-69e4218c2d3b,Dino,Graben,dgrabenju@thetimes.co.uk,Male
2b82094c-5943-40ac-a9c5-8997f091904b,Yasmin,Bricket,ybricketjv@blogspot.com,Female
83d9543c-6e6a-4dee-a2e6-d3fe53db38c9,Susannah,Kitchinghan,skitchinghanjw@techcrunch.com,Non-binary
f5853fe2-b26d-4b81-8888-e043aef32c16,Lambert,O'Dunneen,lodunneenjx@alexa.com,Male
db94e82e-2024-4da6-9d97-1a481605074c,Alfreda,Lavalle,alavallejy@seattletimes.com,Female
ffce8009-4335-45e2-ab5d-f6de67678511,Israel,Gianasi,igianasijz@alibaba.com,Male
ce28b7a2-89be-457f-a986-555c389f1f62,Rickert,Windham,rwindhamk0@jimdo.com,Male
a3f51683-e437-4818-a45c-2f04080dd61a,Perceval,Heersema,pheersemak1@google.cn,Male
7a4a857a-8fc3-4082-8b51-fef3090b5989,Sascha,Dunsford,sdunsfordk2@house.gov,Male
1197eb86-191c-42ab-871a-26acab531d39,Christiane,Bodesson,cbodessonk3@blogspot.com,Female
03685cd9-8967-4066-8098-848507bb62e6,Yuri,Dow,ydowk4@rakuten.co.jp,Male
a6d133d8-6cbe-4054-99a2-3ef8b4f782ab,Gene,Scandred,gscandredk5@mysql.com,Male
34b1cf49-b0f7-4cc6-bbce-a8ccb8a422b1,Jasun,Maddock,jmaddockk6@fema.gov,Bigender
1b6680cd-4219-4272-8939-492cc6c2c8f9,Kylie,Udell,kudellk7@merriam-webster.com,Male
3158ff5c-7087-4fa8-912d-b242702b26a7,Johnette,Gehringer,jgehringerk8@goodreads.com,Female
dd4f81de-7989-4342-b32d-660602c295fb,Lennard,Kilius,lkiliusk9@instagram.com,Male
5c5bd1b0-b6d1-46c6-ad95-a5e225195513,Nowell,Fountain,nfountainka@wikia.com,Male
eeffebc0-039a-4110-85d4-1c14cbdc250a,Jeff,Mokes,jmokeskb@surveymonkey.com,Male
90dd2785-3690-498c-9cca-b054083e0381,Sampson,Joynson,sjoynsonkc@indiatimes.com,Male
3db1506a-8ce3-4a45-a101-9989e517b27e,Roxy,O'Donovan,rodonovankd@xrea.com,Female
78e360c9-49f8-43e6-8cc6-4ceaf8c219aa,Victoria,Lowdeane,vlowdeaneke@reference.com,Female
0ce12bc9-add0-451a-9355-5846e4214082,Reagan,Saterthwait,rsaterthwaitkf@adobe.com,Male
5827f536-435a-4dbe-a4f4-625bb4304a9c,Lissa,Greeve,lgreevekg@timesonline.co.uk,Female
bd37b154-90a3-488b-9b04-ea9c77055f83,Alaric,Birchenough,abirchenoughkh@domainmarket.com,Male
97ca906a-a0eb-4f85-8246-2d63b804fa88,Sande,Stenet,sstenetki@harvard.edu,Female
195967e8-944f-48ae-8d9b-d54155bb624c,Mable,Hammond,mhammondkj@nydailynews.com,Non-binary
1b49cb99-063b-42d4-ae9c-ed69412be98e,Meade,Rawlinson,mrawlinsonkk@vimeo.com,Female
6d4cade4-1e72-4321-b4e3-74238a4cc882,Lyon,Berresford,lberresfordkl@uol.com.br,Male
6a35e34d-68f3-4640-8a04-7dec18f1ea8d,Una,Misken,umiskenkm@mtv.com,Female
9711da48-b4ae-4f9a-a48e-cf93bafabfe2,Gabriello,Nendick,gnendickkn@artisteer.com,Genderqueer
4e9b111e-e037-483f-abe6-e8ca032cfe20,Pail,Kelly,pkellyko@behance.net,Male
74089474-b8b8-4de8-85e1-51a4a1d93826,Leigha,Follows,lfollowskp@csmonitor.com,Female
9e1166bc-7e73-4ae9-b1b4-7c9ad99a025c,Lanna,Fabri,lfabrikq@oakley.com,Female
9097c108-3946-417a-ad05-78f74475c0f3,Gussy,Clemence,gclemencekr@google.com.hk,Female
488cfee3-bead-4e01-a651-55c1abd6e290,Garvy,Sends,gsendsks@nytimes.com,Male
78de4a06-fece-4ce1-873a-c7bc85cbb105,Helena,Carlin,hcarlinkt@squidoo.com,Female
56b797d2-9c4f-4c02-96ae-49291d2d944b,Nancie,Stockow,nstockowku@mtv.com,Female
f15491e4-78f6-481e-aca7-f2fd9a581ca3,Ninnette,Brangan,nbrangankv@lycos.com,Female
0f4d7ebf-0d72-4384-81bf-4f1fc1347d24,Errick,Font,efontkw@hud.gov,Male
1260758f-1144-4016-a1e4-23d594487b73,Lamond,Jarman,ljarmankx@wufoo.com,Male
acbffeb7-e3d2-45da-b3ae-07077da0a9bd,Clarine,Hewins,chewinsky@usa.gov,Female
9667a5f5-20cd-4c10-a58f-dddd8be17142,Kati,Adriaens,kadriaenskz@spotify.com,Female
63c63ad9-6c86-4af0-946f-069000cd1734,Sibbie,Kettleson,skettlesonl0@smugmug.com,Female
e630ee18-cbaa-4cc5-b40f-aee9d198e708,Nerissa,Billborough,nbillboroughl1@people.com.cn,Female
ed7c0f90-c3b5-4f1e-9fe2-f9cb6c4b1b96,Berti,Theze,bthezel2@networksolutions.com,Male
f493299a-d0ce-4a3e-be42-fc5b4143b45c,Willy,Kenward,wkenwardl3@mtv.com,Female
d0052c44-bc44-4bff-ab3d-a17e389113f6,Pierette,Cullotey,pculloteyl4@mlb.com,Female
6b876bd1-a3e7-469c-9bde-3271824e2ed7,Lane,Crookes,lcrookesl5@sina.com.cn,Female
34834a91-be79-46a4-8527-28ad77af5ab7,Eveline,Hateley,ehateleyl6@buzzfeed.com,Female
cfd82530-c555-482c-9459-080bcdb347e5,Harlin,Leman,hlemanl7@instagram.com,Male
c166d87f-f984-453a-bc39-c8f69e9fca58,Cornela,Randalson,crandalsonl8@etsy.com,Female
1df98343-56da-4dfb-ad46-bcc574445f68,Orran,Cromley,ocromleyl9@hao123.com,Male
0182c3fc-6437-4e99-a057-2a885b28b236,Sunny,Pheasant,spheasantla@va.gov,Polygender
8c5e40f3-9e58-45ab-b12d-97fb96c8122d,Norrie,Jakubovics,njakubovicslb@vk.com,Female
3623b96e-5f91-45a2-a6a7-7021593df03b,Gilbertina,Boribal,gboriballc@spiegel.de,Female
50e3cccc-df26-47af-bf5e-290ebdb1596c,Glennis,Crockett,gcrockettld@dion.ne.jp,Genderfluid
b531fc64-f4fa-46fa-821a-48e9fccc89b8,Darryl,Carsberg,dcarsbergle@springer.com,Female
f11d92b2-b1ba-4fa7-9397-5b7cff2356da,Thom,Caudelier,tcaudelierlf@scientificamerican.com,Male
e345bd36-397a-4469-a6aa-a8fd7bc39b86,Richie,Claisse,rclaisselg@arstechnica.com,Male
5a4320c4-d600-4353-9a1d-92ac917e6dff,Philbert,Spenton,pspentonlh@hud.gov,Genderqueer
eeda3a39-97d9-42d5-817e-e8cd4f02a8d3,Cully,Wingeatt,cwingeattli@omniture.com,Male
ecafcf0e-d54f-441b-acd4-4e6705b67015,Sissy,Antognoni,santognonilj@furl.net,Female
50b2fb59-d814-404c-b41c-090d94719d9d,Felizio,Baudacci,fbaudaccilk@sphinn.com,Male
b2add34b-5e90-4ee8-969c-bbc47f115057,Jaymee,Kynett,jkynettll@whitehouse.gov,Female
0e3c2850-9825-4899-ac32-5e2d48b56db7,Wheeler,Crimes,wcrimeslm@twitpic.com,Male
ea11f2d8-dee2-4249-8ca9-aaa456ec49e7,Edd,Doddridge,edoddridgeln@bloomberg.com,Genderfluid
129b8a18-883c-4f3d-9cde-423ad87f3a2a,Hyatt,Longthorne,hlongthornelo@ycombinator.com,Genderqueer
3468c2e9-679e-4f66-b61d-b62f27089a40,Daren,Skerrett,dskerrettlp@biglobe.ne.jp,Male
bbf4e7a8-aa07-4178-b75e-510307566553,Tabb,Castellucci,tcastelluccilq@163.com,Male
3638f91c-8477-45fc-8d8e-5d1a48fcebcd,Herman,Robens,hrobenslr@123-reg.co.uk,Male
796be1fb-43a3-42bb-839b-62b3aee0b4da,Brnaba,Glavias,bglaviasls@goo.ne.jp,Male
5f9bfbfe-c18f-4f83-bdc2-a55d3874a57c,Lianne,Dainter,ldainterlt@google.cn,Female
d5223943-0367-401d-86f6-e2d8009147e7,Nicky,Bussens,nbussenslu@last.fm,Male
b71ab793-7dc1-4cad-b144-39f3bf2c3ae4,Anastassia,Norcock,anorcocklv@mashable.com,Female
34f8954a-408a-4fba-b0c4-583c95225403,Garey,Devote,gdevotelw@miitbeian.gov.cn,Male
836d7b21-6dea-4a11-8b45-392be8156e84,Nelia,Nowland,nnowlandlx@surveymonkey.com,Female
9a2030b4-e312-4aae-97bf-6c1fe27c3a93,Kaela,Bish,kbishly@upenn.edu,Female
1bdd98b4-67a0-47c3-a52d-47b8c6a43481,Amalee,Winny,awinnylz@fotki.com,Bigender
943f026b-1fb2-4e5a-9d74-306bc7f26163,Addie,Von Salzberg,avonsalzbergm0@merriam-webster.com,Genderqueer
d1aaa341-91ec-4145-81da-46ace2b8a70a,Pincas,Desaur,pdesaurm1@mit.edu,Male
17ab0eb5-223a-47b1-8141-6840febc42aa,Lincoln,Hoyles,lhoylesm2@europa.eu,Male
bb3d5a2e-e28f-4042-bbf2-46d121685c3e,Codi,Reaman,creamanm3@skype.com,Male
85e76f36-349b-49fc-9ee8-0b9e44e7979b,Marianne,Sillars,msillarsm4@youku.com,Female
630e27ff-6f5b-45bc-b819-df1f4498a60a,Tova,Seagood,tseagoodm5@hhs.gov,Female
89c62251-24d0-47ef-93a9-80eabf1b07e6,Wilma,Dracksford,wdracksfordm6@wp.com,Female
017e8ea2-d03c-49e5-b3f1-facaee6daeee,Thomasa,Hutcheons,thutcheonsm7@symantec.com,Female
2996d3c4-a041-4cbc-add7-2ae46a4b07f5,Tab,Terese,tteresem8@ucoz.com,Male
005235a9-5905-4c41-a805-73bbd6341ef1,Aylmer,Harkus,aharkusm9@com.com,Male
1c7bd023-b358-4ecf-9603-0ecfd97c8264,Marsh,Brogan,mbroganma@cargocollective.com,Male
d67a53e1-1d91-4310-8cac-bd8a99ba130d,Tully,Croisdall,tcroisdallmb@princeton.edu,Male
77a96b2a-0d07-4f90-99b5-baae6526428f,Elenore,Jillitt,ejillittmc@washington.edu,Female
2b51b27d-f380-4748-93e6-b6beda1d177f,Devina,Enos,denosmd@reddit.com,Female
a1f2c718-a78b-4ccb-acb1-08925e4e8ed8,Web,Fielder,wfielderme@nymag.com,Non-binary
bf06b2a8-d8ee-48b9-b1aa-a2503b7aa4a0,Glenine,Calloway,gcallowaymf@desdev.cn,Non-binary
52e6d149-6a18-44ad-8c2e-8030e6109674,Northrop,Chisholm,nchisholmmg@wsj.com,Male
acf2f613-3bf8-4431-8991-c20848ee3854,Niki,Motion,nmotionmh@e-recht24.de,Male
8935447a-ac81-46b7-9ad2-09132cb0a04e,Nathalia,Twining,ntwiningmi@pinterest.com,Female
9ba1152f-666e-41fa-af24-6787ef46d3ba,Elmo,Keohane,ekeohanemj@webmd.com,Male
d7ce785e-e9aa-4dc0-95ec-82f66b82b6dd,Sutherlan,Savary,ssavarymk@newyorker.com,Male
ec65d4fb-6175-4685-be6a-2bf2c3767c7e,Celesta,Pendred,cpendredml@umich.edu,Female
a81f6dc9-3b3c-49e4-8661-218f2b65ba2c,Ralph,Newhouse,rnewhousemm@ucsd.edu,Male
6fb8ef0a-f6b0-4ca0-bf40-a38783b4ecdd,Hans,Giamitti,hgiamittimn@google.cn,Male
70e55563-9c5d-456a-a7da-5a532601d8ee,Rochella,Garrison,rgarrisonmo@apple.com,Female
0da824ad-c036-4a82-9454-fad1cb357aa8,Adolf,Peacham,apeachammp@nydailynews.com,Male
8e40c8d9-591f-4c2e-92a5-70fd20523ec8,Errick,Klossek,eklossekmq@ihg.com,Male
ea49e487-272d-461a-aadc-189650f06139,Grayce,Attwell,gattwellmr@reddit.com,Female
2d5cbbb3-d0c3-4fb4-b915-27206e9d9013,Nichole,Pietrzak,npietrzakms@comsenz.com,Female
501f35fc-ca4d-4cb3-8c1a-c2de30d756d4,Gwenneth,Groom,ggroommt@mlb.com,Female
f805af59-f703-4778-87dd-74a2c5e37ffa,Pollyanna,Tellesson,ptellessonmu@github.com,Female
6cf306b5-94c1-4de0-aad1-f72f0420f4a1,Saul,Gornall,sgornallmv@cbc.ca,Male
171f5509-1870-4f10-a6fd-0713d7889600,Tuesday,Dore,tdoremw@thetimes.co.uk,Female
c88302dc-7395-44b1-9937-3f180f5b4835,Linnea,Adds,laddsmx@lycos.com,Female
c74eaaa1-1820-475c-8566-82e96e680720,Mallory,Friary,mfriarymy@wordpress.org,Female
580f80ca-0aa2-497e-969d-af18a43c05eb,Georgena,Hattiff,ghattiffmz@github.com,Bigender
d699f558-76ad-4e8d-9573-92419cb639e7,Xylina,Reavell,xreavelln0@howstuffworks.com,Non-binary
ea78e0b2-6ee6-4f47-88c4-4d27e3e32cbd,Cecilla,Franzoli,cfranzolin1@sun.com,Female
9ad32511-e0c4-4557-ba28-45c9086bd5bb,Bob,Petasch,bpetaschn2@google.co.jp,Male
202faf95-4a5a-4251-b555-229c9d875c65,Cinderella,Peschet,cpeschetn3@google.nl,Female
d54e6512-6ffc-4e90-8b31-bf62c5d12d6f,Caroline,Burkill,cburkilln4@trellian.com,Female
57984dd8-bb48-4ed6-89d8-f8c4567ddbff,Karlee,Dunphie,kdunphien5@tmall.com,Female
c23875ef-672f-42b5-acb0-068b2eb4c04e,Michale,Hutcheon,mhutcheonn6@wordpress.org,Male
60b462fa-aa6c-48c3-ace8-8f1eada516f0,Thia,Corinton,tcorintonn7@wordpress.com,Female
ae6af219-2f43-4b88-8fae-686d376baf5b,Frazier,Jarrard,fjarrardn8@ameblo.jp,Male
69f0fa88-37a4-47ee-979d-5f25093c9ce5,Zeke,Turbat,zturbatn9@yandex.ru,Male
63bd448b-483a-4fb4-8420-9212e177cbcc,Daffi,Keir,dkeirna@yahoo.co.jp,Female
0c39a31c-4545-460a-9a2c-5c27c102079d,Dottie,Brumen,dbrumennb@amazon.co.jp,Female
28e2cd14-3aef-4d70-864d-02c12330d232,Moselle,Clucas,mclucasnc@t-online.de,Female
e8005e8a-03af-45cc-8c2e-24b547e2e6bc,Georges,Eastes,geastesnd@dion.ne.jp,Male
92605763-4b30-4a69-95b5-0b7c1c190eda,Nickola,Sille,nsillene@weather.com,Male
44a26bc3-33a2-45d7-9098-0a713752125c,Carlyle,Akid,cakidnf@123-reg.co.uk,Male
cd150984-b272-415e-b7e0-d64ad3a45070,Martyn,Bosma,mbosmang@mac.com,Male
e81e0554-5025-4261-af96-242d9a1a24ee,Thane,Lidster,tlidsternh@admin.ch,Male
65f61dea-6ae2-45ef-97ae-68406e21fa9e,Wald,Bowerbank,wbowerbankni@usnews.com,Genderqueer
3341ab2c-412a-4eb0-9b19-fad862b9c9ac,Lurette,Warin,lwarinnj@ftc.gov,Female
f71fe1c9-4c7d-4d16-8b03-68b7b9a39628,Brittani,Budding,bbuddingnk@thetimes.co.uk,Female
9d50bde3-59f9-476a-b971-7d746e4d94ae,Erin,Hammill,ehammillnl@jigsy.com,Genderqueer
e20e1a97-a363-415a-9679-2ae7ec477159,Candy,Bedinham,cbedinhamnm@uiuc.edu,Female
79155301-d57e-4363-b5a0-12008c3ba776,Joannes,Freckleton,jfreckletonnn@123-reg.co.uk,Female
a051bc46-5aa6-4e08-8401-7fed972c97bb,Rhiamon,Castagne,rcastagneno@csmonitor.com,Agender
767cc5b6-50f8-4707-8b7e-0b8af3aba53e,Anette,Lawson,alawsonnp@ibm.com,Female
befa7da2-5428-4394-95d5-5fba72dd3395,Adelaida,Hazeley,ahazeleynq@altervista.org,Female
da7737e2-2fa6-4d42-a73f-229fa9816cc4,Greg,Maving,gmavingnr@sogou.com,Male
7e8c37e0-bd57-4465-8cdf-aadd2e9d17aa,Cosme,Sylvaine,csylvainens@people.com.cn,Male
73cf3775-cb57-4c0d-9f29-483c27340427,Chance,Wooder,cwoodernt@house.gov,Male
42008e25-a761-41f0-bea2-4038cf79b87b,Robinson,Dudny,rdudnynu@forbes.com,Male
372f4a03-9706-41ec-a375-70416dee07e0,Betteanne,Simonassi,bsimonassinv@meetup.com,Female
ec0b6b2d-95d1-4430-bd27-b9ac36420a2e,Alexandrina,Devonish,adevonishnw@bluehost.com,Female
f4c05024-db80-445b-ba55-db51c4bf2172,Axel,Milley,amilleynx@4shared.com,Male
0d3ee575-8418-4f5a-8b3b-cbac4529d3ee,Hubert,Heady,hheadyny@dropbox.com,Polygender
682604d6-fda0-44dd-97b3-2a139d1b5a7a,Wilfred,Pennrington,wpennringtonnz@yale.edu,Male
99f13907-bbb6-4bef-9b72-d8be3ce6d551,Conant,Whylie,cwhylieo0@google.com.br,Male
fe58563a-0c81-4eb2-befa-5d5b654c31d6,Deanne,Petricek,dpetriceko1@github.com,Female
643becb4-1268-474e-9e2a-a14d45f80866,Stefanie,Foot,sfooto2@xing.com,Female
ef58576c-c212-4269-889d-7ad6df7f1b7a,Karee,Standbrooke,kstandbrookeo3@sourceforge.net,Female
01da3a69-8a06-49b7-9c9a-13669873a1de,Benji,Enriques,benriqueso4@barnesandnoble.com,Male
98dd0d5f-a254-4796-b16d-643546db98c5,Maressa,Woolgar,mwoolgaro5@goo.ne.jp,Female
931713ff-a82c-4c6d-9ae4-866f38f46bc4,Irving,Melmoth,imelmotho6@arizona.edu,Agender
04c4a171-5126-4083-86ba-177d1797bff5,Lanni,Sneddon,lsneddono7@amazon.co.uk,Female
d6acf33c-8241-45ef-a2d4-1aef002d5d78,Angy,Pritchett,apritchetto8@mlb.com,Female
7b5a09c0-b046-438d-83ee-5284f5e33896,Carroll,Akehurst,cakehursto9@tiny.cc,Female
92cadcfa-d278-46fb-949a-fccfee72c0da,Guendolen,Cameron,gcameronoa@telegraph.co.uk,Female
269f53a0-e1e7-4855-9dfa-7b10a42ea650,Valdemar,Hugnin,vhugninob@netlog.com,Male
f4f6f4a7-a130-46df-96bb-0476ef320213,Abbie,Mayworth,amayworthoc@gnu.org,Male
c6a1f3df-532d-46cb-a4dd-21fc3580ebce,Lizbeth,Weakley,lweakleyod@abc.net.au,Bigender
1931f992-67b3-4d0c-8252-118d1dfb9654,Glendon,Bissell,gbisselloe@a8.net,Male
0f0f0d81-8b0a-4e8b-a3c1-f986f4883309,Salvador,Emett,semettof@google.ca,Male
bf043d9f-a184-4449-a64a-bd1cda4c90d1,Rania,Tume,rtumeog@google.cn,Agender
1ab50e0a-eb3e-4fec-a8e1-18b0d25aac57,Cosmo,Alasdair,calasdairoh@paypal.com,Male
49e62c6a-209e-43f1-8b2b-a8273b07f000,Brander,Manley,bmanleyoi@columbia.edu,Male
377530eb-94cf-4b07-b0ce-aeb5a94db1b3,Whit,Neagle,wneagleoj@creativecommons.org,Male
c7b2c7bf-f596-4a7f-838e-5f41b950104a,Martica,Allans,mallansok@liveinternet.ru,Female
f1f2f3ea-8f95-4876-8674-bc6f6e07aac4,Beniamino,Ricardou,bricardouol@washington.edu,Male
fe2bc3a3-86d7-4e07-9143-4736bbc6ea76,Gris,Umbers,gumbersom@arizona.edu,Male
cf2fdfc2-9fbb-428d-a316-06688e2296d1,Dorena,Hartus,dhartuson@accuweather.com,Female
6d8f5df2-4ace-4a31-b2e2-1a84561fe7a9,Tommy,Rooke,trookeoo@sciencedaily.com,Female
2742dcd9-71e8-4262-b003-cef6cd746a7d,Ban,Betjeman,bbetjemanop@huffingtonpost.com,Male
4a20dd4f-e743-49e5-8b28-d171e4929fd9,Gunilla,Gibbins,ggibbinsoq@hibu.com,Female
bb413195-43af-4092-82bc-d53ec4cca093,Elana,Rosser,erosseror@huffingtonpost.com,Female
90d06029-0d07-4f50-be6b-7bb1a6a3b85d,Mady,Fridaye,mfridayeos@artisteer.com,Female
91effceb-d9be-4c63-a968-ecb92ef0cdcb,Kissie,Manilove,kmaniloveot@simplemachines.org,Female
b093e535-4e59-4cc7-b3d2-47d177dcd14d,Colby,Kohlerman,ckohlermanou@elpais.com,Genderfluid
0d67f530-1e46-47f0-a46f-08414612acc6,Judie,Bunyard,jbunyardov@opensource.org,Female
0af46bcf-af04-4b04-934a-810dde21377f,Livy,Methingam,lmethingamow@dell.com,Female
414b36f8-5431-4d78-b61c-7ab160cca5d5,Ruthe,Gadney,rgadneyox@flavors.me,Female
f9207f46-aa1a-4eb6-a669-04bef4386fc3,Merwin,Derricoat,mderricoatoy@wufoo.com,Male
9093ca92-ceb3-45af-acee-cd2473cfe28f,Ole,Rust,orustoz@merriam-webster.com,Male
567842fa-9846-4434-b48a-5673a79eb6b1,Cord,Sears,csearsp0@eepurl.com,Male
d285fce0-edd0-4db0-aa16-cd30d1b6819a,Daria,Friedenbach,dfriedenbachp1@amazonaws.com,Female
60b3102f-d2ed-421a-a255-07ce60732d86,Menard,Sturman,msturmanp2@over-blog.com,Male
f7858efc-9f4e-4da5-b664-5eabb19df6b7,Daven,Pykett,dpykettp3@uol.com.br,Male
6cdab477-a723-4717-b8fa-c71755856995,Coral,Knath,cknathp4@usnews.com,Female
6e0f6f90-f2fc-4c4f-b14b-2b183a73ebf5,Andee,Walbrook,awalbrookp5@wix.com,Female
9e67fdbb-dde5-4f70-b9cb-66558004bb98,Jackquelin,Penylton,jpenyltonp6@github.com,Female
19533127-c938-44a4-a403-781e370406fe,Dorie,Shawl,dshawlp7@npr.org,Male
bd3a0569-7c0b-4d4a-8bfe-2b7845d402e4,Cyrille,Caldron,ccaldronp8@usgs.gov,Male
24c322f7-569a-474f-a6d1-7b2e19448525,Milt,Penwright,mpenwrightp9@yellowbook.com,Male
6fa270bd-76e2-4941-8bee-91006dd746e2,Aida,McQuarrie,amcquarriepa@blogger.com,Female
9a22f0c0-8896-47b3-ba2e-d2428079df71,Marcela,Galland,mgallandpb@jiathis.com,Female
5ea1822c-e41b-442d-8827-e8637cc16ec7,Sherill,Nealand,snealandpc@twitter.com,Agender
4b20a432-3183-445f-a066-51e041e9ae9c,Cad,Gilstoun,cgilstounpd@icq.com,Male
54a4fabc-5bff-4f03-98e8-4b9c73098668,Bartholemy,McKendo,bmckendope@digg.com,Male
da7035e9-83cb-40dd-b4d7-6523545ea4dd,Cullan,Dreakin,cdreakinpf@blogger.com,Male
9c44c477-a9df-4b78-b3b7-b3b9e6000ed5,Pepito,Vipan,pvipanpg@cafepress.com,Bigender
d14a7896-cc90-4d43-ab27-9775be38d8e9,Hadleigh,Chalcot,hchalcotph@example.com,Male
e3abde84-bd9e-4996-99b6-27022344274f,Marybelle,Bowdidge,mbowdidgepi@discuz.net,Female
84d520f4-e6dc-4c7a-9e95-cf1e7f050692,Dore,Beach,dbeachpj@posterous.com,Male
899b492b-4821-4d9a-b898-81774ac70adb,Dee dee,Dennidge,ddennidgepk@so-net.ne.jp,Female
9287bdff-59e5-4d90-aa70-83ef9683c67d,Gwendolen,Fairholme,gfairholmepl@facebook.com,Female
c1be9bc1-3c4a-455a-ae8b-c354b5747d04,Hyacinthe,Rippingall,hrippingallpm@loc.gov,Female
74f7f1f0-3cd9-4ba0-9c7a-64c71df3b24b,Ivar,Clausius,iclausiuspn@harvard.edu,Polygender
1701f64e-f2f8-424f-87c3-9d1a6680a182,Sansone,Arnaudin,sarnaudinpo@creativecommons.org,Male
973dfe45-0fd3-44be-b93e-9dd4c7917f81,Lindie,Longmate,llongmatepp@lycos.com,Female
fd685fee-9887-4874-a328-0a3c9e01c29b,Rice,Krysiak,rkrysiakpq@usa.gov,Male
3a2eca26-c101-4536-a2f0-10369711130e,Hillary,Hantusch,hhantuschpr@economist.com,Male
8efd3abf-b92c-40e2-b986-69b6e0e28da4,Shannon,Keinrat,skeinratps@wunderground.com,Female
3963dc44-0756-450d-97db-41e3d6f9bc7b,Terrijo,Carsey,tcarseypt@surveymonkey.com,Female
b1540b70-59b9-4116-b0a0-26d02e9b01a3,Millie,Commin,mcomminpu@newyorker.com,Female
9805c38d-5f85-4297-850e-4648408dd076,Kelsy,Asbrey,kasbreypv@discovery.com,Female
69a6db31-2474-4218-a236-eb944bc1a7e3,Gerick,Dotson,gdotsonpw@mac.com,Male
3ff41fba-2a9b-487e-b600-b87e4a0fce67,Mechelle,Glazebrook,mglazebrookpx@e-recht24.de,Female
7e92dda7-71b8-4a5b-b3bd-fa698012caa1,Orran,Painter,opainterpy@ocn.ne.jp,Male
caa4c7e8-5791-4f4f-bafa-e281f3b8294b,Gerrilee,Buttler,gbuttlerpz@opensource.org,Female
acf6906d-e246-4fb4-9916-cdc0c321b3f0,Olag,Stormonth,ostormonthq0@intel.com,Male
f2fe293a-fbcc-4330-874a-14d5631476eb,Urson,Lorne,ulorneq1@indiegogo.com,Male
31c4ccfa-85a1-47f3-8bcc-3c6adbfe707d,Kahaleel,De Domenico,kdedomenicoq2@gravatar.com,Male
2bc2233f-5810-4384-b6e7-2a553c9e29d4,Murdock,Watkinson,mwatkinsonq3@constantcontact.com,Male
d746ee76-0653-49a9-a093-6f9e41d6c2b6,Cornela,Lieb,cliebq4@wordpress.com,Female
514cfee3-32e2-4376-b131-0627919c33b5,Park,Hilbourne,philbourneq5@myspace.com,Male
485e9577-e65b-45f8-a8e1-d2cbca7d8636,Gabbie,McReynolds,gmcreynoldsq6@abc.net.au,Male
324232e5-f030-4a58-be50-0053bd947f2e,Christye,Rawsthorn,crawsthornq7@va.gov,Female
6cc31910-4ff2-4584-9f8a-075a0bedd13d,Dredi,Kornas,dkornasq8@pagesperso-orange.fr,Female
23756c49-6a74-4d8f-a631-a951ed5d5c13,Romonda,Inkpin,rinkpinq9@istockphoto.com,Female
70410eea-80fb-48ed-a2a1-f1f37138acef,Georas,Clemont,gclemontqa@ehow.com,Male
74115128-ee25-45ea-9183-e47b66c449b9,Linea,Stonebridge,lstonebridgeqb@aboutads.info,Female
c04eb77b-3786-49fa-9589-58c01f63b73b,Carroll,Arangy,carangyqc@wikia.com,Genderfluid
4d2ab4e9-30e8-444c-bfc2-b2b5439566fe,Greta,Davage,gdavageqd@csmonitor.com,Female
c208df12-2205-4bb0-8e9b-f45993e5592f,Bearnard,Boniface,bbonifaceqe@squarespace.com,Male
9a062d3a-ce3c-4e0c-9ab1-bafa1d099316,West,Syddall,wsyddallqf@twitter.com,Male
7dd8a4d2-ca95-47d9-ac6c-885922b62639,Stern,Hulstrom,shulstromqg@blinklist.com,Male
a4ba4212-c1df-437c-aef9-f5bdd7873408,Ethelda,Macveigh,emacveighqh@geocities.com,Female
89d3c68e-0a85-4901-b8c1-85baf88d9ff1,Jaymie,Painter,jpainterqi@slate.com,Male
ce008992-8de4-433c-95a6-6fa9e8254d4c,Chantal,Sier,csierqj@ning.com,Female
f54c88dc-f9ec-48de-a54d-ab52ff6ee2ee,Sonja,McCloid,smccloidqk@elpais.com,Genderqueer
0f1b800a-00fa-488f-b28d-52c0d2af4d74,Netta,Rogerson,nrogersonql@altervista.org,Female
d6d5c917-c6c5-4e65-b0b0-cb602a4e5a09,Cecilio,McGirl,cmcgirlqm@mashable.com,Male
726b104b-88be-4d5e-8a1a-fd0c19423bd3,Delinda,Top,dtopqn@hibu.com,Female
8c57daf7-64c2-450d-9962-beca4c550514,Hashim,Lambrechts,hlambrechtsqo@bloglines.com,Male
f7dbdd25-ecd3-4ddd-b488-c224bdcc7d84,Stacee,Jagielski,sjagielskiqp@wikia.com,Male
ecdd1842-a51d-4e36-a661-725811350757,Norry,Colebeck,ncolebeckqq@discovery.com,Male
e661cb1f-8bcb-4451-b1fc-08626fd3d51d,Broderick,Royle,broyleqr@tumblr.com,Male
f027b9e8-1baf-4f3d-a699-61de5852e9b5,Mauricio,Eul,meulqs@nymag.com,Male
d9b73bca-30c5-4f7d-9d45-b41368bbd0f2,Germana,Hebburn,ghebburnqt@businesswire.com,Female
19030f18-c27d-491d-9ad8-ee2a509e5b48,Vittoria,Orrice,vorricequ@reverbnation.com,Female
fbb466dd-70ee-4216-aebe-4c1f367ff532,Reyna,Ruskin,rruskinqv@comsenz.com,Female
fab4d63e-a98b-4359-9b21-604c86a43fd1,Micheal,Mowsdill,mmowsdillqw@cdc.gov,Genderfluid
28ef65fc-6328-42f6-b54e-884d19348eb0,Cord,Penhalewick,cpenhalewickqx@chronoengine.com,Male
234dbd6e-8d7c-4a52-81c9-61f69c045c65,Marney,Meader,mmeaderqy@hubpages.com,Female
0d68c7c2-c47d-426d-a4d9-6b574cf86caa,Emerson,Harraway,eharrawayqz@vkontakte.ru,Male
4418f036-9901-4d41-b916-3810df0ee94b,Lyn,O'Loughane,loloughaner0@w3.org,Male
7821c2b5-9943-4d39-a11e-017d59b2fe08,Heidi,Dagworthy,hdagworthyr1@spiegel.de,Female
821024a2-993f-4f3c-8f5a-622a9b907dd9,Diarmid,Balch,dbalchr2@uiuc.edu,Male
29999075-38c9-4048-8aaa-9442f3f66bc2,Ethelbert,Mapstone,emapstoner3@prlog.org,Male
1a5cfee6-4628-4bb0-8a02-975c7cf8164d,Stephenie,Woodage,swoodager4@tripadvisor.com,Female
cc1dc302-bfbc-4136-a560-6d3b21d5e09d,Catherina,Tramel,ctramelr5@msn.com,Female
a5634213-d524-4698-98de-693e73e84adf,Lucine,Du Barry,ldubarryr6@businesswire.com,Female
e2b8ad3a-9b89-4157-8b06-8dfebb9345dc,Talbert,Hartless,thartlessr7@google.com,Male
8bd1f01d-6be1-4440-bc7a-0a8ce480df89,Brittany,Charlwood,bcharlwoodr8@mlb.com,Female
0ad69afc-e6a6-4763-9f66-a81bd0e76ba1,Ramsay,Robens,rrobensr9@slashdot.org,Male
8b11718b-0bf0-4c23-9e4c-2681c95ef824,Artemas,Scholard,ascholardra@nymag.com,Male
d92f6a2c-5c7f-4f59-956e-3af269494869,Arline,Bonas,abonasrb@webnode.com,Female
dd5a2f92-8e15-4ea7-b6aa-1d1141926daf,Byrle,Bostick,bbostickrc@soup.io,Male
7541c9e9-5c5a-443b-8038-911b411b72c1,Waylan,Harwick,wharwickrd@wikipedia.org,Male
17c2015f-9543-4c51-8088-a64c46cb2c48,Agosto,Pinwell,apinwellre@bluehost.com,Male
5b6e0729-7b77-4f1c-8a96-2f20ea619add,Stanly,Cardinal,scardinalrf@go.com,Male
f432cc2a-742f-40d7-ba44-98f0f96b8ecd,Tori,Hamnett,thamnettrg@yale.edu,Female
4fc13401-55a7-4dee-81e0-5492542998bb,Caty,Priestnall,cpriestnallrh@flickr.com,Female
0f21a75f-f677-48ce-8ed8-136686fe27f7,Patty,Lohmeyer,plohmeyerri@hugedomains.com,Male
f3e7bdda-70f7-4789-aaaf-af102f335c2e,Johna,Byatt,jbyattrj@washington.edu,Female
c9848c79-116d-49de-91bc-9dd2d21044d1,Antonio,Northbridge,anorthbridgerk@mit.edu,Male
b602c085-a683-4a61-9462-0432185e5e31,Doretta,Lyman,dlymanrl@wordpress.org,Female
e2d159f5-3f37-4dd2-ac4f-0848cae1c932,Dolli,Peckett,dpeckettrm@parallels.com,Female
2e894763-2fb4-4381-84de-5b7a673c0127,Cecilia,Van der Baaren,cvanderbaarenrn@jigsy.com,Female
b24dc32b-16cf-4ed1-be16-0ec830c7a8ad,Gris,Lazenbury,glazenburyro@hexun.com,Male
23e356ca-8160-4ca7-96fc-5f8b519037fa,Marcos,Vaughn,mvaughnrp@google.com.hk,Male
0fb03f08-0521-457e-95cb-158421c9ed45,Hillel,Cakes,hcakesrq@china.com.cn,Male
eb570095-1961-4e73-9920-f95fdddeb41d,Sofie,Maurice,smauricerr@instagram.com,Female
