id,first_name,last_name,email,gender
8c74cc08-0203-42a2-a750-89496467784e,Mei,Moorrud,mmoorrud0@about.me,Female
df5306c6-ac91-4904-b936-e0d43df314ed,Skippie,Jacques,sjacques1@xinhuanet.com,Male
598e36b0-a431-45ee-b78d-a05f28443a88,Kinnie,Zamudio,kzamudio2@jimdo.com,Non-binary
cc8329e3-deca-48cd-a2b3-aeb34612c21e,Marge,Lansdowne,mlansdowne3@epa.gov,Female
188be7fa-fe89-496e-b3fd-fcfb997feae6,Aurel,Duding,aduding4@comcast.net,Female
433661c3-31d9-4345-8742-ba0dd29145e2,Marrissa,Ferraraccio,mferraraccio5@fastcompany.com,Female
8b63855e-8039-4151-b641-6de3f44ab6c5,Lucio,Bennion,lbennion6@msn.com,Male
4633d3dd-e704-4ddc-88b5-9a0238c02fa0,Goldie,McConway,gmcconway7@hhs.gov,Female
b770e513-3660-44ab-9928-93f4ee54075e,Christophe,Ellerbeck,cellerbeck8@cargocollective.com,Male
4e8a7e18-b9cc-493c-aa07-87b56a96cbba,Rosetta,Rideout,rrideout9@ftc.gov,Female
1d872c39-4478-4192-aae4-a885cec43cc0,Dal,Ferrara,dferraraa@phoca.cz,Male
f3165a6a-f06a-4d36-af47-e3b130d889a9,Gerry,Bon,gbonb@techcrunch.com,Female
e4f8e1c3-2074-4c5a-ab72-7eb6563a2b70,Denver,Collop,dcollopc@forbes.com,Male
4e566a17-d57f-4b07-bc38-8a3050efed48,Cosmo,Copsey,ccopseyd@mlb.com,Male
95559a90-c913-44ec-a62f-df3b4fcef3d2,Lainey,Addess,laddesse@mayoclinic.com,Female
a450d859-cf72-44c6-af7d-6e0acd868774,Evangeline,Pawelec,epawelecf@walmart.com,Female
e00ea91f-0641-4d46-b224-4f2489a29c09,Pam,Jacson,pjacsong@ask.com,Female
90d3e459-0438-4099-8df5-ab7f64fbe079,Shelley,McFaul,smcfaulh@nationalgeographic.com,Male
16030f45-43ae-4420-bfe9-2190a8a920e5,Everett,Bang,ebangi@unesco.org,Male
009f22dc-1b61-40b9-9749-f39c5fcba2d7,Harrie,Blenkensop,hblenkensopj@utexas.edu,Female
c48d4e32-12f5-44d7-9899-8a7fc96048af,Zonda,Marzellano,zmarzellanok@google.com.au,Female
e6f24d1e-a911-410a-86be-3293a498e0b4,Alysia,Wybrow,awybrowl@nymag.com,Female
f9aec963-1011-4bf0-afbc-9d896de13af5,Shayne,Croyden,scroydenm@amazon.co.uk,Female
1e715b32-e5fa-49f7-88d1-be84d87bf99a,Ruggiero,Shapero,rshaperon@loc.gov,Male
c1a94294-fad2-4c43-b814-963caaa2f939,Brandi,Sirmond,bsirmondo@wp.com,Female
f1c4444f-f24f-4809-8c25-30e0567f60f5,Carmine,Kleinschmidt,ckleinschmidtp@nih.gov,Male
bb0dcedd-9bb3-4995-acba-0cb1dd8c7e63,Gleda,Kelshaw,gkelshawq@blogs.com,Female
2d72b265-29b7-4e5c-92a8-810caf6e3144,Tiffanie,Ormerod,tormerodr@jalbum.net,Female
cf8934ec-c872-4c58-859d-c08cf2e2e2c5,Tiebold,Hugh,thughs@w3.org,Male
61c25415-a714-49fc-b69e-a26608e57dd6,Vincents,Grebner,vgrebnert@cbsnews.com,Male
a704ced3-243d-4fe0-bcfe-bd90e819715c,Gina,Scrinage,gscrinageu@squarespace.com,Female
d52644a3-4719-44ef-97cc-9abbcb978f67,Cacilie,Lackie,clackiev@list-manage.com,Female
43887999-076b-4b4d-93c1-270d03be6e40,Hashim,Juares,hjuaresw@yandex.ru,Male
2c385984-d85c-43b5-9e4e-8ec41143ba76,Hashim,Gigg,hgiggx@deliciousdays.com,Male
4f92f9f7-e831-4b57-b86c-e9ec46c8c170,Thurston,Lathe,tlathey@ft.com,Male
7f926f95-47e8-4963-a8dd-27a43fe231e5,Lukas,McCahill,lmccahillz@chicagotribune.com,Male
8364ac9c-4615-4efa-af40-b8f03782d0fd,Sybila,Castree,scastree10@examiner.com,Female
108a91a1-0e70-493e-a150-03e9394ccf9a,Danika,Murra,dmurra11@springer.com,Female
1e6eba4c-9b96-4675-9cec-06c8397f0b9f,Bobette,Fetters,bfetters12@live.com,Female
98586ed0-f140-4a1b-b1dd-48b9fe89671b,Melosa,Gherardelli,mgherardelli13@ibm.com,Polygender
6c445db2-b18b-4e5b-998a-cca9683f39f8,Giffy,Gorringe,ggorringe14@devhub.com,Genderqueer
815e934e-2564-48e3-bdbb-90302d3425f2,Reagan,Wilshere,rwilshere15@discovery.com,Male
4da7bf81-9ce7-439a-a35f-8575208d19b4,Emmy,Varley,evarley16@dion.ne.jp,Male
8a884700-a03e-4b90-9057-c37d1061be46,Valentijn,Agent,vagent17@nbcnews.com,Genderfluid
9636f532-0a7c-4c93-a184-e91a4c6a50e4,Myrtia,Galbreth,mgalbreth18@mit.edu,Female
9207871a-fe11-407a-a321-958322276611,Zachariah,Laxen,zlaxen19@huffingtonpost.com,Male
0331660d-44fa-44f6-bb70-90bfdf3d3a2f,Bartram,Ledson,bledson1a@google.co.uk,Male
7f448655-d586-4dcb-832c-b6ac9c7bdd35,Donnie,Aylwin,daylwin1b@zimbio.com,Male
3282e6ee-cb2a-47e4-872d-8acdd5025a95,Corabelle,Morson,cmorson1c@google.com.br,Female
574f8d4d-ec93-4a3e-b5ac-5f03d4abdfb5,Bethany,Dewitt,bdewitt1d@macromedia.com,Female
f05abbf8-4f1c-4b73-adb6-38ded7242f47,Joletta,Lacroutz,jlacroutz1e@google.ru,Female
e4f75803-12ca-4b6f-9000-38c66a2d2134,Aldo,Cockell,acockell1f@friendfeed.com,Male
f8c63081-ccdb-4d07-ba82-0b5dff2dd7ab,Trina,Oldershaw,toldershaw1g@phpbb.com,Female
96c81f9f-9f99-4e44-b521-2b42d1a4efa8,Vikky,Poolton,vpoolton1h@sfgate.com,Female
a304c389-54eb-4f44-9fba-89bf893b2c23,Stephie,Dwyer,sdwyer1i@google.com.br,Female
6f02c225-c1c3-4737-bee6-893104388966,Darcie,Dundendale,ddundendale1j@yellowpages.com,Female
4e1b8f90-61f8-4306-9598-a22d74df9370,Alethea,Peers,apeers1k@ifeng.com,Female
2a0fed19-d136-45e9-9ec5-c3f2e0eef74a,Nicolina,Guilfoyle,nguilfoyle1l@loc.gov,Female
091013f4-f25f-4c6a-ab24-0d18ecbe2e87,Ginnifer,Moran,gmoran1m@auda.org.au,Female
44cf25b8-e2c1-4556-9b32-acb2caf2f50a,Jodee,Lacoste,jlacoste1n@t-online.de,Bigender
0210b997-d9fd-4400-9bec-1a0226a51d3b,Wilie,Cisar,wcisar1o@samsung.com,Female
8add2b50-1d89-4894-9bf0-c9a7f37de3b4,Jennilee,Chidzoy,jchidzoy1p@123-reg.co.uk,Female
95e206ea-5600-4d09-baf9-0397bc487a5c,Rakel,Nevill,rnevill1q@lulu.com,Female
a09e4122-d097-4bff-94f9-3ea5a9d064f1,Tanny,Clayhill,tclayhill1r@livejournal.com,Male
43b5e369-9bae-4eda-af7c-792fd0ed8413,Quint,Boal,qboal1s@so-net.ne.jp,Male
00ce829b-a359-4461-905c-6b55b9665ac4,Ronica,Weatherall,rweatherall1t@java.com,Female
cf567ef5-7aad-4da4-b547-168d72871c6c,Hilton,Heaviside,hheaviside1u@twitter.com,Male
8a4ba6e6-068e-4d32-a00d-a0a1b7cae1d4,Pembroke,Hilling,philling1v@alexa.com,Genderfluid
1b702530-841f-451f-939c-33a5f047778a,Bobbe,Hurran,bhurran1w@sina.com.cn,Female
d90fbce5-fd6b-422f-9732-05201c6e3b06,Dyanna,Cersey,dcersey1x@reference.com,Female
cbcbf9dc-4022-4442-8df9-c7e53530071f,Bank,Finey,bfiney1y@yale.edu,Male
f43796e0-d414-4a51-ab93-fba3dcf12031,Trudey,Domokos,tdomokos1z@spiegel.de,Female
7896dd1e-56de-43c7-b682-ad27edbacae2,Hallsy,Chamberlayne,hchamberlayne20@zimbio.com,Male
c02f269d-fcdd-4d5a-9ee0-2517df9062c1,Kathye,Sabathier,ksabathier21@google.it,Female
20742097-ccff-48d8-a28b-2a537fca7c94,Fredek,Bucham,fbucham22@naver.com,Male
088c15c3-3cb7-4873-8cba-194aef7623ac,Elysha,Luberti,eluberti23@ifeng.com,Female
6202ec02-f072-4d5d-af6a-5075be0f84aa,Georgeanne,Kitcat,gkitcat24@tuttocitta.it,Female
c3b1ad59-c96c-435f-b121-26d8989654a0,Kendricks,Malcolm,kmalcolm25@bizjournals.com,Male
b7f45b35-76fb-4997-b40e-1ecb1c4c2b19,Dean,Sherel,dsherel26@hp.com,Male
289b751d-8cfd-499f-ac8d-7d12e2ff1d01,Abraham,Bardey,abardey27@europa.eu,Male
c54957fa-9e59-42fc-8040-7ad0ee157c84,Paule,Donan,pdonan28@cpanel.net,Female
9d45b910-bb8d-4194-9d46-d07e35bda3d3,Jacqui,Goodyear,jgoodyear29@independent.co.uk,Female
3d7ae73b-c4bc-4f5c-9afb-5f2a778b7c1b,Kasper,Castana,kcastana2a@lycos.com,Non-binary
13f5b56e-21b8-433f-9a7e-bad41ccf9ea8,Boigie,Gerard,bgerard2b@e-recht24.de,Polygender
4777c9cc-7ec5-4ffd-98db-2e13f42c168b,Don,Rockhall,drockhall2c@hc360.com,Male
b4f0f6c4-a10f-416d-851a-74a7b24ad1ea,Artie,Kira,akira2d@nba.com,Male
76196cee-3bfe-46b3-8acc-0a3a09f4bd90,Roseline,Duhig,rduhig2e@abc.net.au,Female
2ce6e027-7bda-41ed-8e34-df1b3665a2b8,Ramonda,Balaam,rbalaam2f@home.pl,Female
531a8435-ab83-4c7f-860f-85f9828df7d5,Lemmy,Faull,lfaull2g@wufoo.com,Male
c0ad88bf-93ca-4458-a7f8-8bcfdb34e210,Lira,Cranidge,lcranidge2h@ibm.com,Female
6b809b87-b161-43c6-a394-db4182033119,Analise,Affron,aaffron2i@house.gov,Female
79dd0503-fcac-480e-81f6-93bcb958e09e,Nathanial,Rye,nrye2j@berkeley.edu,Male
dbe9275c-34c4-4b64-894a-a2a596cd74cc,Hanna,McElory,hmcelory2k@washingtonpost.com,Female
2714b92f-97bc-41e3-9a44-6e072230c9f8,Scotty,Hunnicot,shunnicot2l@omniture.com,Male
57b281d6-279e-4236-b9d2-4a07fb583558,Hammad,Piburn,hpiburn2m@gizmodo.com,Male
814c9d40-6162-4ff1-82d9-c9a40b77b1b4,Lyda,Hulks,lhulks2n@unblog.fr,Female
7793bd9b-e088-4a48-bb3c-1ab225bec891,Malynda,Swann,mswann2o@shutterfly.com,Female
cf100402-eb86-495a-98d4-16b221b4b629,Starlene,Capstake,scapstake2p@hud.gov,Female
a52a58a7-bcff-41fd-9965-70adafaed9a3,Vernen,Pridmore,vpridmore2q@newsvine.com,Male
ee070c1a-dfde-4fba-a1f4-5746799852b4,Sarene,Vasilischev,svasilischev2r@wisc.edu,Female
c05c6e6d-8f24-4926-b896-f78dc1d9dd60,Dayna,Jerzykiewicz,djerzykiewicz2s@xrea.com,Female
dc707f0c-b410-49ef-a92b-d59969dc71a1,Brnaba,Acklands,backlands2t@utexas.edu,Male
6b291012-0222-401f-9181-9dab1afc320e,Tawsha,Prout,tprout2u@foxnews.com,Non-binary
5ca33824-9def-467f-b87d-03f51c8a518a,Jorge,Wildey,jwildey2v@buzzfeed.com,Agender
f82ea331-98f4-4561-8ca8-5680faea6588,Harvey,Hatton,hhatton2w@blogtalkradio.com,Male
3cf44997-fd8a-42fc-a32c-ea579a284d78,Alejoa,Clooney,aclooney2x@yale.edu,Male
cc6eeca5-b4bb-4a84-b896-15bf896a28b9,Faina,Phifer,fphifer2y@shareasale.com,Female
fa6ed1d8-8d0b-49b2-b314-36ff4a723b40,Gian,Clemoes,gclemoes2z@si.edu,Male
d01d37a5-5cac-40ff-88dc-bfb520c2362e,Oralee,Dugan,odugan30@fema.gov,Female
12d2f861-a0d4-4616-b958-883479693fc6,Beth,Wyon,bwyon31@dailymail.co.uk,Female
50fd8c68-7b49-4f9f-bd33-8bc4f834d864,Kariotta,Spalding,kspalding32@theatlantic.com,Genderqueer
2ced6ab2-bd0a-434a-b14f-32364918e415,Margette,Akhurst,makhurst33@etsy.com,Bigender
6c4ed1f1-65bd-45b0-b9a5-5f44db58f0c9,Lavena,Paddick,lpaddick34@icq.com,Female
7e2740eb-305e-4c23-9c64-7c2422cc1ed2,Hilda,MacDougal,hmacdougal35@uiuc.edu,Female
f4227ef4-ea46-4e4b-8519-6d84782b57ec,Doe,Sawers,dsawers36@guardian.co.uk,Female
455be91e-c90c-449c-8c0b-92964e94ac6e,Seamus,Pencot,spencot37@a8.net,Male
4b9aaa78-27ff-4ab5-ab3f-2393f1821fee,Allx,Care,acare38@domainmarket.com,Female
46f29030-b3cb-44f9-87ef-4443b50d4ec5,Dare,Dener,ddener39@google.de,Male
5efecb98-00d5-4835-a6ac-d51b70f4338e,Catherine,Rosberg,crosberg3a@washingtonpost.com,Female
93b3a7b9-5885-4483-832d-60d82edf417d,Winslow,Vondra,wvondra3b@nationalgeographic.com,Male
08946c13-4e8d-4eb0-b164-83c0631e27dc,Elston,Giacoppoli,egiacoppoli3c@arstechnica.com,Male
3826ec1d-471c-48c3-b65e-b0c8854b9b4b,Quinn,Filipov,qfilipov3d@de.vu,Female
f26bfffe-3cd7-45d8-a86d-7a0743714ff2,Jermaine,Braunlein,jbraunlein3e@cpanel.net,Genderfluid
21b1b46f-6f80-433f-b92c-aed0fe998580,Holly,Eustice,heustice3f@blinklist.com,Bigender
d1a15f91-11e3-4a0a-aa14-24bdd4eb7952,Cleo,Haulkham,chaulkham3g@mozilla.org,Female
4cedf417-decc-41cb-8afa-219a0932d5aa,Terry,MacRury,tmacrury3h@skype.com,Female
22955578-4655-431f-81f0-7da554ee562f,Rod,Dormer,rdormer3i@uiuc.edu,Male
fa5486f9-8797-40b8-afef-acce3085407e,Kakalina,Morat,kmorat3j@topsy.com,Genderqueer
931f7e1e-6145-49de-a5c7-e550b853f70b,Bessy,Thornber,bthornber3k@ustream.tv,Genderqueer
a4843f24-dafd-48ae-bd85-5db7b6494610,Liz,Coppo,lcoppo3l@spotify.com,Female
240a9696-7c2f-4432-95c0-bec840823366,Shanan,Hainning,shainning3m@weather.com,Male
ae669507-6687-4a45-aaa3-c6f2f68bc1f2,Elton,Treneman,etreneman3n@skyrock.com,Male
37be6ebd-0bbb-478a-9786-44aae6fd2fac,Farly,Bromidge,fbromidge3o@china.com.cn,Male
191ba95c-0f1a-4da2-8cd4-11aab14e33e0,Madelina,Gavey,mgavey3p@soup.io,Female
d14a0b65-d448-452d-9f31-850112c28cb1,Faythe,Baxstar,fbaxstar3q@washingtonpost.com,Female
592b77bf-0907-4d9b-8fa0-f62693888e5a,Philippa,Luckhurst,pluckhurst3r@bandcamp.com,Female
8b6dde9d-c852-421a-9091-37e81bc1ef01,Esta,Rait,erait3s@cpanel.net,Female
1b11e043-b72b-4f07-97e8-94803dd808a8,Saraann,Moors,smoors3t@domainmarket.com,Female
0bef4d7d-4cb6-4a06-8089-63497a091e61,Wilow,Remmers,wremmers3u@tumblr.com,Female
5bccbe35-53e3-4e65-bcd2-259b4a718aa3,Marguerite,Yakubov,myakubov3v@skype.com,Bigender
9c1e43b7-c283-4d38-9cdb-9c255af6fcd0,Harmon,Smitheman,hsmitheman3w@hatena.ne.jp,Male
47cb3c38-6c40-4c7a-a6db-7af773c682e6,Delcine,Mussetti,dmussetti3x@hp.com,Female
9727992b-e179-4d9b-8b64-bc66c25630fc,Jackqueline,Gately,jgately3y@ucsd.edu,Female
924d5d98-4b42-483f-9db9-39649c5665d0,Batholomew,McKernan,bmckernan3z@usatoday.com,Male
30bfdee0-fa6d-4003-b554-06159ee0300a,Mackenzie,Jaxon,mjaxon40@barnesandnoble.com,Male
5655246c-ab13-4866-80c7-7e5a9bb572ab,Matthias,Ratchford,mratchford41@nsw.gov.au,Male
2c90f3f4-0168-460a-a51f-ddf255171c2c,Leanor,Shortcliffe,lshortcliffe42@statcounter.com,Female
683d8045-7987-4eb5-b030-9e5cdd6e426f,Darelle,Jasiak,djasiak43@4shared.com,Female
1e6833c5-652a-4e80-aa70-45f951dde426,Glennis,Curteis,gcurteis44@about.com,Female
8384758d-0ca5-4a6b-883d-eaea3dbfdde6,Tedra,MacAless,tmacaless45@illinois.edu,Female
5a75cfdd-c56f-4074-a829-237a57b628a4,Emerson,Bolderoe,ebolderoe46@microsoft.com,Male
e9683255-945e-41d1-94b3-fe6fa4ecc0b8,Tanner,Aingel,taingel47@google.com.au,Male
a7de5b19-683a-43a1-bde7-2787527acf5c,Adda,Nannetti,anannetti48@constantcontact.com,Female
5c1ad07e-1f3e-4090-8d63-5ea2c9b53ce6,Kenton,Skyme,kskyme49@cam.ac.uk,Male
6403bc13-b12e-4742-9c79-9e15c34b7f5d,Wilden,Duchatel,wduchatel4a@sun.com,Male
c78400e5-5542-49db-acd1-16d69bcd141b,Regan,Parsisson,rparsisson4b@sohu.com,Female
f6a91308-f0f6-4618-990f-74fd2e0e9512,Candy,Thirlwell,cthirlwell4c@cdc.gov,Female
8c553369-0e2d-4179-afeb-ed0fbc45516f,Tiena,Kilgallon,tkilgallon4d@blogtalkradio.com,Female
a8198bac-0dc3-462b-9b57-39fd24a6c3be,Tammi,Pulteneye,tpulteneye4e@ameblo.jp,Female
f276637f-6573-4d55-9b99-47ac49bf3817,Wenda,Buckerfield,wbuckerfield4f@comcast.net,Genderfluid
0bd8f57d-ff60-424e-b337-cb19b328b24e,Pate,Atherley,patherley4g@hostgator.com,Male
3fe5a8d9-db7a-46e8-8cfc-d5527961a592,Marris,Vellacott,mvellacott4h@sfgate.com,Female
b5850ea9-5ccb-4953-8002-a2a3b66d42cf,Bradan,Jiroutka,bjiroutka4i@about.com,Male
4a2ed267-7694-42bf-979c-b9584b46b630,Riane,Aldrich,raldrich4j@webs.com,Female
34353d0c-2880-4410-8e5b-a587b2627400,Haskell,Swadling,hswadling4k@storify.com,Male
db69337a-871d-4bc9-9c4b-6f717edc4e0d,Consalve,Ead,cead4l@fda.gov,Male
fc8c63d9-2d93-48f3-bf14-e27a23a444a0,Alfons,Raith,araith4m@hp.com,Male
86e87e46-2b9e-42e1-aec7-c3a7a9116e22,Hadrian,Ply,hply4n@amazon.com,Male
9bfa6f16-82f9-4382-9752-897bed65e318,Angy,Maseres,amaseres4o@psu.edu,Female
b96ac406-637f-43b9-b02b-b9e5e5a85173,Noach,Toth,ntoth4p@slate.com,Male
eaf8fa55-9d27-4184-95db-a56e3a7b91f0,Mack,Pedlingham,mpedlingham4q@gmpg.org,Male
b6d4c916-41f7-45a5-bc5b-217ed99cb582,Samson,Gillbard,sgillbard4r@skyrock.com,Male
d2905244-e699-4e9f-8624-12ca31687ea6,Christie,Witherington,cwitherington4s@bigcartel.com,Female
7d4efdae-492e-4f7d-bf25-26780d4b5a1d,Darcee,Aitkenhead,daitkenhead4t@ovh.net,Female
33135ede-60ef-406e-92a7-28197d72eff8,Faber,Siney,fsiney4u@weibo.com,Male
a9fbe8e6-1d0e-4d8f-87aa-0b102884259a,Ugo,Corbridge,ucorbridge4v@cafepress.com,Male
049dd418-b872-4577-8758-3577e39f718e,Griffin,Kemwall,gkemwall4w@thetimes.co.uk,Male
644ac408-578d-41e0-903c-ff0019e68acc,Lance,Cowill,lcowill4x@senate.gov,Male
af50c98a-b4ad-4611-b53d-cd1f9d6a9dda,Caryl,Burfoot,cburfoot4y@yelp.com,Male
b8b125cb-9b8a-4db4-b235-e20fd8974da2,Asa,Philipeau,aphilipeau4z@exblog.jp,Male
de7dd9e2-d15f-499c-89d8-aea3edcbf87b,Hailee,Pignon,hpignon50@bandcamp.com,Female
6016a60f-0cf2-4386-b37f-e7f382f34fe2,Margaux,Freschi,mfreschi51@free.fr,Female
a6248687-ec55-4684-9497-420887829a0f,Fonsie,Mengue,fmengue52@nba.com,Male
7625dccc-4693-4b7c-b627-bcc00f83d8e6,Jamill,Friend,jfriend53@sbwire.com,Male
817d70b4-c7a0-4f2d-b0cc-d2b296aeed95,Vilma,Juszczak,vjuszczak54@hc360.com,Genderqueer
94031f67-19ed-4c14-9d15-633f31816b74,Hayward,Yeell,hyeell55@a8.net,Male
f4eb9472-c557-4dc9-b727-af046e7c9064,Portia,Agate,pagate56@accuweather.com,Female
618800ea-9ebf-45f4-a777-be0d0f2a9f2d,Corri,Laminman,claminman57@ibm.com,Non-binary
749c9fec-96b2-4aaa-9de2-1a0e8d7f8471,Viole,Costley,vcostley58@last.fm,Female
c69d5638-8800-44f4-a6c8-50da2c68deb6,Alaric,Alfwy,aalfwy59@cbc.ca,Male
8da657bc-d178-44cf-a46b-e80ed3860446,Royce,Lanigan,rlanigan5a@alibaba.com,Male
55d2883c-68b5-426d-b48e-cebf7e9f203c,Shay,Borghese,sborghese5b@opera.com,Polygender
65a1ecc9-e072-400f-aaa1-9a3ba0f25033,Barnaby,Wiffill,bwiffill5c@netvibes.com,Male
8d875ede-a024-45a8-9803-37ec7a6df553,Rodina,McBlain,rmcblain5d@taobao.com,Female
56119203-146e-49d1-bb59-fab41b06c187,Dar,Brasted,dbrasted5e@theguardian.com,Male
2f6e0cb6-3083-4761-bd1b-dde45b34bc7b,Bruce,Moorcraft,bmoorcraft5f@geocities.com,Male
3900188f-960b-4c43-b931-a86625b6f2bf,Cordell,Larcier,clarcier5g@dmoz.org,Male
54e85d3e-0401-4806-b34b-775eaa5aca14,Ronnie,Tourle,rtourle5h@purevolume.com,Male
dda8e7cc-01a7-4ce2-b230-861a4b1ab167,Ailyn,Glenwright,aglenwright5i@wikispaces.com,Female
8ae3ab32-516b-441c-a97c-1e6603a6c65c,Pete,Gabbatt,pgabbatt5j@ftc.gov,Male
c314cb70-d133-4742-ad90-9d01afb2bec4,Joly,Frostdick,jfrostdick5k@psu.edu,Female
a70f4617-1333-41c2-b248-c6ee112e79da,Frederick,MacGeffen,fmacgeffen5l@wix.com,Male
3b61fb75-05da-40e2-8fba-1e486d8b7b23,Merissa,Blatherwick,mblatherwick5m@latimes.com,Female
48c6f8bd-dcd2-4fd4-ab4d-2cfa87a3b566,Farrell,Schonfelder,fschonfelder5n@is.gd,Male
12249edc-fe30-487e-93bd-bd53c313e97e,Griswold,Overnell,governell5o@about.me,Male
b91827a0-e262-4ef7-a1ae-907510206abc,Audrey,Beavers,abeavers5p@surveymonkey.com,Female
bc253bdc-81eb-45ac-853a-b72965b91f5e,Elisabet,Chestle,echestle5q@drupal.org,Female
d7e38aff-8e98-4f3a-82b9-7be4fb16cec9,Blanch,Mellor,bmellor5r@dmoz.org,Female
c3b135eb-231a-4c67-bd52-c708592c5541,Benoite,Hanner,bhanner5s@ow.ly,Female
f4c37fa9-755e-4765-a7f3-06ffaafe02b2,Tedd,Tather,ttather5t@cloudflare.com,Male
7bafe8cf-477f-4387-92f9-3adc23d602b4,Genny,O' Mahony,gomahony5u@cornell.edu,Female
fb33155d-8228-49e1-9de6-3375a336eeac,Nola,Niessen,nniessen5v@zimbio.com,Female
4f7b61f0-f98f-4fa8-b241-bf1259e8d049,Cherry,Banbury,cbanbury5w@ebay.co.uk,Female
844a1e3c-40b0-4977-825e-0f3b3fdad269,Valerie,Broker,vbroker5x@deviantart.com,Female
4cbfa55e-9414-4a07-8dfb-04d4baab8039,Tremayne,Fonso,tfonso5y@usgs.gov,Male
afbb5907-4ea2-406a-9f36-59cfa2a5671b,Ximenez,Kuhwald,xkuhwald5z@addthis.com,Bigender
a5e281ad-b4ca-46e7-adbf-e1144d27e2bb,Louie,Epinoy,lepinoy60@usatoday.com,Male
c126565b-26ef-4fa2-9477-696fab0992f6,Erda,Croisdall,ecroisdall61@topsy.com,Female
658a8000-3143-4420-9178-c1c228a76c2c,Angeline,Pady,apady62@state.gov,Female
74366ddc-7662-46ff-8d76-7dd4a1449650,Joell,Donnachie,jdonnachie63@economist.com,Female
49594d76-50ee-400c-bfe2-2fce1d601e86,Ernesta,Benford,ebenford64@creativecommons.org,Female
437c774f-9c74-4601-b9e7-59d7e3039a33,Celinka,Beining,cbeining65@amazon.co.jp,Female
126d4b05-28b4-409c-81ab-9212f0164d74,Mallorie,Cranton,mcranton66@odnoklassniki.ru,Female
dfad7ab5-1adf-4f5d-8270-d491bf179aa7,Feodora,Dacombe,fdacombe67@ox.ac.uk,Female
9bc843ba-6158-4dd8-aba7-f31c953c5e94,Leonelle,Harcase,lharcase68@unc.edu,Female
464f5738-15d2-485b-b92d-17e55debcb1e,Val,Zealy,vzealy69@hubpages.com,Genderqueer
ff9a7d7a-6e0c-452b-849f-f8f87e52bb9d,Jeffy,Surman,jsurman6a@ft.com,Male
b7d00b75-8956-43f3-aa3f-8fc50d919cee,Diana,Gorman,dgorman6b@etsy.com,Non-binary
6452c1b9-eca1-405b-a2fa-d0324723cf07,Rozalin,Jiggins,rjiggins6c@google.de,Female
b434f911-dfe2-4cd4-8803-c6e4abb98376,Selle,Berkeley,sberkeley6d@unc.edu,Female
f454a62c-f8f4-4c91-8a72-fc8d7cb6f946,Arlen,Bockler,abockler6e@smh.com.au,Female
ce2ef909-7e42-4ae5-8277-341f0d88d28e,Eudora,McLugaish,emclugaish6f@hugedomains.com,Polygender
b3f8aba9-b4b9-4e3b-ade8-3c392de086d6,Rayner,Massard,rmassard6g@wsj.com,Bigender
5541a167-f005-41b0-a07e-b625f88d3372,Kimmie,Awin,kawin6h@tumblr.com,Female
33d3a2b0-c6be-48b9-974e-22228ced135c,Vincenty,Eskrigg,veskrigg6i@over-blog.com,Male
7756522e-030f-40e8-aea2-dba999cac0dd,Val,Greer,vgreer6j@com.com,Female
2b0d762e-9b8d-4481-8708-cef127f55559,Nero,Caldroni,ncaldroni6k@oaic.gov.au,Male
96976097-779b-4c52-9e9c-fc779f070848,Kailey,Wheeldon,kwheeldon6l@taobao.com,Non-binary
ca9b9f5d-dfcd-4b6a-9c35-5e8aca1dd191,Cornall,Gregorowicz,cgregorowicz6m@ihg.com,Male
35f96c24-edad-48dd-83b3-08fb7b2b29e1,Man,Bussens,mbussens6n@hubpages.com,Male
8880d120-4529-4b3e-bc34-e17ea4fdf0c1,Bearnard,Nisbet,bnisbet6o@netvibes.com,Non-binary
76b624d3-8a33-4be8-bee2-9ed93aaef10e,Cinderella,Pittaway,cpittaway6p@fc2.com,Female
060b1306-f545-4727-9e84-b311159198a2,Mose,Arends,marends6q@mlb.com,Male
19ccb491-ae93-4aca-b593-dc634f28d771,Bo,Yarnold,byarnold6r@webeden.co.uk,Male
b1800f39-ee4d-497b-b391-40efdcfedbcc,Odell,Bellocht,obellocht6s@vistaprint.com,Male
80b72bfe-d1e0-4d4d-b789-f3b352b15b51,Gustavo,Coller,gcoller6t@symantec.com,Male
e5b722ba-4edc-4cfc-a46c-b9131ec7d50e,Marin,Cornils,mcornils6u@goo.gl,Female
b47f0556-877d-4ae6-800e-f9f032a2b272,Adore,Manktelow,amanktelow6v@lycos.com,Female
bc4048ef-8609-4a62-bae0-e593c58f7848,Orv,Goold,ogoold6w@newsvine.com,Male
9f73ffcc-69f7-483a-9d4d-960dfe7f211f,Hill,Carnow,hcarnow6x@comsenz.com,Male
a664e784-c27e-4c22-8e8e-28ba98cb6784,Wenda,Downes,wdownes6y@census.gov,Female
1b9f85f2-ee65-4910-97d1-7a5b76276336,Leelah,Quidenham,lquidenham6z@google.ca,Female
e6b5e02d-7b9c-4a6e-84a8-09b5dae74b85,Malina,Tuttiett,mtuttiett70@eepurl.com,Female
5f90e720-efae-471c-8eae-309c954e03e0,Bernard,Rraundl,brraundl71@github.io,Male
e0709d0e-2faf-4963-a5eb-7eda84711387,Cristin,Keerl,ckeerl72@vinaora.com,Female
a8f703b6-5fdb-41b7-ae44-df8d20b0c446,Claudelle,De Normanville,cdenormanville73@bbc.co.uk,Genderqueer
bcaea6d7-ce33-4acb-b5c1-470ad8ac3f4d,Rees,Beavan,rbeavan74@yale.edu,Male
85accec5-f0ed-4554-a83e-b356972fdeaa,Miguel,Sallings,msallings75@ucsd.edu,Male
2b91e7b0-4b35-4657-bde7-007d32015ddd,Wallace,Hoopper,whoopper76@independent.co.uk,Male
19fe4caf-0fc4-41c0-9322-76156cb07954,Zorah,Giacobilio,zgiacobilio77@yolasite.com,Female
4bdb4202-aaa2-459b-9e3a-e7cbe600b9f1,Dorothy,Duplain,dduplain78@plala.or.jp,Female
bf73173b-4f9c-454e-b2c4-4973d45728d2,Cinderella,Abad,cabad79@sakura.ne.jp,Female
408e469a-3f7a-41d7-b4cc-8d84c8d84dc3,Lilith,Lydster,llydster7a@aol.com,Female
eb1db980-1ba2-442f-ba59-6803578440b9,Carin,Auston,causton7b@printfriendly.com,Female
34fb0356-73eb-4b9a-9ef3-fd3c791c2f05,Stephanie,Wither,swither7c@toplist.cz,Female
90607b05-83ad-4984-a596-fa1f50b39b05,Berry,Furby,bfurby7d@is.gd,Genderfluid
4a0d84e2-ba8c-40c7-a8a0-310dbc457dbd,Currey,Oldfield,coldfield7e@instagram.com,Male
02f75803-4534-463b-bc4d-f43b499dda33,Caroline,Cicchelli,ccicchelli7f@dion.ne.jp,Female
3ba8a77d-2032-4308-a1d1-a9764dc176ff,Starr,Windus,swindus7g@usda.gov,Female
53f8584a-140d-40da-a702-9034f9ea8105,Teddie,Greenshiels,tgreenshiels7h@washingtonpost.com,Female
fb11f04c-17c7-45e1-a5d7-956127fa530a,Bev,Dudmarsh,bdudmarsh7i@ca.gov,Male
8623c3ed-30a8-4950-9e24-65683aa10bdc,Thekla,Matschek,tmatschek7j@sbwire.com,Female
2b300278-18ac-44db-8f82-e4d131435849,Haskel,Ruoss,hruoss7k@wikimedia.org,Male
78798c06-b7db-4f39-a91f-72eb8d27f0c5,Linette,Strick,lstrick7l@nih.gov,Female
b236ca56-559b-4925-a799-e1e3e02cf65e,Lewie,Fishleigh,lfishleigh7m@list-manage.com,Male
3b5d3e71-284d-47d9-a904-8a481b9ce7b7,Maximilian,Webberley,mwebberley7n@mysql.com,Male
8aa1113a-ba29-4a0d-ae68-c20bbf927121,Ariana,Coultar,acoultar7o@csmonitor.com,Female
c13897a7-8ded-461f-a293-05de520d0644,Wendell,Jovovic,wjovovic7p@mapy.cz,Male
dba7c82f-9f7a-4214-8963-2704d491b660,Gauthier,Geering,ggeering7q@wiley.com,Male
4916d009-810f-4934-874b-99637bd68947,Ingar,Damiata,idamiata7r@rakuten.co.jp,Male
e2b8e6b9-c959-4229-94a9-87adf2c4104f,Sven,Uzzell,suzzell7s@vimeo.com,Male
32a99ecf-63e7-4f51-89eb-0657ed63844c,Reeba,Enders,renders7t@tumblr.com,Genderqueer
c58a9e10-667b-47ff-987f-6063cd3bdf61,Lurline,Kernley,lkernley7u@bluehost.com,Female
4ea3ac8b-7e59-4001-b07f-7e3421681d4d,Paddy,Slimon,pslimon7v@ft.com,Polygender
45285109-2143-4699-b3ce-564d623771b0,Eal,Portail,eportail7w@woothemes.com,Male
665727be-7f09-4f27-9db0-d322ca55870b,Nikolos,Attewill,nattewill7x@addthis.com,Male
143c8dfa-db0e-41c6-b27d-e53ec489a797,Glynis,Bamlett,gbamlett7y@php.net,Female
3a694930-fcff-405a-aeab-69ccafb26572,Hugues,Asling,hasling7z@cyberchimps.com,Male
0b4a5b58-9455-43db-b7d0-c59782d64e6c,Demott,Muglestone,dmuglestone80@businessinsider.com,Male
4843af16-ce91-460f-b75a-3cb951257c32,Lay,Barnewall,lbarnewall81@skype.com,Male
50bf0126-8fec-49c1-8682-d71fb01fbda9,Randie,Grinnikov,rgrinnikov82@paginegialle.it,Male
ac017bf2-cdbc-4160-8474-0038079d19d8,Angelique,Tivenan,ativenan83@engadget.com,Female
42a78bd7-b5fa-4c9a-9b27-b4666480ec05,Morgan,Budden,mbudden84@weibo.com,Male
57ca84f4-ebdd-4d56-9f06-7354e175676a,Rudd,Upston,rupston85@gizmodo.com,Male
df1aac3d-abab-4411-af5b-d47cf47302b9,Grata,Kohnert,gkohnert86@xrea.com,Female
23a8a285-9980-4881-b980-4306456c4051,Christoffer,Arnholz,carnholz87@multiply.com,Male
ff7079c5-a1e9-42e7-8031-ab9b358d2d6f,Reider,Vivians,rvivians88@house.gov,Male
5b4a3651-3599-49eb-80ef-62ab567f79e8,Junia,Klimpke,jklimpke89@infoseek.co.jp,Female
f25434d2-cd98-4c22-a08e-07e016523491,Tyson,Chappelow,tchappelow8a@free.fr,Male
471a1fdc-31c4-4bd6-9782-c0653025e614,Carie,Allsep,callsep8b@qq.com,Female
8113bc01-ade1-4476-a909-825fcd771b9b,Leoline,Dillingstone,ldillingstone8c@liveinternet.ru,Female
027442da-a87c-4e91-95ff-b6b11faff5b6,Samara,Babbe,sbabbe8d@jigsy.com,Female
7bf6203d-dc20-4ac7-a2c6-1e25a6360b3f,Elyse,Bunclark,ebunclark8e@bloglovin.com,Female
525283cb-b2c6-4150-a29a-b4fe7bf60a02,Bink,Izacenko,bizacenko8f@mozilla.org,Male
dee3246e-c503-42d3-a329-bb3448fa6313,Lenard,Chitty,lchitty8g@webmd.com,Male
5d031303-7b6e-4980-b2ae-ed703741090a,Lindon,Gaydon,lgaydon8h@tripod.com,Male
77c59755-4d7a-4c99-b4e8-a5758b8a1f6f,Gabbey,Shutle,gshutle8i@dmoz.org,Female
205a40fa-2c22-437e-b63c-1d049462f71b,Rebekkah,Djurevic,rdjurevic8j@nih.gov,Female
2b6ac015-9848-483e-93cf-d0e875c07f30,Cori,Magner,cmagner8k@so-net.ne.jp,Male
26dbd254-74a2-40a8-aea2-e49a08936439,Kerwinn,Ramelot,kramelot8l@wisc.edu,Male
f5662efe-fe3c-49d7-92a2-f0d320ba9b92,Jemie,Wyss,jwyss8m@jiathis.com,Female
2c87becf-b0e0-4162-99ec-0df9c4c21a27,Justino,Torrent,jtorrent8n@tripod.com,Male
08ed17ef-332a-4f71-b891-69a95b25efb8,Mathew,Scandred,mscandred8o@mapy.cz,Male
a74eabef-a53c-406c-8fb2-a7cf2a8f6ab3,Tanner,Fairlie,tfairlie8p@lycos.com,Male
e4d4da91-4718-4378-8109-8f8f9575f01c,Montgomery,Somersett,msomersett8q@wordpress.org,Male
bc5cb708-c7ea-4ae4-93a5-822bc140c726,Forrester,Bernardinelli,fbernardinelli8r@pbs.org,Male
06bd9351-f063-4c96-a61f-713d1fc151a5,Jacqui,Bains,jbains8s@ycombinator.com,Female
60b2fefa-5467-4910-98d6-0bb779e36271,Ari,Bradnam,abradnam8t@myspace.com,Male
e6436a24-7415-4e35-9feb-d3387116c7ac,Meara,Tointon,mtointon8u@slashdot.org,Female
ff6b4f1c-8ee5-4ea8-be12-e99256e46885,Trista,Launchbury,tlaunchbury8v@scientificamerican.com,Genderfluid
3a5977f2-0a72-4a04-8350-ba2457bc8986,Paulette,Buncombe,pbuncombe8w@accuweather.com,Female
c5c50771-cebd-4cb8-b049-3a900d77d50c,Alec,McFee,amcfee8x@sphinn.com,Male
db299fc9-169e-40f5-a896-53199f7cd7d7,Vaclav,Aldersea,valdersea8y@yellowbook.com,Male
ae4fae5b-4902-4ec7-a3d1-9f6068eaae1e,Ursulina,Keerl,ukeerl8z@yandex.ru,Female
df84a76c-b75e-4efc-8b29-4b4dabf51854,Nichols,Scowcroft,nscowcroft90@reuters.com,Male
aaf507cb-58ac-40ec-af18-bb8887d582be,Adamo,Thornton-Dewhirst,athorntondewhirst91@redcross.org,Male
34f888fe-c900-4161-a49a-257815b303e0,Ranique,Ferrige,rferrige92@uiuc.edu,Agender
639871e5-500b-4991-bb48-d49c3fb97abd,Gladys,Swabey,gswabey93@digg.com,Female
49b0b9f2-7ece-43f4-a558-897c9f734a1c,Tilda,Brewse,tbrewse94@google.com.au,Female
a6f717fc-31cc-4f54-948a-f8aa2df853da,Chrissie,Mulholland,cmulholland95@aol.com,Male
a566794a-969c-4992-bfe4-83437139594d,Chucho,Coste,ccoste96@topsy.com,Male
a8bd4b8b-d87e-4637-87b1-adc5eadda0e3,Jewel,Meins,jmeins97@patch.com,Female
fda4f4d0-7724-4fd6-bda0-32d24b72bc96,Egor,Galbreath,egalbreath98@fastcompany.com,Male
7286face-3067-49ca-b706-b89e7d0fa1f2,Jemmie,Lejeune,jlejeune99@independent.co.uk,Female
7fa39517-10cd-4877-83ea-5f06f8969813,Bobinette,Rawdall,brawdall9a@europa.eu,Female
72fd1901-e516-4315-b9cf-d10d0929f33a,Martino,Sigart,msigart9b@hhs.gov,Male
32a0641b-6337-4a55-8f04-05a23de5e59e,Brear,Perryman,bperryman9c@nasa.gov,Female
a721053d-c0a9-4e49-92a5-a1562352eb91,Misti,Rands,mrands9d@yandex.ru,Genderqueer
6fd3cf70-5b47-4ba5-a6f1-1a38e6a67b36,Elnore,Pollins,epollins9e@google.pl,Female
1cabe571-cad4-4750-94be-c49fa071c6bf,Hagan,Jansa,hjansa9f@chronoengine.com,Male
7aa1e94d-8890-4055-b44b-fce62068ea2a,Teodoor,Trail,ttrail9g@ibm.com,Male
9501cb6b-7857-4208-81b2-da2a5599bee8,Maggy,Pane,mpane9h@mozilla.org,Female
2bee9d3b-d543-4289-922e-075947531ca4,Minerva,Beeho,mbeeho9i@bravesites.com,Female
7dcd1b59-2faa-4e44-b02b-7abad2fa668e,Leonidas,Baert,lbaert9j@about.me,Bigender
06c83827-d637-4d48-a131-ddbab952ab11,Gavan,Gutsell,ggutsell9k@posterous.com,Genderqueer
fdeb286c-47f0-4deb-b5e9-d11aa27cfca0,Maiga,Parmenter,mparmenter9l@irs.gov,Female
9931013d-b215-4f2d-b2d4-f0cdb35ba44f,Luce,Ianittello,lianittello9m@hatena.ne.jp,Agender
6238dfdf-41a6-47c3-a90c-430566a294e0,Ailbert,Bavidge,abavidge9n@istockphoto.com,Male
cf8a41e0-d48d-48c6-b47c-83f7ab5c7a4d,Vincenz,Samworth,vsamworth9o@delicious.com,Male
5f994d3f-ddb3-454e-b230-87235b0f5e32,Taddeo,Freckleton,tfreckleton9p@nydailynews.com,Male
eb0a89be-9d3b-48d9-8b55-6e8f1470912b,Nahum,Paulsson,npaulsson9q@reuters.com,Male
7c0c511e-94d5-48c5-acaa-9f47cdd77e74,Elliott,Andriulis,eandriulis9r@shinystat.com,Agender
a0808fd2-d2fa-40b7-b64e-9dd9f9dc3786,Laughton,Perfect,lperfect9s@histats.com,Male
bf679822-2bb0-4da9-bf32-9d6aa558a5f0,Oliy,Richardes,orichardes9t@bluehost.com,Female
dc615fe1-4d31-45bb-b717-67f7edff3964,Lind,Riccio,lriccio9u@sogou.com,Genderqueer
061137d0-fedc-41ba-a63e-49f74aa5a4a1,Stephenie,Noon,snoon9v@unblog.fr,Female
6e255ac6-2a1e-4a34-b7ea-a2a9dfaa3e81,Charla,Bentzen,cbentzen9w@squidoo.com,Female
1507f980-e82d-4065-9e09-260266f16230,Lettie,Champerlen,lchamperlen9x@sogou.com,Female
33aca662-7da3-4ba9-8fd5-c359d3f032f4,Frannie,Flacknoe,fflacknoe9y@ucoz.com,Male
2805c11b-78fe-44ae-939c-820bba8a6b37,Abbie,Lowden,alowden9z@washingtonpost.com,Female
643e7036-4fd7-48ad-8711-5ce98024f557,Elvis,Cranstone,ecranstonea0@blogger.com,Genderfluid
35e58dba-0078-420b-9f9c-9461f5790872,Wallas,Forty,wfortya1@facebook.com,Male
f824b212-8836-4543-97b1-f73ece8355b8,Arne,Loins,aloinsa2@pbs.org,Male
094909ee-405f-4f12-9817-ef34d9edf126,Ines,MacNucator,imacnucatora3@prnewswire.com,Female
7ee05a37-6edf-4b34-8766-f336dc1dc96a,Byram,Alesi,balesia4@twitter.com,Male
39004bb1-5d50-4259-8c99-584937021128,Walliw,Daunay,wdaunaya5@slashdot.org,Female
230dde73-7e3d-42ee-9772-af0fa657880f,Jamesy,Paschek,jpascheka6@marriott.com,Male
8ef4a4e0-e87c-40f9-93ca-91e877cb7241,Manya,Lorne,mlornea7@vistaprint.com,Female
62d055be-af6e-4426-9101-8a5d118435ce,Dasha,Siely,dsielya8@cafepress.com,Female
b8ed8e92-e94e-406b-9546-3dc451a9ece3,Cindie,Rendell,crendella9@japanpost.jp,Female
e186dbfe-3e4a-42fd-850e-8b70e3c31e8e,Randy,Diment,rdimentaa@pinterest.com,Male
8a12432d-785a-4ee0-af48-5d9e5f45e889,Waite,Conring,wconringab@php.net,Polygender
29b31df0-6fed-45d0-870e-dfadc7c67afa,Sutherlan,Bengochea,sbengocheaac@nhs.uk,Male
82a6a363-2ba8-4cd4-902e-37a558c5caea,Cathe,Pedrol,cpedrolad@infoseek.co.jp,Female
c4f519cb-0761-4e9e-99d9-586a9fa5a065,Tate,Offen,toffenae@bizjournals.com,Female
2975a979-f45f-45e5-b810-41b110732a21,Holden,Hollingdale,hhollingdaleaf@free.fr,Male
df40de0a-9ca9-4ee3-b9e7-840e807e5b8e,Jose,Renhard,jrenhardag@kickstarter.com,Male
bf33e303-c624-427c-af5e-40846e183235,Galen,Gisburne,ggisburneah@columbia.edu,Male
efd355ba-1a05-4ddc-99f1-e2f4016d545b,Imogen,Ghelardoni,ighelardoniai@g.co,Female
e45c65bb-e61d-4213-8c36-fa75b56d200f,Amie,Ivel,aivelaj@patch.com,Genderfluid
7fcb345a-c7f6-45c7-82fa-7e10468be77d,Loren,Housen,lhousenak@usa.gov,Male
ea36b8fc-b5f4-4a1b-a52d-86b3c2c731ec,Avrit,Chastanet,achastanetal@zdnet.com,Female
0c8f7ccb-4760-4d48-91d8-0b5841d9340f,Claudetta,Motton,cmottonam@diigo.com,Female
6ab73660-2399-4860-a60e-c9355e4216ff,Phillie,Bonifas,pbonifasan@sbwire.com,Female
d728d769-67b2-4b40-9ae2-53c1b24d3977,Agnes,Jaine,ajaineao@prlog.org,Female
c3792072-cf2e-44aa-b47e-6eaee1f7fd45,Eldon,Kither,ekitherap@scribd.com,Agender
bdf7afe8-bc2a-4008-bfe0-6dfcb8721d06,Tallou,Driscoll,tdriscollaq@google.com.br,Female
23ab7d77-e6ad-49c4-a44f-56c0a353471d,Meade,Vedntyev,mvedntyevar@lycos.com,Male
94e5bb3d-83f7-4827-91b6-ad1c3802dcb0,Rogerio,Fragino,rfraginoas@flavors.me,Male
0d20da34-8e89-4845-b69c-6973ad15f033,Ilysa,Parsley,iparsleyat@vimeo.com,Female
7073c2ee-688a-4d19-a015-d8d39c0fbb2a,Meredith,Doppler,mdopplerau@statcounter.com,Male
2ee48c45-1368-4130-a8a4-8e68963dc770,Kareem,Merit,kmeritav@ucoz.ru,Male
2ffc646a-f4b9-4c8a-954b-d57d2f027824,Clerissa,Athy,cathyaw@webeden.co.uk,Female
9978ffb2-00f9-4c3d-a287-9f40a61acb98,Rhody,Shirtliff,rshirtliffax@google.ca,Female
16f8fd27-774b-4ec5-a43b-9eaf36cd7b68,Jaimie,Bidmead,jbidmeaday@msu.edu,Male
090cd080-8748-4e2e-972f-197fd2db39d7,Freedman,Hannah,fhannahaz@miibeian.gov.cn,Male
57a86b2f-9dc0-452d-a5b6-af605654710d,Nicki,Scare,nscareb0@rambler.ru,Female
3fc396a2-3a67-47f4-9255-5b9a81836f80,Caron,Milella,cmilellab1@rambler.ru,Polygender
8a2761ff-20d9-4f15-977d-d9b59ad31143,Grazia,Pitney,gpitneyb2@istockphoto.com,Female
cc705394-cc5a-4de8-be51-b73ef2967bce,Elianora,Emeney,eemeneyb3@devhub.com,Female
67b8f87f-d2db-405a-a9ee-dac3647701ec,Candra,Glayzer,cglayzerb4@prnewswire.com,Female
1bb50d41-1ea0-454b-a858-8ce3d3da64a4,Karmen,Ivanichev,kivanichevb5@theatlantic.com,Female
b037ef0a-5f3f-4172-937e-a6bf64ed7bf8,Demeter,Fidgeon,dfidgeonb6@bing.com,Female
4b4aead3-63dc-4816-90a2-010c8955ea23,Magdalena,Dow,mdowb7@nature.com,Female
41e6b432-9c97-43cd-8137-2d1752784bbf,Kale,Vasyunkin,kvasyunkinb8@wp.com,Male
2f75a263-05ab-4c0a-b11d-99b25ea4e4b4,Bibbye,Lambdon,blambdonb9@opensource.org,Female
dae738c6-26e9-4ca5-9e7f-069a942b0a39,Gayler,Gruby,ggrubyba@apache.org,Male
78097235-6374-44eb-975d-7131d3a077b6,Norbert,Anersen,nanersenbb@etsy.com,Male
ce58c694-566e-4d53-959b-da8125307b27,Jilly,Wingatt,jwingattbc@nyu.edu,Non-binary
f322a62d-e2c9-4db7-8985-a153d0dc2e29,Molli,Digges,mdiggesbd@desdev.cn,Bigender
d01d58a0-6cb7-4dc4-88fc-42c6c670fe8d,Phillida,Rouf,proufbe@google.co.uk,Female
c3538d6a-4bed-45ba-98b0-04770b646099,Camey,Stonier,cstonierbf@digg.com,Male
71485902-f469-4988-beb2-314068171d57,Brendan,Barthrup,bbarthrupbg@wikispaces.com,Male
685738a4-bca5-45d7-a5b8-0879c1447c63,Fremont,Mantrip,fmantripbh@nps.gov,Male
1ae8e5f8-c7c4-4d27-bcd0-a7169b622ed1,Carissa,Buntain,cbuntainbi@php.net,Female
35732e60-c0ca-4ec2-b9c2-abbc582e719e,Alain,Clague,aclaguebj@pagesperso-orange.fr,Male
24cf7086-1000-4e87-8916-411c399ffa6f,Violette,Peasgood,vpeasgoodbk@lulu.com,Polygender
f916d119-42e6-41d8-8b4b-8cfb7a2c3a1a,Tierney,Matterface,tmatterfacebl@columbia.edu,Female
dfc10492-547f-4f7c-8397-088f5e382152,Aguistin,Hairsine,ahairsinebm@mozilla.com,Male
b401725b-545f-433c-b4ea-a347290fa854,Stormy,Bryett,sbryettbn@intel.com,Female
d76c31c8-dd29-49ea-be2a-99a4babb3c8d,Neille,Domengue,ndomenguebo@biblegateway.com,Female
f471f760-6104-4a8b-8460-ceba7b5b96bb,Giacobo,Stratton,gstrattonbp@mozilla.org,Male
a96203f1-33bf-4b46-928f-72e9be9d2f71,Briano,LaBastida,blabastidabq@omniture.com,Male
600cc80d-16a3-4c67-a2f9-c83b8d59dac8,Giulietta,Munehay,gmunehaybr@printfriendly.com,Female
e4459451-268d-48b1-b1ee-1e2f49f2fc8e,Talbert,Deas,tdeasbs@vimeo.com,Male
ca3b358f-b810-4023-b9b7-de3b5750c176,Martie,Jope,mjopebt@illinois.edu,Female
9173f4c2-52a4-437f-be21-cf4b23f15ef2,Harland,Stannas,hstannasbu@gravatar.com,Polygender
cd1f3e93-e0b3-442f-b5cf-06bc80a4aecb,Kirbie,Gidley,kgidleybv@sun.com,Female
67c004ee-3075-46ed-a0cf-46bb58abb194,Marvin,Reichartz,mreichartzbw@unblog.fr,Male
c93020d3-56ca-419d-bbfd-c4dcc7db4a21,Asher,Sholem,asholembx@comsenz.com,Male
6dc0034e-bad7-4f36-ab5a-0c4ad0e8fc45,Amelia,Ruff,aruffby@mail.ru,Female
cc4875b3-fa64-405c-87ba-410d1c5bc31c,Sebastiano,Blamires,sblamiresbz@goo.gl,Male
028bf250-272f-48ed-bd31-7e9711f0b063,Hurlee,Stonbridge,hstonbridgec0@usatoday.com,Male
445c6251-3645-4f24-ac48-03befc5c144a,Giffer,Candish,gcandishc1@quantcast.com,Male
4f6e5a0f-6a05-453a-afd3-ffeb4f9d7292,Ranee,Cushelly,rcushellyc2@cbc.ca,Female
c3b1e318-2c89-4ad2-b454-22f923301fdc,Dunc,Kopmann,dkopmannc3@dagondesign.com,Male
b4f412a7-b2e7-4e75-b34c-a80559a9163f,Camey,Fenning,cfenningc4@uiuc.edu,Male
9e84c9ae-7f6a-4f99-a60e-a56a6d095ab5,Bathsheba,Verriour,bverriourc5@wix.com,Female
3da0266f-2c18-493a-84f9-720c48bba4ec,Loraine,Copestick,lcopestickc6@china.com.cn,Female
ba9f36a7-b36c-44fb-9024-0e52d46ea905,Pearce,Thynne,pthynnec7@uol.com.br,Male
305feb28-d1da-45e7-962e-9ce4510c8673,Hirsch,Gainsboro,hgainsboroc8@sourceforge.net,Male
bd9e790a-1c88-444d-9da0-49cb70993adc,Jaymee,Mauditt,jmaudittc9@about.com,Female
82a62530-6d95-42ec-8a52-55cc2c11b975,Burnard,Dorant,bdorantca@sciencedirect.com,Male
fe239e5c-3f38-4850-974f-0ed10fade5c2,Lenee,Smallthwaite,lsmallthwaitecb@google.com,Female
a3f366d1-df45-48c7-9c65-0639035f6b18,Vaughan,Lagneaux,vlagneauxcc@jugem.jp,Male
6fbff8b6-9d4a-4742-8321-8346a1258def,Natalie,Millership,nmillershipcd@behance.net,Female
24ab1cdc-5c62-4ebb-a2e0-109ea93122dd,Stephani,Pantecost,spantecostce@ucoz.ru,Female
99ed4d10-b33c-4b52-9c0f-823d7949d481,Uri,Gergler,ugerglercf@simplemachines.org,Male
fd14b7d6-4557-4d1b-97e9-a726587ec859,Andreana,Villaron,avillaroncg@livejournal.com,Female
75fff3dd-3aac-4b60-9355-bd18c45464f5,Marrilee,Shama,mshamach@pbs.org,Female
ec799654-2238-4534-b7db-196dc596e05e,Igor,Bonfield,ibonfieldci@gizmodo.com,Male
639f2bbb-1c68-4504-afa2-d87fc79ebd60,Hildagard,Rushbury,hrushburycj@wikipedia.org,Female
40a3f6c8-4062-4a85-a683-c7b6c7e8f2b9,Fredi,Sturdey,fsturdeyck@storify.com,Female
11467690-73bc-4cac-bcdf-17cff262abc4,Alis,Elcome,aelcomecl@yandex.ru,Female
20d42299-df00-414d-9f66-3f58488d0049,Asa,Toghill,atoghillcm@merriam-webster.com,Male
9113e4c3-017a-438a-bc88-1cb000c42894,Carling,Reaper,creapercn@wsj.com,Male
6f362d29-716c-4a6a-8db0-deef7ec64de3,Devora,Polye,dpolyeco@cdc.gov,Female
b20bb4c1-151b-40bd-a46f-e5f1a8dffe60,Philip,Burde,pburdecp@aol.com,Male
326b31cf-9581-4624-93f4-c0f9926e6a27,Mack,Crosham,mcroshamcq@umich.edu,Male
8e5e8062-620e-47f6-ab19-92259f3afb86,Calida,Matushevitz,cmatushevitzcr@apache.org,Female
64264f45-8e7e-43fa-9492-25b24b8d439f,Gage,Neville,gnevillecs@europa.eu,Male
47f0a410-cf47-483f-adf0-a2dc78711a31,Egon,Demicoli,edemicolict@wikia.com,Male
cf7c6e94-9897-4a20-9fd1-9505e558f7ce,Christos,Landor,clandorcu@hibu.com,Male
02e6aa5a-a9c0-40be-b45b-d05064fb0ff5,Ed,Fidilis,efidiliscv@nsw.gov.au,Agender
993a3300-1ced-4cf8-b1f9-456e218cea0e,Cy,Fenty,cfentycw@goodreads.com,Agender
8bf16a3c-3aa5-4d8f-b5a6-12a0dfbb9778,Baudoin,Pizey,bpizeycx@independent.co.uk,Male
c531476e-6792-4a3a-99ba-fd72e603aa28,Whitney,Croucher,wcrouchercy@ovh.net,Non-binary
6eaf6239-0bde-4238-94d9-f97bfbf0b0f3,Creigh,Itzhayek,citzhayekcz@marriott.com,Male
a08f1f1a-5f90-4634-a99b-7ae5b862229a,Bartel,Rapp,brappd0@walmart.com,Male
fc6c9057-8b03-4d81-9f71-54ab87ecc64f,Ikey,M'Quharg,imquhargd1@studiopress.com,Male
fbc57150-c826-4f47-b4ef-ea5b10bc5fcc,Will,Le Grys,wlegrysd2@bigcartel.com,Male
818ab585-0f5b-4fde-a2e1-800e71635208,Danette,McCowen,dmccowend3@flavors.me,Female
712aa17b-ce9e-4147-9401-f80889d6be4a,Edee,Will,ewilld4@jalbum.net,Female
88299b6b-ee78-4a01-ab67-f35e5c662900,Rochella,Cremins,rcreminsd5@friendfeed.com,Non-binary
21f0b23c-4d90-4498-80b8-b935d287e261,Reta,Kingsnode,rkingsnoded6@google.co.uk,Female
a8d788b4-5456-42f3-983e-741e32211d52,Vanna,Scimoni,vscimonid7@mac.com,Female
20344adc-36a5-403d-9e8c-8a05c9b2b155,Paxon,Beckett,pbeckettd8@e-recht24.de,Male
22709d64-beaa-4aa1-a5c3-4f7ae3ffa8fb,Deane,Falkinder,dfalkinderd9@reference.com,Male
db0d6087-fe1b-4555-bbae-86e0330aa173,Glen,Brailsford,gbrailsfordda@cpanel.net,Male
aeb8bd45-9414-46be-aa60-0891dfe07525,Costa,Mastrantone,cmastrantonedb@purevolume.com,Male
a9171d45-0813-4c8d-9f6c-f8c4354b1a64,Shari,Flori,sfloridc@liveinternet.ru,Genderfluid
c5d3def9-c054-4a4b-aa0e-c77f0855c916,Elyn,Dary,edarydd@home.pl,Female
61f75c2e-22de-4c8b-ab04-a53aa8ac5754,Belinda,Leas,bleasde@wordpress.org,Female
affb70d2-2a02-4877-a0e1-cfa15934b7e5,Euell,Ledson,eledsondf@mozilla.org,Male
b5ed44d3-0f13-4382-b582-5c25b027d020,Boyce,Prazor,bprazordg@homestead.com,Male
bc062d54-b5b7-44d6-8ec3-30d671a411fd,Angie,Butt,abuttdh@cbc.ca,Male
a6c8ed13-1d8c-427f-9f38-6f6a2ad404aa,Mindy,Haquin,mhaquindi@boston.com,Bigender
825f94f3-8463-48c3-8c3d-2b0ae9894b38,Whitney,Raiment,wraimentdj@redcross.org,Female
0ead3fda-6259-4adb-86bb-5d38c552776a,Franzen,Leaver,fleaverdk@spotify.com,Male
6bfd2ca4-1e8f-43c3-85ce-d7b9956457e1,Vlad,Antoniades,vantoniadesdl@tinypic.com,Male
530fde50-5719-44b1-b87b-8b9d26330095,Jessamine,Crommett,jcrommettdm@sohu.com,Female
6b6bf73d-bcc0-4821-94a9-1905e9029020,Lindi,Casterot,lcasterotdn@epa.gov,Female
564dd14c-8730-4c46-aca0-3bbf9be3ae01,Clarie,Firbank,cfirbankdo@rambler.ru,Agender
e89125d3-f9a5-4ccb-a016-8d80f330dc3b,Marie-jeanne,Cavil,mcavildp@weather.com,Genderqueer
82e1a49c-5371-41b0-9072-aea1d4107549,Adelaida,Wesker,aweskerdq@prnewswire.com,Female
13f25b2a-8ada-4b23-afe4-5087017c2e6c,Bennie,Troker,btrokerdr@fotki.com,Female
e8c0d86f-f5d8-4f44-a7d5-fd6394410f9e,Agneta,Pashley,apashleyds@baidu.com,Female
e832d8e8-62db-4e6a-836c-b1391b4e8fb0,Shelley,Epelett,sepelettdt@chicagotribune.com,Male
9fa16264-26e2-41e1-abec-d6ac722f298d,Johannah,Pate,jpatedu@toplist.cz,Female
77cb9991-44ad-4dd2-9ad2-3867b397822a,Jill,Poluzzi,jpoluzzidv@zimbio.com,Female
af63b532-f5a8-4fea-8e90-e04486767eb3,Gaye,McPharlain,gmcpharlaindw@hc360.com,Female
ef443088-5f27-4763-982b-370eba5c886a,Ludovico,Iwanczyk,liwanczykdx@yellowbook.com,Male
22c0ffe8-7afd-41a6-a1dd-5367cd0b6142,Lucy,Lochrie,llochriedy@netvibes.com,Female
b80c239f-0458-467d-aa5d-cb69b8f69ba6,Catina,Wolverson,cwolversondz@g.co,Female
bc994c6b-63a6-47cc-85ae-c62b0bdc5a83,Olav,Goolden,ogooldene0@google.es,Male
2d2a896d-e596-4779-bd56-684ce1039c63,Heindrick,Center,hcentere1@nih.gov,Male
cfd67ada-7d22-4721-b3a3-ff3619095328,Tobi,Olivet,tolivete2@ft.com,Female
ecf45764-e702-4510-977c-c0e5e89073fe,Judi,Farr,jfarre3@reuters.com,Bigender
8dbc6350-f6a5-4241-a860-c29c1cead88e,Germana,Fforde,gffordee4@exblog.jp,Bigender
6bd3bbf5-c200-484b-88c0-425cd38aca79,Mylo,Durward,mdurwarde5@twitter.com,Male
44470bda-b55f-440c-bd0e-63b50ca4dc55,Lilian,Basezzi,lbasezzie6@alexa.com,Female
cfc13642-5c22-4740-b1ce-dfddf17adbde,Bettine,Allebone,ballebonee7@artisteer.com,Female
95749885-cbbe-40bd-b726-1f498e6ef10a,Ursala,Bourgour,ubourgoure8@technorati.com,Female
d1aeed2b-4255-4d7c-a8b6-07ed3c03caf2,Marysa,Minillo,mminilloe9@google.it,Female
3b6081eb-744c-4f0c-a3cd-cc08b6705368,Laurie,Learoyde,llearoydeea@prlog.org,Female
626dc982-1461-48c7-a061-19580a54dd9e,Isobel,Woodyeare,iwoodyeareeb@cyberchimps.com,Female
323cca21-bc1e-430e-b632-e0ea2c6d081c,Montague,Reape,mreapeec@networkadvertising.org,Male
cc0589bd-afca-41f4-a68d-35ddcd076c1b,Mercedes,Teague,mteagueed@vistaprint.com,Female
49162b4f-d7c3-4f17-adb1-cf40d781a141,Gene,Haliburn,ghaliburnee@earthlink.net,Male
8263e61b-0f38-49d1-b0bc-cb286aec4ddb,Glynn,Copins,gcopinsef@etsy.com,Male
2f1f0798-2ba5-4b3c-b96f-5b29fca91d2a,Milt,Smuth,msmutheg@army.mil,Male
491ccc65-ec50-415c-a47e-ab1c35de3030,Forbes,McQuin,fmcquineh@opensource.org,Male
50ba2e0f-c7e7-4f90-ba98-4d0afa34924a,Kit,Castenda,kcastendaei@theatlantic.com,Female
9516713c-fc84-4cad-ab6c-219b4f631076,Rodolph,Lunney,rlunneyej@wordpress.org,Male
d7c4bebc-fa7b-46a1-95e5-8c51bc16a152,Papageno,Baldry,pbaldryek@ovh.net,Male
3c7c1ce3-b51b-42a8-8938-82a9d98b9137,Lusa,Hallows,lhallowsel@upenn.edu,Female
8861406d-3e24-474a-9f0d-9c48d1611ad5,Loralee,Shevlin,lshevlinem@phoca.cz,Female
6ffcce1e-6eaa-4e32-ab43-522ab2861e64,Horton,Red,hreden@netscape.com,Genderfluid
b8d91a45-1de4-4858-b3ef-25e68cc35ba8,Ferdinande,O'Lenane,folenaneeo@statcounter.com,Genderfluid
5f24c5f3-612b-4696-adb2-229721d167fa,Lynette,Tuxsell,ltuxsellep@i2i.jp,Female
b17fb43c-9900-4973-912c-812fe1ab86fb,Jacobo,Cowderay,jcowderayeq@drupal.org,Male
d36476b4-f366-4b3d-94f6-8eb2f21543ad,Angele,Jirus,ajiruser@microsoft.com,Non-binary
cd5dbd21-d300-41da-8c93-8ea72cb2d97e,Adelaida,Cockaday,acockadayes@marketwatch.com,Female
b0d5d937-44dc-406a-8560-d8eaad72970d,Oren,Timson,otimsonet@dropbox.com,Male
b3a039f6-4325-4099-acda-ff1874edda2e,Andrea,Leonardi,aleonardieu@blogtalkradio.com,Male
c9ce668b-fb76-48e9-81fe-372bc4b40051,Danica,Pascoe,dpascoeev@loc.gov,Female
4ace88c2-1c12-4721-9a85-853065e9a7ef,Grethel,Soot,gsootew@i2i.jp,Female
5d3f9c08-af84-4ebc-a214-718166647168,Fan,Armes,farmesex@npr.org,Female
beec66f2-db11-4b81-8424-ab84c88cc237,Lexy,Kuscha,lkuschaey@answers.com,Female
d25c4732-8ea4-40ab-9b65-126af7a38da5,Suzi,Gilcriest,sgilcriestez@ox.ac.uk,Female
2a754af3-250d-4efe-ac9d-d4471d645127,Neall,Matessian,nmatessianf0@aboutads.info,Male
27c72907-3119-4358-b257-4a4ee2600ad9,Nikolos,Sangra,nsangraf1@facebook.com,Male
b7e09f41-6fce-4693-bff3-f905805c0f5f,Shawnee,Dabernott,sdabernottf2@ca.gov,Female
ed376349-34c8-4716-8a91-ff63512f55be,Sibilla,Kinnier,skinnierf3@miitbeian.gov.cn,Female
cb80988a-726e-4274-aa36-f33f58d4a908,Brent,Luetkemeyers,bluetkemeyersf4@paginegialle.it,Male
7c09df47-cbd2-4a51-b38e-b2a64c390f67,Alard,Garfath,agarfathf5@hud.gov,Male
4e6b978e-0441-4d8e-a2eb-821b9f9861f2,Raychel,Hadwick,rhadwickf6@list-manage.com,Female
b8bf2b08-c811-40c1-9e35-b1c34101de32,Jermaine,Ivashinnikov,jivashinnikovf7@bloglovin.com,Female
10c5ab19-b58d-4c73-9223-76010d578910,Roddy,Wassell,rwassellf8@unesco.org,Male
25076d8e-ac58-440c-9a4e-eafd3b71099c,Lefty,Bing,lbingf9@wix.com,Male
1ea90c71-96cf-46c8-ac9c-f53ecb7b56c3,Dorelle,Upton,duptonfa@mapy.cz,Female
53b485d1-8228-4fde-b5f2-dc20422fb964,Robinson,Zanetti,rzanettifb@spiegel.de,Male
fa8fbe73-c793-4cd2-b706-2f09ac54c2e7,Caressa,Emmitt,cemmittfc@cocolog-nifty.com,Female
f5e33ea0-f273-4d4f-89cf-ba66ff8bef3d,Neddie,Duggon,nduggonfd@wikia.com,Male
07ce227c-ee8e-4509-9020-c87c6ca81cfc,Chick,Walthall,cwalthallfe@163.com,Genderqueer
b0fb31c4-743e-467c-bc71-f1df31812f7d,Everett,Pitchford,epitchfordff@google.com.au,Male
0c4493f2-9de6-4ee6-8c5c-6e105257f710,Klement,Cakebread,kcakebreadfg@yahoo.co.jp,Male
b55dc866-8bbd-46fe-9813-32d1d3c868e8,Porty,Siret,psiretfh@alexa.com,Male
98b51ac5-17ce-4a37-927d-5ade1ef9d3d5,Nicola,Serjeantson,nserjeantsonfi@purevolume.com,Female
5e83a531-99d8-4a61-a7b5-45aa0bf709e5,Glenda,Quadrio,gquadriofj@newyorker.com,Female
dc6e2e20-a4c4-4cd7-9de8-75b6a8d772f2,Lonee,Ducham,lduchamfk@about.com,Female
2c7e6026-1051-422e-a5d6-9e379bca5a67,Mattie,Fray,mfrayfl@vk.com,Female
d60f9a00-26e9-4cda-9ce6-735ffd0941d0,Gavan,Chavrin,gchavrinfm@people.com.cn,Male
1e7103c6-f7e2-48e2-9fb3-c3e4ce722ef7,Xylia,Hinkes,xhinkesfn@slideshare.net,Female
a6d3baa5-92b1-490d-98e9-abafb8fea939,Reggy,Butterwick,rbutterwickfo@utexas.edu,Male
ea285cc6-6bac-4574-ac89-77e34607d8f3,Ursulina,Grinnov,ugrinnovfp@wisc.edu,Female
53f6fe9d-cb2f-47ad-b92b-d939a0ca45cd,Lilli,Asquez,lasquezfq@exblog.jp,Female
154a8910-3386-4b50-86fa-cb1250afc0a8,Cull,Sinott,csinottfr@nhs.uk,Male
43252945-c9e5-4d22-8517-01a55c095e7a,Claiborn,Cristofolini,ccristofolinifs@washington.edu,Male
6e9ae2a6-aed0-4c73-afe4-80525d470ac6,Geno,Latta,glattaft@gizmodo.com,Male
c23025f8-931d-4337-a298-b7fe9a0d5a03,Dalila,Hagwood,dhagwoodfu@github.com,Bigender
c6413e8c-eeeb-4314-aec9-5f3433283cc3,Aymer,Powrie,apowriefv@hud.gov,Male
1468dfc6-17fa-4ca1-8342-d8a6fe4ff5c6,Alexandre,Perrett,aperrettfw@flickr.com,Bigender
10d9043c-97ba-4866-814d-22d33c06a969,Nevile,Coole,ncoolefx@acquirethisname.com,Male
f2f6f5d1-8c41-4753-8134-20ebb3b696c1,Berry,Wodham,bwodhamfy@google.es,Female
04b40d92-5a61-455d-9404-824b6ee1a402,Lincoln,Romayn,lromaynfz@sphinn.com,Male
00a695c4-a63d-4d77-8f1f-f9839afad560,Thorpe,Fleetwood,tfleetwoodg0@ihg.com,Male
00341121-f760-4dd8-91d7-f2ca204a777c,Brena,Wagg,bwaggg1@pagesperso-orange.fr,Agender
edb8323f-c120-4a08-bc4a-30b0ed70de77,Leoline,Mandre,lmandreg2@clickbank.net,Genderfluid
d12f4a33-2ad6-4731-a495-2ab2e5181c63,Corina,Antoni,cantonig3@opensource.org,Female
825ec83c-a26b-41eb-9ef4-e6669f5ef86f,Vivianna,Ferrone,vferroneg4@economist.com,Female
a3585a36-1f83-43e0-a30d-8a8bc1a1d089,Arron,Dreossi,adreossig5@icio.us,Male
966fa293-e016-44e2-80bf-be4782ee80b0,Minne,Itzak,mitzakg6@sohu.com,Female
5485d100-9997-4c14-90c1-b9388d666916,Niki,Allwell,nallwellg7@chron.com,Female
7e80290a-1211-4d04-98bb-22166f4b8861,Merwyn,Daffern,mdafferng8@blogs.com,Male
69accd16-3411-4732-a2a9-de9c32729cd0,Northrup,Dewerson,ndewersong9@typepad.com,Male
03c71039-dc89-4ce4-9b1a-71d929bbcb6c,Robb,Wilce,rwilcega@illinois.edu,Male
9402724e-4049-4b20-abfc-c941b41bb66a,Aindrea,Klejin,aklejingb@hexun.com,Female
7426a1ec-7c56-40ca-84c1-eac29ab6b4ea,Car,Mallock,cmallockgc@delicious.com,Male
34f18f32-8a34-4629-b67e-4cadab487fa8,Dimitry,Glew,dglewgd@yahoo.com,Male
595c2e02-7143-44df-a23a-320df1abcc30,Dredi,Lamberto,dlambertoge@cyberchimps.com,Non-binary
af1ccbb3-5d0f-401e-94fa-7c2081d4f393,Derril,Batteson,dbattesongf@geocities.com,Male
8069c7e2-90f7-4799-9f24-7610aa499f66,Vittorio,Million,vmilliongg@youku.com,Male
f28f1ca0-0144-49f5-94ae-dd17ceaa0aab,Morton,Berks,mberksgh@google.fr,Male
7f79dc53-c51a-4ca5-aca5-3da9afc46e19,Dru,Eubank,deubankgi@marketwatch.com,Male
1606fada-7149-4fce-a685-90acd6d767a3,Syd,O'Cleary,soclearygj@ameblo.jp,Male
40bb126f-f9b4-49df-88d9-654877c1b70a,Almire,Etchells,aetchellsgk@t.co,Female
f25a295a-6fac-4661-9906-63d1b37f0d96,Mic,Laphorn,mlaphorngl@exblog.jp,Male
257cf71d-b782-4903-a825-f1313601b0fb,Ardys,Dryden,adrydengm@chicagotribune.com,Female
45d66996-a3ec-4480-9fcf-f4c6f9acec9a,Byran,Dowderswell,bdowderswellgn@sun.com,Male
73a12642-4f0e-40eb-aeb6-9110c929ac90,Starla,Medlicott,smedlicottgo@odnoklassniki.ru,Female
744839e1-a609-4157-a3a2-4b46c15e1079,Layton,Sandle,lsandlegp@sogou.com,Male
01828257-371c-45fa-ac4f-411f1ee427d7,Sara-ann,Chate,schategq@comsenz.com,Female
8e0794e2-c247-4216-ade0-bfca3e42c56d,Marleah,Tamburo,mtamburogr@marriott.com,Female
66f77498-cd5b-4bc4-ac49-657067621d9c,Herculie,Fontaine,hfontainegs@ftc.gov,Male
00732f1c-d3de-44f0-90b5-b87af33839ab,Isahella,Tappor,itapporgt@i2i.jp,Polygender
c24c8baf-8b4d-4f99-8a01-9fb5d2cac4c2,Phyllys,Sutter,psuttergu@mit.edu,Bigender
ebde2b54-245b-42ce-84dd-30fbdde119a1,Baudoin,Hugnet,bhugnetgv@google.ru,Male
75d547fd-8206-4dec-8810-8826c03befbe,Iago,Inns,iinnsgw@linkedin.com,Male
26b8a5ac-2ea2-4e69-a077-3f1ddf371190,Yulma,De Coursey,ydecourseygx@yale.edu,Male
36d0ec5c-f852-43c6-8631-e06556f58a9f,Normy,Kindell,nkindellgy@epa.gov,Male
0689b01e-51b5-4f80-a4a6-1e5b1dda2fe5,Isidoro,Cloutt,iclouttgz@ycombinator.com,Male
3ca77951-8c28-4b21-834f-983d49309e4b,Fleur,Mossdale,fmossdaleh0@purevolume.com,Female
7891967d-fb41-416d-9490-2c80dae8bcd8,Cobby,Nice,cniceh1@nationalgeographic.com,Male
eb29067a-5f1b-4731-9af1-ffc765b7f097,Mayor,McCulloch,mmccullochh2@skype.com,Non-binary
050f86d1-e4e3-442c-b48f-6a54079555b2,Petronia,Hapke,phapkeh3@usnews.com,Female
27afca7c-5ae8-483d-8314-d571d4bf1c77,Nicky,Ofener,nofenerh4@amazon.co.jp,Female
fc6828f4-1248-4b95-8d6a-d4e99785aaaf,Nixie,Dawkes,ndawkesh5@techcrunch.com,Female
caddf738-e64e-4a65-8ec8-729996a8ef27,Pieter,Duran,pduranh6@salon.com,Male
ed4a8775-ac19-4af4-bca2-59126262b2ff,Alexis,Neljes,aneljesh7@businesswire.com,Non-binary
16f2394d-fb99-4c6a-a63e-e869c334b947,Zachariah,Rankling,zranklingh8@storify.com,Male
01fed72f-ff69-4af4-9009-e40bc19404e3,Anthiathia,Evers,aeversh9@google.co.jp,Female
eedee7d1-1833-4e1d-a1e3-28ff4edf6b10,Frazier,Wakelin,fwakelinha@macromedia.com,Male
41f5b146-c0c6-473f-8584-89857ecf1bb4,Yanaton,Bristowe,ybristowehb@livejournal.com,Male
05ff7286-ebff-48c4-993f-0ba1cbca0cdc,Corey,Cordeau,ccordeauhc@freewebs.com,Male
1e9a3009-e5cf-4341-9723-367fd86762e5,Ervin,Summerlad,esummerladhd@wix.com,Male
c47bf35b-e372-4ad1-9b51-5eca624756d4,Alison,Paskell,apaskellhe@techcrunch.com,Female
7e66a520-da54-42f4-b1c4-110aedb4061c,Sapphire,Abramchik,sabramchikhf@weather.com,Female
9602e8ce-772c-4789-9e9f-e7d47ac33ea0,Isabeau,Keoghane,ikeoghanehg@addthis.com,Female
3f246ba3-4c29-42a3-9187-4b795ba1e013,Jermayne,Sixsmith,jsixsmithhh@hao123.com,Agender
ba505f1e-1b57-4327-b3de-363b23c493fa,Kim,Grout,kgrouthi@dion.ne.jp,Female
c870f682-904f-4ec6-b751-5a65499547bd,Rubina,Marages,rmarageshj@paypal.com,Female
578c3899-6dca-4a36-ac56-1270784a220b,Ava,Bruton,abrutonhk@123-reg.co.uk,Bigender
816f7aa2-c331-4db4-96f9-cd85cfa1f189,Leonardo,Floris,lflorishl@drupal.org,Male
2ecf381f-d6b0-44c5-88e0-7c4202b50567,Damiano,Shaxby,dshaxbyhm@pcworld.com,Male
321478b3-40a5-4d73-8790-d52dfd09dddc,Marius,Gwynne,mgwynnehn@sun.com,Male
1db593db-2a99-484a-a7cd-dc662ec4ad23,Boyce,Darrigrand,bdarrigrandho@msn.com,Male
45ffaf45-74bc-4455-ac49-6df47e3cd44d,Ameline,Luchetti,aluchettihp@webs.com,Female
51617b4a-6434-4bf6-8812-ba580c0ba839,Frans,Sappson,fsappsonhq@epa.gov,Bigender
dfdc0533-08af-40b7-bf7e-49e36681bbdf,Kingsley,Harlett,kharletthr@wp.com,Male
494ae52d-9b00-4570-accd-4ff50833ffc1,Samuel,Sebborn,ssebbornhs@studiopress.com,Non-binary
ef0505c6-4d2f-4e54-b7f9-f57becbcb562,Cathrin,Sabbatier,csabbatierht@sciencedirect.com,Female
f2584c95-ca05-4349-8d86-1d49bb23f0f2,Harli,Prendergast,hprendergasthu@amazon.de,Female
4f349b3f-0b51-416b-9ed4-816ff34574c0,Ella,Pecht,epechthv@fc2.com,Female
37f1a0c5-46bc-455b-a862-69f6c61c401d,Kristien,Jone,kjonehw@pen.io,Female
7f4ce470-452a-4c92-9001-87de9d565e77,Mehetabel,Baiyle,mbaiylehx@sina.com.cn,Female
438065ab-8309-4ac5-8421-0b6a918827da,Celestyna,Falshaw,cfalshawhy@toplist.cz,Female
e395d2f2-e78f-4dee-9e24-4b7f31617867,Gates,Eden,gedenhz@hatena.ne.jp,Female
c957c817-4b75-48d2-96d6-60dfc3cba380,Tome,Bomb,tbombi0@canalblog.com,Male
de41f0a2-49d1-45f0-bb73-8c50ebe1c688,Gustavus,McMenamie,gmcmenamiei1@redcross.org,Male
1f082b4d-9f50-4fe5-b2e5-415163049df4,Martin,Mongenot,mmongenoti2@mayoclinic.com,Male
d91ad270-cbeb-436b-866e-ba8afe2fa438,Odette,Digby,odigbyi3@ifeng.com,Female
72a62a1b-0df7-4789-8a59-37f134e67a36,Bobine,Beetham,bbeethami4@scribd.com,Female
9e0d154f-0bd8-45a5-b018-2d6298afafa6,Thorn,Merrywether,tmerrywetheri5@addthis.com,Male
ccbaa517-9163-484a-925c-5890829c4303,Magdalene,Windas,mwindasi6@webmd.com,Female
a528843a-5064-47b8-b162-d2fd3f2a7dae,Max,Molder,mmolderi7@indiatimes.com,Male
60be635c-28f9-4b91-a45d-a6c153c09e9b,Elenore,Spurriar,espurriari8@fc2.com,Female
afd66acd-fdad-44fe-962c-d3bbed69fb69,Juieta,Arney,jarneyi9@discuz.net,Female
d3c37c4f-01e5-46c5-8f08-4eda58e962e2,Melodie,Bean,mbeania@ihg.com,Agender
d00a4f36-95f9-4eb0-83ac-1d06b0b0ace3,Rebecka,Bossel,rbosselib@earthlink.net,Female
d1ec14d6-34a4-440f-a17e-8efb28b31d3a,Miller,Vosper,mvosperic@parallels.com,Male
5dd3f606-c552-4b15-81c0-0b77c590b331,Temp,Cejka,tcejkaid@canalblog.com,Male
051ee883-10bc-4c56-8e15-b76d293ad919,Joelie,Thorburn,jthorburnie@purevolume.com,Female
3b0632f9-fd1c-452c-b0c1-b73961fff2ad,Rocky,Kolis,rkolisif@amazonaws.com,Male
b29002d6-5c75-4012-af04-88948a824b26,Zoe,Kimberley,zkimberleyig@bbc.co.uk,Female
d762a19b-1628-466b-9691-698b8d22396f,Morey,Macvain,mmacvainih@about.com,Male
7a03730b-7718-4e88-92ea-d8483b21967f,Marin,Boughton,mboughtonii@yale.edu,Female
ed8b91cf-1cec-4d9f-8658-516d4e3c18d8,Verile,Linkleter,vlinkleterij@devhub.com,Female
6e066e64-ca8d-43aa-b9f7-41d15a294a0f,Collin,Theuss,ctheussik@ocn.ne.jp,Male
063dc742-6c43-43c7-887d-4c6b214fec57,Dillon,Desseine,ddesseineil@technorati.com,Male
37767919-0582-405c-9576-fccf94b686b7,Bat,Chadbourne,bchadbourneim@nps.gov,Male
cfd2f942-5e1f-4c08-ab61-3a47ce27f275,Sunshine,Russel,srusselin@theatlantic.com,Female
5a32a1a1-a8ac-4f0e-a0bf-99f4490de98a,Donna,Kibel,dkibelio@shop-pro.jp,Female
d54a2c94-a691-4cab-90df-80363fb42885,Harris,Ivashnyov,hivashnyovip@amazon.com,Male
7fbca85f-ab98-404a-87d1-030f4f4fef78,Clevey,Surman,csurmaniq@a8.net,Male
049e7f74-444a-4d8e-a7e0-3effa3d7c53f,Cora,Franz,cfranzir@example.com,Female
1a4e7362-a151-429c-8720-5bff3cc14afd,Ysabel,Portch,yportchis@ezinearticles.com,Female
71496037-4d99-41b0-bed5-cb68b7198655,Israel,Eam,ieamit@ted.com,Male
f7e43165-3743-4d77-a688-0b311518415f,Griffith,Solomonides,gsolomonidesiu@oracle.com,Male
aeed3d54-b288-414c-9222-d571fb2d1654,Rochelle,Burrows,rburrowsiv@samsung.com,Female
991ff6e3-92a5-41d2-a958-201de88fc36f,Karl,Slowgrave,kslowgraveiw@altervista.org,Male
2645b393-f408-4285-a39d-9be3303f150a,Gretta,Sanham,gsanhamix@newsvine.com,Female
576c8bfa-3e45-41fc-8acd-526d5bc8d5fb,Vail,Inkle,vinkleiy@google.ru,Male
b951e0fb-9704-4c69-aaae-658e228e9450,Dyna,Ricart,dricartiz@is.gd,Female
506bdb41-b1fa-4eb0-a61b-00acfeb2be65,Sharity,Judson,sjudsonj0@theguardian.com,Genderfluid
9b8f98f7-e3e1-4c1e-a491-d9d548fce735,Dur,Carlisle,dcarlislej1@cornell.edu,Male
f8fff00c-c7d5-4839-b8d5-91aac56ad436,Jocelyne,Kampshell,jkampshellj2@oaic.gov.au,Female
63804ea1-596d-4fa4-b333-458a941a8c0b,Elianora,Cowope,ecowopej3@hp.com,Female
b10cf722-d7a7-468a-968d-0b5f5d695b98,Rosalinde,Meininking,rmeininkingj4@comcast.net,Female
84b5c0cc-3775-4811-9cfc-25a9ace6a4b6,Quint,Whistan,qwhistanj5@google.fr,Male
aedfa539-425c-464c-a696-8198924af04c,Lillian,Rossoni,lrossonij6@tmall.com,Female
21407207-534a-4a84-99f6-060fc1886df0,Florrie,Kayes,fkayesj7@intel.com,Female
3a66dabe-5f4c-4150-ab5d-9abea708ed5e,Kippy,Patullo,kpatulloj8@senate.gov,Male
fbc8425c-e721-46f9-b2ed-7ff0d1e95885,Mellie,Hellyer,mhellyerj9@narod.ru,Female
6dcfbd15-293e-407e-9d11-e09f8f264af4,Doralin,Baudoux,dbaudouxja@typepad.com,Female
7b607459-3c64-41a3-b8ca-d44ebdf05506,Ariela,Waddoups,awaddoupsjb@mapy.cz,Female
909cd1cb-9840-4e43-879e-d62ae3bfab19,Cele,Pepperrall,cpepperralljc@sfgate.com,Non-binary
c90b4785-68eb-44db-ae50-19357c326fcc,Chalmers,Masden,cmasdenjd@wordpress.com,Male
80d65a98-3cc2-41e5-9c65-24aa8257eec1,Rena,James,rjamesje@archive.org,Female
15eae52e-7a1a-47cf-85b1-d88c0c1966bc,Agnesse,Reace,areacejf@apache.org,Female
7f692ac8-048b-42aa-80d3-138689de26b3,Jethro,Gresch,jgreschjg@typepad.com,Male
b16c41df-2392-415b-a00f-18613878295b,Colin,Bladge,cbladgejh@vinaora.com,Male
822b5e38-d050-40cb-be4a-b20cdee49d7a,Connie,Bantock,cbantockji@drupal.org,Male
a565a67a-1d44-45d5-a101-415406d91f56,Nertie,Aynsley,naynsleyjj@nba.com,Female
d7e1d863-e56c-4fa5-87e9-498c7187f325,Ashil,Rubenfeld,arubenfeldjk@reuters.com,Female
9c02b264-fabe-469c-880b-07ae233352f9,Jaimie,Gretton,jgrettonjl@flickr.com,Male
b7b34abc-f3de-4a83-92b4-07128af6504f,Padraic,Bray,pbrayjm@i2i.jp,Male
db01cda2-4683-43e9-96c3-8f95f11775ff,Lauralee,Christal,lchristaljn@uiuc.edu,Female
3b12fddb-6b3d-4e2d-8952-1970ddef3473,Heinrick,McIntosh,hmcintoshjo@symantec.com,Male
7e3413f0-c3f9-4939-aa4b-d05b4f988353,Liuka,Laidler,llaidlerjp@angelfire.com,Female
ce6035e6-dac1-48b1-b7e2-23f704611751,Irena,Betchley,ibetchleyjq@wix.com,Female
75705a5b-96af-4947-a7e7-ea0cfa14fa0c,Laurianne,Reyner,lreynerjr@elegantthemes.com,Female
7513c20f-e49e-4eeb-8bcc-0c27062656c0,Gaven,Quick,gquickjs@craigslist.org,Male
d5bad307-af89-4932-a034-c063e9df13c3,Zsazsa,Danielkiewicz,zdanielkiewiczjt@over-blog.com,Female
f200219d-b2c0-4c0d-a369-12ed624256fb,Dorri,Manuel,dmanuelju@technorati.com,Female
9347b17f-b303-47df-a12d-8e0e99af6b13,Jefferson,Middiff,jmiddiffjv@yahoo.co.jp,Male
743dbed7-1567-46c5-861f-a99af9bd5232,Raf,Coope,rcoopejw@mit.edu,Female
adc87f4e-57ac-43e1-9eda-9ca6728b99a1,Leora,Sheals,lshealsjx@marriott.com,Female
59275deb-0d19-4944-92ef-7b40b25428dc,Valdemar,Kuhle,vkuhlejy@abc.net.au,Male
69a465f1-fdd1-436a-8286-3d46e0795b86,Matelda,Ealles,meallesjz@biglobe.ne.jp,Female
d1532dfb-2af9-4a2d-abf2-7188821fdac0,Dominik,Gilbert,dgilbertk0@google.com.br,Male
ec57bba2-3200-4671-953f-b9b12a1f8a0b,Georges,Janney,gjanneyk1@census.gov,Male
c32e265d-51f0-4d5f-80c8-0d9a5f59869b,Orren,Gambie,ogambiek2@microsoft.com,Male
3f3f20f4-bca2-4a18-b519-71a6fbb52990,Margalo,Huffy,mhuffyk3@ucoz.ru,Non-binary
d60bb60c-b79d-444b-8cde-73508cdbea78,Dani,Van Der Hoog,dvanderhoogk4@cnbc.com,Agender
4cf870b0-3287-4f53-87fe-0516a114cbc7,Casandra,Strippel,cstrippelk5@ustream.tv,Female
b45070fb-2b5f-491b-a77a-9db0ba528a4f,Redd,Sicily,rsicilyk6@typepad.com,Male
d702353e-4049-43a2-b27f-77146942eddd,Justin,Baxster,jbaxsterk7@hibu.com,Male
704b84dd-52ad-48c6-9697-05fbfdadd000,Lory,Liell,lliellk8@symantec.com,Female
347d77d2-9803-4751-87f7-f42513e124c0,Rosanna,Goulborne,rgoulbornek9@reuters.com,Agender
e17ee90d-d8c3-42b9-b9db-e95b20568043,Arty,Dyke,adykeka@ustream.tv,Male
285bc43f-7205-4c8f-9ef4-1d01092de3b2,Andie,Perse,apersekb@boston.com,Female
8d78fcaf-1306-42d1-a307-8185619ac2d6,Goran,Hawkswood,ghawkswoodkc@mtv.com,Male
e9c398b7-5b3a-449a-802f-dafd19e76d48,Liam,Corless,lcorlesskd@bizjournals.com,Polygender
7e981bb4-b29f-4800-bdba-ebb353921512,Angelia,Pipkin,apipkinke@typepad.com,Female
8cfc49f3-c088-4edf-9d7d-89d1ac64ff3b,Sheffie,Cosham,scoshamkf@bloglines.com,Male
697c004e-3780-4bd7-bc75-8c32f06e90e4,Gustave,Blackway,gblackwaykg@drupal.org,Male
7bc7daea-6604-4ea7-985e-06599a1232ad,Miner,Cage,mcagekh@ehow.com,Male
d3ba0cba-3bae-42ff-bdae-6075ab4220b6,Norris,Davidesco,ndavidescoki@go.com,Male
35a8eaed-925e-4070-817e-cf625bc2521b,Hailey,Knoble,hknoblekj@si.edu,Male
d818b7ba-5681-4329-b2d0-7ec6807ea354,Sharona,Gillfillan,sgillfillankk@usgs.gov,Female
471c366c-4dec-4958-9f59-62b05c926713,Alric,Forrest,aforrestkl@bluehost.com,Male
ec978f10-c46b-40da-8bb0-c1283067d742,Elroy,Yanukhin,eyanukhinkm@chicagotribune.com,Male
fe6356a4-be98-4530-bf38-ff336b5bc5c3,Nikaniki,Jacobi,njacobikn@reuters.com,Female
45fb525d-8ed3-4b11-8805-2d741a0cd1a4,Ashlin,Cunah,acunahko@usatoday.com,Male
9785f33f-4b72-42e8-9ae2-4e88cf59c47d,Casper,MacKimmie,cmackimmiekp@adobe.com,Male
3170e7a3-e9c7-493c-bd3b-420094bd15e6,Lew,Luparti,llupartikq@cbslocal.com,Male
abd29ad2-9a17-49aa-8a6b-f454110eab5f,Max,Robinett,mrobinettkr@bandcamp.com,Polygender
fb4c22f1-b8c9-43d9-88f2-4715910aeeae,Rossy,Gimbart,rgimbartks@free.fr,Male
aa39d48e-36aa-4fa6-aa63-37260eeda10a,Pearl,Fullager,pfullagerkt@dot.gov,Bigender
429b8bbf-e06f-418d-99ea-f78f671bbb8a,Ludwig,Coffelt,lcoffeltku@bbc.co.uk,Agender
bd3e9bd9-ad03-4b16-8925-52e4a834f20b,Noe,Suttie,nsuttiekv@pen.io,Male
dc3ceb44-980b-4067-94e2-e8888dbdefed,Aprilette,Huikerby,ahuikerbykw@google.it,Female
03012ab3-85a2-4e49-91d7-85a695044d22,Reena,Glenton,rglentonkx@stumbleupon.com,Female
0900e2e4-5f15-4dda-abe8-be71633e7a94,Kalila,Yearby,kyearbyky@apache.org,Agender
594243c3-3df9-417d-b89b-0a4c8371bac7,Mordecai,Osgordby,mosgordbykz@twitpic.com,Male
3a053838-5649-4d0d-a6bf-0a22ad9f6a49,Kliment,Skase,kskasel0@vinaora.com,Bigender
b44b42e2-4d1c-4aba-9922-e21bd876ba81,Eden,Border,eborderl1@studiopress.com,Female
5f43fe67-c6ca-46b9-8162-1d8616b3c110,Joellen,Eccleshall,jeccleshalll2@cisco.com,Female
18bbfd52-9ca3-4864-b2cd-172edce249d0,Darleen,Jandak,djandakl3@ox.ac.uk,Female
32dd44b1-9311-4848-8c9a-6e2c8382f659,Royal,Friedman,rfriedmanl4@wisc.edu,Male
79bddf7a-0859-477e-8a02-2ac93633e050,Moreen,Orgee,morgeel5@mediafire.com,Female
646e8074-afd6-43a8-bc84-95d8c1ec54bb,Davey,Coburn,dcoburnl6@sphinn.com,Male
0ca7b58d-024d-4726-bdc2-a28a94bf0afd,Welsh,Americi,wamericil7@g.co,Male
e46e1735-8c1d-401d-bf70-2c7631906618,Courtnay,Swaffield,cswaffieldl8@netlog.com,Female
d55ab923-f8d0-4783-b92a-472c42206b2b,Mei,McLarty,mmclartyl9@google.de,Female
e67d4517-5ffd-48bf-a91f-81ba22e6d77a,Cherrita,Coldham,ccoldhamla@ft.com,Female
605fb398-fa8f-44a1-8414-5abcfbc1882e,Lottie,Josefsson,ljosefssonlb@ihg.com,Female
54f4ba2f-bef3-46b5-8df9-e82b8fcbda39,Brucie,Leyburn,bleyburnlc@state.gov,Male
0b79a354-7933-442d-8149-76f6c01460ba,Kathryn,Stonall,kstonallld@howstuffworks.com,Female
364633c6-47f2-467f-8c29-be08a8954d0b,Husain,Rodolico,hrodolicole@booking.com,Male
b48d3fe2-56c7-488d-ae6f-2f360fa845b2,Desmond,Hamblyn,dhamblynlf@usda.gov,Male
0ceb5664-ac75-40b3-adaa-23111bf483da,Hedi,Gellett,hgellettlg@who.int,Female
c96d92da-6ac6-49af-845e-fc5984cc876f,Allina,Mungane,amunganelh@constantcontact.com,Female
6762d384-ffc1-4e62-926a-d645b3234be4,Shae,Klimkiewich,sklimkiewichli@hc360.com,Female
16852db4-de0f-4a5b-be5e-248177ac4c8a,Amity,Beinisch,abeinischlj@smh.com.au,Female
928f54aa-8a02-4441-983b-e2d3cbf86935,Brandon,Hadrill,bhadrilllk@tripod.com,Male
59b7a7ee-8f27-43b2-90ef-54379dffcfc6,Hoebart,Conibeer,hconibeerll@hud.gov,Male
6c96caed-fa88-41a2-a6ac-04be3b6598bd,Tatiana,Blasli,tblaslilm@webmd.com,Female
39b5966d-c248-4efc-9aa8-03e0dc0856fc,Kevyn,Ducker,kduckerln@irs.gov,Female
1b4105b7-d4e4-49d1-973b-86f5924424bc,Letty,Cater,lcaterlo@prnewswire.com,Female
852668d6-d52e-4307-9350-d72cb1cd159e,Anjela,Westmorland,awestmorlandlp@ucla.edu,Female
de81bf85-90d7-465d-8eda-fe04eca7fc14,Nat,Couroy,ncouroylq@usgs.gov,Female
355c772f-d492-434e-8efe-fdb19baf59cf,Dulciana,Hentze,dhentzelr@stanford.edu,Female
b6d5afc0-1f19-48ef-a459-8a99637c58b6,Imelda,Zoppo,izoppols@aboutads.info,Agender
10e4eebf-881d-4de4-9e50-8efe641178ed,Lesly,Daouze,ldaouzelt@stumbleupon.com,Female
57e73b46-9c2d-47fb-bb6e-7879a08a300d,Marv,Give,mgivelu@seattletimes.com,Male
709b6381-cffc-42b9-b9cd-d6bdaab03ebd,Sherye,Cinderey,scindereylv@reddit.com,Female
58b81deb-19a5-49c1-8579-91be89192cbd,Annamarie,Housden,ahousdenlw@comcast.net,Female
8a48ac92-fb49-439d-9b13-83c223760cf1,Gill,Schieferstein,gschiefersteinlx@ebay.com,Female
fd098854-c5b6-4b80-8ac8-93e5e416e155,Consalve,Hadden,chaddenly@wikispaces.com,Male
094a685c-f78b-405f-9c04-21367a40773e,Carena,Pigram,cpigramlz@apache.org,Genderqueer
eb56d500-7bf8-4907-8751-94300789a599,Cort,Philipsohn,cphilipsohnm0@geocities.com,Male
f877a30c-2c90-4c77-9cf3-ef5ed6a20bd6,Austin,Batter,abatterm1@delicious.com,Bigender
f8913335-5dab-44e1-9e2e-f93cfacf08fb,Franz,Veazey,fveazeym2@geocities.com,Male
b73d10c5-2809-4495-8e66-9fb73265af7c,Shadow,Mozzini,smozzinim3@phoca.cz,Male
83e30ce1-b9c1-4aa5-8ba4-550b23b28463,Cherlyn,Auchterlonie,cauchterloniem4@skyrock.com,Female
56df98c9-bfd2-4b18-8b24-b2633188a5e1,Ola,Dearlove,odearlovem5@cnn.com,Bigender
3249f58b-b385-41f4-9e8a-991a43a0b341,Kikelia,Poel,kpoelm6@skype.com,Female
4dfb0597-a651-472e-ba2c-9600e16674ff,Lindsy,Demann,ldemannm7@goo.ne.jp,Female
c74ebb0e-fc4f-40c0-9511-5a08a2d3eb45,Maggie,Anderer,mandererm8@xinhuanet.com,Female
ba45cc7e-77ff-42de-8afb-49b6792399a5,Cris,Bridger,cbridgerm9@stumbleupon.com,Female
b5d970e8-9296-4a11-9d57-7c5cc0200115,Carolyne,Izzat,cizzatma@hao123.com,Female
e29f6350-535c-4697-9df9-a178baef3262,Kip,Doram,kdorammb@si.edu,Male
1194047e-ceca-4837-989f-a851b4ed541e,Rriocard,Cuttle,rcuttlemc@4shared.com,Male
9bd36336-c171-48b6-b90e-2fdfdd986901,Sherwood,Skells,sskellsmd@yale.edu,Non-binary
f87c623a-148d-4e03-8afe-1de1bdee2a57,Olag,Kellar,okellarme@themeforest.net,Male
1d679899-46af-451d-b38f-3188a21ca391,Theodore,Huke,thukemf@gravatar.com,Male
f98f0634-4431-48c1-b2df-0d15e17226ca,Nikkie,Ramirez,nramirezmg@twitter.com,Female
f1b15835-188f-4490-be23-adf56765f6c1,Curcio,Winterbotham,cwinterbothammh@g.co,Male
87168039-b790-4b27-ab71-7b046f07b9b4,Nikaniki,Lace,nlacemi@gnu.org,Female
9eefec99-d651-4412-9869-863b9d29c558,Lorant,Frenzl,lfrenzlmj@cnet.com,Male
e89836e9-21d5-4449-814a-14b29cff3c78,Corilla,Ivanenko,civanenkomk@seattletimes.com,Female
a3cf0577-7a07-4d9e-8d51-20402e7cdc45,Delcina,Bingle,dbingleml@dailymotion.com,Female
3b8cb298-339b-4fd9-8c64-cc73e4fe93d0,Melissa,Aliberti,malibertimm@seesaa.net,Female
e1acca37-9a54-4945-85ac-97e519d30483,Wendye,Rogge,wroggemn@webmd.com,Female
ab1c53b6-e805-48cd-9000-44831993e6ba,Anjela,Leveridge,aleveridgemo@devhub.com,Female
ca774b5a-4a6a-43c9-bc80-77cdd0b0ef5b,Alvie,Lafond,alafondmp@plala.or.jp,Male
3bfdb3ee-a3bc-4f33-bbc0-0c36a2d8be7c,Morlee,Bartaletti,mbartalettimq@diigo.com,Male
b8a8b822-cc7c-4244-8eb3-f2b76b06f432,Ryann,Fatscher,rfatschermr@sakura.ne.jp,Female
890cc218-57c4-49fc-bf01-a004079d0ca3,Leandra,Latore,llatorems@weibo.com,Female
65160f1d-c703-4706-b9b8-b57cd950ed72,Wolfgang,Rizzillo,wrizzillomt@about.me,Male
3ad9cbc5-c697-40a2-a33e-663a57596d33,Roby,Le Noire,rlenoiremu@china.com.cn,Female
8c2aa5b6-9cb8-46b2-abc5-d94fba6d3341,Agatha,Peckham,apeckhammv@princeton.edu,Female
9e6d2a2b-04dc-4e0b-a5f5-58bd461669b0,Dehlia,Oxherd,doxherdmw@dyndns.org,Female
f00a9014-95cf-4f64-8e47-62608a1a27be,Effie,Scholig,escholigmx@1und1.de,Female
da10b29a-6bdd-485b-b782-4c0ccd757362,Berkley,Kinton,bkintonmy@shareasale.com,Male
5eea6882-fbf4-4b45-945e-a6fe3c62bba1,Zedekiah,Winstanley,zwinstanleymz@acquirethisname.com,Male
e61c55ef-b5c9-479d-bb89-73e106dd2190,Karisa,Palumbo,kpalumbon0@ning.com,Female
5568d48b-9c43-4976-9f35-d90aa9e290de,Farra,Addyman,faddymann1@google.de,Female
3445c863-3a41-474e-bc2f-79af434e74b2,Romonda,Pumphreys,rpumphreysn2@earthlink.net,Female
1a384b43-68c0-4570-9e94-e9d87f1192ba,Ezra,Ledster,eledstern3@geocities.jp,Male
bd5d9ad1-8ab3-4ac2-9897-5befa32a74f9,Lilllie,Pickering,lpickeringn4@jimdo.com,Female
2f4b1543-bb16-408c-b1a1-69539c6d93a5,Ferrell,Silverwood,fsilverwoodn5@vimeo.com,Male
26bbbf99-b2ed-406a-8354-22d6646fca85,Eolande,Gerrad,egerradn6@t-online.de,Female
c2f67a92-9147-4e8e-a4b4-23d6ad210248,Sibilla,Clubley,sclubleyn7@tiny.cc,Female
ddcf8ae2-fce3-41a6-aea0-d4d08cd7d596,Gunilla,Faires,gfairesn8@google.com.hk,Female
de7484f0-2c3c-4a61-917d-db3cfc63f9e9,Kizzie,Swett,kswettn9@livejournal.com,Female
cc347167-d498-4af4-873c-13e00c4cb477,Miquela,Mulryan,mmulryanna@stanford.edu,Female
91dc16f0-2152-4654-84b8-fdfcd1150010,Belvia,Devote,bdevotenb@ow.ly,Female
7e829244-816a-4e50-a7da-fb895ba73689,Osgood,Btham,obthamnc@time.com,Male
c3385332-72f6-4556-8a55-612a7bf055ea,Diarmid,Boate,dboatend@disqus.com,Male
999aecf9-c535-4825-8dbd-24a330970ef8,Danielle,Pashan,dpashanne@bloglovin.com,Female
13ad0b04-f33a-4757-9e13-e4cc9540e8aa,Miranda,Wybron,mwybronnf@jalbum.net,Female
412f5a29-2c65-4dfa-91ed-0d5ed3472b46,Noll,Harraway,nharrawayng@trellian.com,Non-binary
11e5749a-e2be-4f99-b920-c5a116414eea,Ariela,Zecchi,azecchinh@lycos.com,Female
85e01b34-3c44-4328-83f4-475c745a35e1,Valentine,Deane,vdeaneni@elegantthemes.com,Female
c837874c-0a02-4413-9335-f149ae13a6ca,Maggi,Kerfoot,mkerfootnj@wikimedia.org,Female
403fb40d-6a9c-4d6e-9f11-cc9550a0fce5,Berkie,Margaritelli,bmargaritellink@pinterest.com,Male
b5f155f5-5f6f-4f57-98ed-9aa22f46ea42,Ardisj,Trathan,atrathannl@nytimes.com,Female
80969567-9394-44fb-83ee-f4d0eff5ed6f,Kippy,Dureden,kduredennm@dropbox.com,Male
258c16c7-aab2-488d-8f15-597ca5e6c059,Mattheus,Raymond,mraymondnn@taobao.com,Male
a1c8340e-c6c7-465d-9098-7376319d54f2,Fayre,Guerrieri,fguerrierino@phpbb.com,Female
85358dd6-a126-4591-9238-353d685a032f,Humbert,Cordelle,hcordellenp@ox.ac.uk,Bigender
ade6d1bb-1a76-4866-836d-2f7ef8f4c8db,Joshua,Jorry,jjorrynq@booking.com,Male
1ee33625-245a-42fc-a75e-a5e15b8d0a53,Hannie,Widdop,hwiddopnr@skyrock.com,Female
f3d6ff06-8b37-4dc0-9b50-e1faf4121dcd,Scotty,Adamthwaite,sadamthwaitens@ameblo.jp,Male
66836f2f-ad94-422b-bbf0-b991e003f40c,Eleanore,Hollow,ehollownt@sogou.com,Female
d3eabf2d-b8f7-4f9c-baf4-679e94696517,Elke,Danbye,edanbyenu@washingtonpost.com,Female
d0bdbe63-e00d-4d28-bc75-1097f7f61db1,Bryant,Dorrian,bdorriannv@furl.net,Male
71295f3e-5570-4b77-bf55-c5ac88ac41b2,Dallas,Duke,ddukenw@i2i.jp,Female
e85c3261-1e90-4264-a01b-499ef15e8dc0,Hyacinth,Donoher,hdonohernx@google.ru,Female
f4297a52-38dd-4e0b-ae72-8254c79c60ad,Peder,Kearns,pkearnsny@sitemeter.com,Male
5a72c46f-7e5a-4f7b-9a71-574474122dd8,Lamond,Fancourt,lfancourtnz@drupal.org,Male
7ab96140-c7fa-47e6-b1de-c4917444b393,Chaddie,Skedge,cskedgeo0@redcross.org,Male
b02c22a7-2975-4f05-a084-f19cb4996a3b,Ryan,Sollam,rsollamo1@unicef.org,Male
0507dde2-23e1-4ba1-9894-d91e69fb3905,Matias,Kupka,mkupkao2@amazon.de,Male
3b8a250b-d104-4998-854e-1d7abe0fd4b7,Maddalena,Rush,mrusho3@accuweather.com,Female
a1368301-7f39-425e-9f5f-da62984bce70,Nealy,Carette,ncaretteo4@networksolutions.com,Male
03fdffa6-791c-4af1-8ed6-f38cbc133f5c,Laurie,Bodell,lbodello5@who.int,Male
5f57a91c-0bd5-49a0-a766-2155b76b2c52,Antonietta,Perutto,aperuttoo6@upenn.edu,Female
03e6cf2d-3d41-48d6-8ebf-8fe66eec4b8e,Robenia,Cabral,rcabralo7@diigo.com,Female
4d81e79c-8e74-451e-82fc-030e41a9690b,Trace,Burgoin,tburgoino8@narod.ru,Male
0689b96f-40c2-48eb-8ded-b64bc3b36b11,Sharlene,Blest,sblesto9@vistaprint.com,Female
dd635f4d-92c2-4f69-bf6f-7eb3f2dc2379,Sylvia,Salomon,ssalomonoa@wix.com,Female
84a8b9bf-a259-450b-b0cd-29e4df42000f,Junette,Kubes,jkubesob@mail.ru,Female
8a21d298-2ebe-4dc9-8f79-fd905c9098d8,Aleda,Lamartine,alamartineoc@barnesandnoble.com,Female
07c6d4c1-b3a1-41aa-a7c6-4448bfba2876,Trixi,Ferns,tfernsod@harvard.edu,Female
7fae2b3e-adf3-4e50-8445-dbc80a17e09a,Helena,Costigan,hcostiganoe@odnoklassniki.ru,Genderfluid
899df3b1-7ce3-4715-ae59-26ffd4389e4c,Lissi,Hansemann,lhansemannof@baidu.com,Non-binary
f2d6a84d-95cd-4803-93d1-3eb196fad7fe,Costa,Torn,ctornog@multiply.com,Male
41ad461c-fa4d-41eb-bed5-5270ea2e5828,Muffin,Omrod,momrodoh@exblog.jp,Male
dccc5ddf-6acd-4aea-8b60-55e76b4d7186,Erica,Becom,ebecomoi@xing.com,Female
01375db3-aab0-43cf-b941-eb3c655e2dec,Matteo,McNay,mmcnayoj@gravatar.com,Male
69c1ac0a-8c22-4059-b57f-d1f478a7b41c,Lucretia,Trimme,ltrimmeok@about.me,Female
9b54022d-a29b-4617-ab42-05060a586e1b,Correy,Oxenbury,coxenburyol@blogspot.com,Female
fe482323-c9d2-4919-941d-29ca25701294,Bill,Bautiste,bbautisteom@boston.com,Genderqueer
0416cfd2-b090-42c9-ab3c-2aea09a9f3d6,Trina,Wort,tworton@netscape.com,Female
b8ad9562-af40-46a6-a4d8-bf7c6a8d818d,Tome,Courtes,tcourtesoo@hp.com,Male
c818bd97-6059-4314-a9b5-9ba8093c7ade,Vidovic,Reoch,vreochop@printfriendly.com,Male
18878cbc-4325-4b31-9e93-480e2a7a4453,Ring,Durkin,rdurkinoq@answers.com,Male
7df06025-c22f-41ae-a693-edd2cc79ce63,Marjie,Swannell,mswannellor@youku.com,Female
7b9a9a71-d10b-48ed-8be4-3c1bbc9acbd8,Noel,Veltmann,nveltmannos@ed.gov,Male
d5de45aa-265e-4e2d-a5f2-c199c617dc95,Terri,Oswick,toswickot@virginia.edu,Male
6cdaede8-e420-48ba-94a1-db6e9e2e5ba9,Ruperto,Davydenko,rdavydenkoou@yellowpages.com,Male
5dbb4d9b-9756-4797-af1f-4433a110f847,Filippa,Picford,fpicfordov@ucsd.edu,Female
2cc001d1-b772-43fd-9637-092d905b7188,Ailey,Umbert,aumbertow@usgs.gov,Female
b3b34a8c-0b68-42f2-ada3-b020d8fa4cd8,Barbey,Premble,bprembleox@creativecommons.org,Female
516793ee-0c33-4e67-a926-e06fb04a2846,Shell,Winslet,swinsletoy@tripadvisor.com,Polygender
4c3e1305-3c30-4a43-a0a9-24cf1b14782b,Conni,Kull,ckulloz@friendfeed.com,Female
223888e4-59b6-44aa-8e97-061c6273f2c8,Molly,Pateman,mpatemanp0@taobao.com,Female
46625357-091a-432c-9b8e-639746725565,Rana,Lambie,rlambiep1@tiny.cc,Female
f0845d03-ea41-451b-9fc9-013a1cefb97b,Marlyn,Waddam,mwaddamp2@gravatar.com,Female
d66e14f3-1011-4d98-845e-68d7418ac366,Shermy,Harper,sharperp3@furl.net,Male
71d753dd-8e00-474d-901d-044114fe021e,Wells,Lehrmann,wlehrmannp4@ucsd.edu,Male
a1f3b38a-7893-4732-b06e-c0132ea13ca3,Dennis,Cumbers,dcumbersp5@wordpress.org,Male
aae0a44b-04f2-49e3-aa55-92e43d6d2fd5,Joni,Cranidge,jcranidgep6@usgs.gov,Female
9e893aef-79ee-4011-8a68-478a0662df9f,Indira,Scraney,iscraneyp7@youtube.com,Female
8ffb40b5-4c4b-495c-a09f-f706ad36c2d5,Edvard,Ware,ewarep8@bandcamp.com,Male
ee2c27cd-22d5-4faa-8846-f230f3c41572,Carley,Boddie,cboddiep9@rakuten.co.jp,Female
a8737c0d-c35a-4ca2-89d5-a39e2a36495b,Roderich,De Dantesie,rdedantesiepa@live.com,Male
5c2e4ef9-35f0-4e84-92b8-f6f45e0b9564,Lizette,Clarkin,lclarkinpb@bloglovin.com,Female
8da7d0c3-19f8-4625-9b22-1e5e6c822eba,Stevana,Masterson,smastersonpc@artisteer.com,Female
d0e3324b-3a10-46b1-8167-d3ba3c5466f7,Huberto,Ucceli,huccelipd@chron.com,Male
15fd33ed-73d9-4cf9-adc1-74d43664a9aa,Karla,Girogetti,kgirogettipe@drupal.org,Female
50b4199d-8a03-445a-b2c3-b68462299a16,Ab,Adrian,aadrianpf@yellowbook.com,Male
12ff1863-6fe5-4409-9d06-595131d5c45b,Emlynne,Larvor,elarvorpg@sbwire.com,Female
be64c26c-7b78-418e-b4a6-3a7236c123ef,Alva,Kirkup,akirkupph@uiuc.edu,Non-binary
6490cc1d-166e-4fb8-8106-91e8c2757fd8,Ari,Perrelle,aperrellepi@si.edu,Male
5d6e9573-64ad-4510-811b-6190b6404850,Teriann,Whitmore,twhitmorepj@imageshack.us,Female
6f20781c-2c96-49a3-9054-445a0ec0e7c9,Wynn,Scotchbourouge,wscotchbourougepk@discuz.net,Male
7a90ae28-eb1d-4c34-8dae-90fb69667678,Editha,Duesberry,eduesberrypl@imgur.com,Female
4cf27459-485a-408a-9e56-6c732a94593e,Mirna,Jemmison,mjemmisonpm@ning.com,Female
81b86a7f-d610-4852-83a4-39c8bd96d973,Ashien,Cratere,acraterepn@pbs.org,Female
25cd1171-1563-45ab-b52e-eb84d1822f5c,Lucas,Labrum,llabrumpo@wikipedia.org,Male
d40b1e4e-a852-4ab2-963e-f58f15bf90cb,Alikee,Pawelczyk,apawelczykpp@yellowbook.com,Female
bff30f87-d4ee-4dc3-8a54-74ffd20e3778,Emmalee,Walne,ewalnepq@51.la,Female
cbcdcfa8-2497-4285-92a5-36f2da7d72fd,Raimondo,Gerry,rgerrypr@tripod.com,Agender
892b515b-a2a6-41d9-9875-5e860786e23c,Zaccaria,Aldous,zaldousps@noaa.gov,Male
25ec92b5-669d-452c-b399-e452aef84d62,Aldin,Deverson,adeversonpt@netscape.com,Male
9dfe30e2-e739-4e7f-8150-0b0c91d9c195,Reinaldos,Goublier,rgoublierpu@gov.uk,Male
271a5ddc-afbb-4932-9c5b-bdb359fc1959,Cly,Le Lievre,clelievrepv@sfgate.com,Male
5b583dcf-ccb8-483a-9cdd-843eeecdc718,Duffy,Longstaff,dlongstaffpw@cyberchimps.com,Male
80c36617-49c4-40af-a701-0b6975fe2c57,Cassey,Jime,cjimepx@paypal.com,Female
23cb617b-e0e7-4eab-9b73-2f3fe7165da4,Jacobo,Beininck,jbeininckpy@hostgator.com,Male
0cc68b14-f7b2-4ad0-be05-0d45a7f1f2b5,Cort,Jacobs,cjacobspz@dropbox.com,Male
037282c0-9007-431d-8242-2af9f00e193c,Kathie,Whitter,kwhitterq0@ebay.co.uk,Female
516ec31b-84d3-4db6-bf60-0263cc134268,Linnie,Clinch,lclinchq1@arstechnica.com,Female
d8ea5a2d-0ae9-480d-a8c1-422c53672a9e,Madlin,Strode,mstrodeq2@nifty.com,Female
8c9cecd4-7225-47e8-8bc0-897785f708ee,Riccardo,Giannazzi,rgiannazziq3@github.com,Male
ac96b784-16f0-4d9a-a59c-c5f43279a36b,Carmina,Kimbley,ckimbleyq4@fc2.com,Female
9a7136c4-d753-4be9-97f4-5578051bbe26,Jamima,Dimont,jdimontq5@liveinternet.ru,Female
18f19211-258f-418b-b9f5-5387352a3a7b,Melony,Petrosian,mpetrosianq6@google.pl,Genderfluid
d0bf6332-4360-4350-997a-2ac52daabba4,Fiann,Narrie,fnarrieq7@geocities.com,Female
6eda8b38-ad04-4342-a805-59437a6cba5b,Benson,Fosdyke,bfosdykeq8@multiply.com,Male
182c567d-0992-48fc-92a9-9b89d2c1acdf,Waldon,Fleetham,wfleethamq9@latimes.com,Male
4fead55e-ee52-45a5-9c6f-afc62f2e5312,Bronson,Kepling,bkeplingqa@cnet.com,Male
c04426e1-f414-4af2-a3ca-b169f4562aea,Weider,Banbridge,wbanbridgeqb@usa.gov,Male
83a1af1c-3dc6-4f9a-81d3-4864850d5467,Hardy,Schiementz,hschiementzqc@ameblo.jp,Male
8e794c0a-f735-4a3f-a24d-979639c76be0,Vita,Myatt,vmyattqd@intel.com,Female
2c32efdf-842e-429b-9e46-bc518c678fa7,Faunie,Battell,fbattellqe@cpanel.net,Female
0ac4781d-f138-4cf4-90fe-001ce55e1e2a,Noll,Pickerill,npickerillqf@google.it,Male
0cec808d-11b0-480b-9bf3-49574df33af7,Devlin,Bees,dbeesqg@newsvine.com,Male
18ad560a-089b-4821-97f6-a5ce52581ffd,Clarence,Castille,ccastilleqh@unicef.org,Male
e71f6516-9a45-4b5c-a5d2-cd93fcd3882f,Dietrich,Hymans,dhymansqi@mayoclinic.com,Male
47a17526-f360-4f71-a735-18215d14b6a5,Odele,Gulleford,ogullefordqj@instagram.com,Female
71d3af53-a2aa-497f-b583-3ced8af26200,Steffen,Gellan,sgellanqk@msu.edu,Male
0c89d25d-ea60-4a3b-ae05-d89bc9a75fc8,Corie,Marre,cmarreql@goo.gl,Bigender
82c8140f-4e98-442f-88b3-ef76e628b173,Elsworth,McGee,emcgeeqm@dmoz.org,Male
e5be6165-2ee4-48f1-aaee-a051f9d385d1,Barde,Djurevic,bdjurevicqn@businesswire.com,Male
73b8e656-f0c5-4273-b387-dd420818a342,Corrinne,Maliphant,cmaliphantqo@cloudflare.com,Female
75699a76-b078-4e04-bb71-666452affa57,Theda,Derington,tderingtonqp@toplist.cz,Female
e7e7d8f7-674d-471b-a812-31b07cd5a06e,Cazzie,Ranyelld,cranyelldqq@nih.gov,Male
43a2f4eb-17e5-4261-bd99-02af5c613260,Cosetta,Binden,cbindenqr@gov.uk,Female
205eb50a-9323-4cfc-9c8f-f452d9b84b32,Rory,Trathan,rtrathanqs@techcrunch.com,Female
d8b8c685-f3ef-4b02-809f-33d2cc23633c,Bernice,Climpson,bclimpsonqt@yahoo.co.jp,Female
1085d56c-eed0-44b7-ae49-d5188fb0ac46,Ines,Poacher,ipoacherqu@joomla.org,Female
e08defd1-b8e9-4d32-a61e-dcd428db857c,Melody,Moniker,mmonikerqv@blog.com,Female
62c117f3-ca83-4417-8b6a-8696c2256222,Chilton,Bhatia,cbhatiaqw@behance.net,Male
2d5a43be-59f5-4c53-b92c-0d734bc778f4,Robena,Mountstephen,rmountstephenqx@163.com,Female
fd49f1c2-73a1-447b-80e5-8952b58c42e7,Andrea,Kwiek,akwiekqy@fotki.com,Male
3e8cfdc6-8dfa-480c-9ad4-806ce3588193,Amii,Hemshall,ahemshallqz@ebay.co.uk,Female
a1051776-0dcf-4963-85c8-de2f3f384096,Averil,Whorlow,awhorlowr0@bloglovin.com,Female
9c00eacd-c2b1-4b6a-8a1c-3a65ff1be07f,Elonore,Snowding,esnowdingr1@simplemachines.org,Female
cec74a16-51c4-481e-8d70-52d0dcaf6806,Arri,Lancashire,alancashirer2@sourceforge.net,Male
6dd67503-2cbe-48cb-8954-5cafe199c09d,Gustaf,Bissett,gbissettr3@gizmodo.com,Genderqueer
bfbe7a32-72d8-45fc-ad97-8684fc822311,Wesley,Frizell,wfrizellr4@youtube.com,Non-binary
1806e724-44d1-40a7-adc3-f42dd89bbaef,Noak,Dommersen,ndommersenr5@princeton.edu,Male
85b71dc8-ade3-4642-90f9-35b6dd5392e8,Florence,Caudelier,fcaudelierr6@amazon.de,Genderqueer
e465342c-c3c0-4902-87db-2f41b9fac03f,Maurene,Antonov,mantonovr7@hhs.gov,Female
5ed9719e-99c5-4f13-919e-87a1e6e3fce0,Jocelyne,Bernardez,jbernardezr8@house.gov,Female
aff3413e-dba5-496a-8d5d-83386ba65acb,Sheena,Witcherley,switcherleyr9@mozilla.org,Female
ed1752f6-31a3-4178-9fb8-ccf5be229944,Robin,McGavin,rmcgavinra@archive.org,Female
57555a9d-2517-432d-82cb-4bf1ee19e6fb,Allie,Dugdale,adugdalerb@yandex.ru,Female
4a1d335d-a33d-460d-8d6a-ab554720609f,Aurilia,Rosenberger,arosenbergerrc@csmonitor.com,Female
43e329b4-d486-4dd1-a178-56dc61146c1f,Ewell,Ewings,eewingsrd@columbia.edu,Male
9db733da-3e4f-4222-a73b-2ce048b704be,Colman,Renachowski,crenachowskire@ebay.co.uk,Genderfluid
c605a395-cc66-4b46-b105-59ca1acfae0a,Chad,Hugill,chugillrf@odnoklassniki.ru,Male
2407c5be-9fdd-4eb0-b979-8e366e5fde34,Guthry,Schwandner,gschwandnerrg@sohu.com,Male
1def85bd-8d96-4a59-ab09-25da70b8a532,Hussein,Critchlow,hcritchlowrh@artisteer.com,Male
575fb122-1a3b-4a3b-8e02-37ea5660ebc7,Wenda,Illingsworth,willingsworthri@rakuten.co.jp,Female
e7251d28-7ae4-4b7a-ab42-ed8c9fb69e4e,Shayne,Braid,sbraidrj@skyrock.com,Male
4b1215ce-4976-4cdb-8c85-af036fea2ffa,Gloriana,Lidington,glidingtonrk@wordpress.org,Female
77308bc8-d3b1-450b-ae24-fb38bf329a8b,Christina,Revance,crevancerl@abc.net.au,Female
5d9bbee3-66b7-403c-8cb5-99863f771877,Franciska,Nacey,fnaceyrm@nytimes.com,Female
8ed75fe2-5f8e-40c9-bb16-9767935a1b19,Roxi,Trawin,rtrawinrn@cocolog-nifty.com,Female
8814df6c-d338-4671-83be-80da28f52e79,Arvin,Antunez,aantunezro@intel.com,Male
68a01cce-30c4-4c07-a908-217113648041,Pembroke,Labern,plabernrp@chronoengine.com,Male
81ac8685-cbfe-467a-8b00-5ecee1d5e404,Devi,Waskett,dwaskettrq@cyberchimps.com,Agender
405e4ce3-dd65-43db-8489-42df32e1fa2f,Onofredo,McTurlough,omcturloughrr@vinaora.com,Male
