id,first_name,last_name,email,gender
846f6401-1dae-42b1-a235-902bc08ed425,Halimeda,Roloff,hroloff0@bloomberg.com,Female
10cc0987-5526-49da-a64d-7a8cf747c494,Eldredge,Clemmow,eclemmow1@youku.com,Male
f710552e-7132-4761-99f6-4fdb75a7202a,Courtnay,Gulvin,cgulvin2@nymag.com,Male
4b2a4044-f919-45b5-9d94-9468aa9f83e2,Malcolm,Dows,mdows3@irs.gov,Male
a1c67736-fe70-40b3-9b3e-8e9d6bac06b8,Tate,Mucci,tmucci4@pcworld.com,Male
1b6a5ba5-a93e-48d6-a81b-c70cfcaa1d66,Yvonne,Billyard,ybillyard5@msu.edu,Bigender
cca576f1-84f0-43f0-9a44-a70f14e7751d,Skyler,Dahlen,sdahlen6@a8.net,Male
8c4c3365-1c5a-4343-82e4-6bf29dec39dd,Denver,Henworth,dhenworth7@sogou.com,Polygender
0c323a54-029c-4edc-b0e3-2c743e2b8e81,Lilli,Campling,lcampling8@dion.ne.jp,Female
c91b9dde-7b7e-402c-884d-5785480b058b,Ianthe,Boyde,iboyde9@ihg.com,Female
9b714e04-5988-4cce-920f-5b712101d162,Sheridan,Ockwell,sockwella@businessinsider.com,Genderqueer
48dc5bbf-b472-48b3-87d0-3288e8e64627,Kristofer,Normanvell,knormanvellb@narod.ru,Male
f0b43a8f-fdd1-41fd-9805-2bcc2dee4dc3,Thorsten,Toffoloni,ttoffolonic@flickr.com,Male
311d3814-913e-41dc-8953-d621592a3bc7,Valentine,Skipping,vskippingd@who.int,Female
02044596-3355-40e5-a166-98c3003db1b5,Engelbert,Roseaman,eroseamane@wix.com,Male
5306207b-8bc8-4877-aaa7-d60d04364038,Magdalene,Colles,mcollesf@privacy.gov.au,Female
ad603e2f-43d8-47a5-9717-ec597dd2919a,Natalee,Gavagan,ngavagang@globo.com,Agender
82a35962-a20b-4c92-bd9b-3dce61b94e21,Dagmar,Teresa,dteresah@ucla.edu,Agender
fb89233d-041e-4c0c-bf93-ecd510f4e0d2,Roley,Lundberg,rlundbergi@home.pl,Male
1c97e551-1389-4848-8100-a5199c585dfe,Alexina,Toulmin,atoulminj@typepad.com,Female
672ab6c8-2e75-4272-97ca-53604e2208b6,Berky,Frankis,bfrankisk@zimbio.com,Male
ab5c7a82-90d7-4fdb-b34b-1e5fb20a4704,Deny,Instock,dinstockl@github.io,Female
f34d27ff-662f-4ff1-a582-2424a57e1f15,Obadias,Ponnsett,oponnsettm@house.gov,Male
1e25ee5e-1112-45cf-a95c-fe49d1a81d85,Tessy,Lownds,tlowndsn@deviantart.com,Female
b9b7fe45-5b01-4979-82f0-a05c6f6144d3,Isa,O'Hannen,iohanneno@g.co,Female
daa49239-5aac-414a-b40b-ae6b02989868,Tommy,Milleton,tmilletonp@about.com,Male
0f64e635-d16d-4d70-ac6f-f30812a5a76a,Orlando,Rentoll,orentollq@thetimes.co.uk,Male
c9bdd9f6-46fc-4240-b44f-6b1d18c4c251,Lettie,Reece,lreecer@istockphoto.com,Female
9155a3ec-303d-4c5a-b1fd-327e062556a6,Scarlett,Colbrun,scolbruns@aol.com,Female
e5805a29-951e-47ee-a5ac-33c68236252d,Whitaker,Grinaway,wgrinawayt@tripadvisor.com,Male
91b7782b-fa24-4fd2-916e-a779078d1671,Heriberto,Annets,hannetsu@wordpress.org,Male
1fee22f1-166c-40c7-9402-d240da1484de,Cate,Munn,cmunnv@narod.ru,Female
336c1955-3d09-4fb2-a7c7-c1bdc76942d1,Cam,Rickis,crickisw@google.co.uk,Female
8ad45774-b737-4c66-a241-84d3fa647cc8,Gertrudis,McLeod,gmcleodx@reuters.com,Female
cd542545-0f0a-4783-abf4-6d4e56c1ca60,Philippe,Mottini,pmottiniy@baidu.com,Female
3d512ed8-e435-41fe-ac53-646edd46681a,Krishna,Meneux,kmeneuxz@nydailynews.com,Male
c74d56f2-315b-49ef-a581-478063d92ea8,Clement,Penrose,cpenrose10@yale.edu,Male
65235300-109c-45f4-9583-e2d7bfecf4ec,Garwood,Buckel,gbuckel11@addthis.com,Male
60066e99-c571-40c9-9a72-c641dca3e199,Jonell,Teas,jteas12@ebay.com,Female
d50500e8-39e7-4b5a-a925-8f205ffeabd6,Giacinta,Bodycote,gbodycote13@unblog.fr,Female
b06aa90c-2300-4695-9eca-b9dd8dbc6f38,Joel,MacTavish,jmactavish14@hubpages.com,Male
11e6e802-8909-426d-a645-f85bcf66319f,Emmi,Hoyles,ehoyles15@cbc.ca,Non-binary
1256f366-96f2-4f3a-89fa-018835a9fcbd,Gael,Raeside,graeside16@odnoklassniki.ru,Female
8203bba7-3c34-4e55-8bb8-9fcc71afe429,Tremayne,Spadaro,tspadaro17@pen.io,Male
272fa8d1-0b36-4df0-9493-4699eb67aa40,Hashim,Venediktov,hvenediktov18@nature.com,Male
9ba71bf8-1023-4cda-ad86-732241ecc017,Niels,Bedbury,nbedbury19@jiathis.com,Polygender
df320b96-966c-42b9-ba64-e2ac2f253397,Merrel,Rame,mrame1a@craigslist.org,Male
dc9bbd9e-e446-4917-bd87-1aece9abee70,Miriam,Denecamp,mdenecamp1b@archive.org,Female
6a1a501f-8742-4b0f-b83a-f131b1388fda,Merridie,Youles,myoules1c@surveymonkey.com,Female
5a231604-dc8e-4bca-a35d-2f2c1ca27c19,Jayne,Junkin,jjunkin1d@w3.org,Female
0d7f1832-0a62-4cec-8751-5a224214baa6,Kipper,O'Hengerty,kohengerty1e@phoca.cz,Male
cc10d8bb-2537-44e8-acc8-17d8b033af1f,Edgard,Titchard,etitchard1f@google.com.hk,Male
f15aeca6-9708-47f9-b299-9bd0e8e3083c,Avril,Pavlata,apavlata1g@posterous.com,Female
1721211f-88b4-4ac8-8a7d-6def38dfe00f,Alis,Gumn,agumn1h@so-net.ne.jp,Female
c0bb58e0-892e-4af0-84fd-62a68c1f0a36,Shay,Di Baudi,sdibaudi1i@ox.ac.uk,Male
7a8b13f0-4521-4440-a7c6-846efb32d98d,Aloysia,Lisle,alisle1j@chronoengine.com,Agender
470ea153-89b2-44ef-9fef-f0d654c0ea7e,Jose,Grigoire,jgrigoire1k@behance.net,Male
cfaf02c5-ed86-4839-a80f-981fe78855ae,Selma,Le Provest,sleprovest1l@bravesites.com,Female
197c0baf-3722-4051-957b-fc2f0868567a,Dewie,Di Bernardo,ddibernardo1m@scientificamerican.com,Male
55ece894-fc2d-447e-8b47-8559aeda2c4b,Balduin,Townsend,btownsend1n@mozilla.org,Male
c6436c51-3a17-46e2-aa22-59eff2a711ee,Ado,Czaja,aczaja1o@eepurl.com,Male
69b96a60-ca4c-46ca-b8c6-dc19746cb28e,Ernie,Jowle,ejowle1p@dropbox.com,Male
edc789a8-361f-42e7-ba37-275b567438b6,Gaynor,Delgardillo,gdelgardillo1q@google.nl,Female
249b4302-feab-4282-9a3c-2dcedcb6ccd1,Brose,Boneham,bboneham1r@ameblo.jp,Male
89252980-8e03-42fe-833a-574568427fdd,Maitilde,Grose,mgrose1s@skype.com,Female
2ce7f1c7-14b2-4160-bee4-93491a23bc19,Jerrie,Truran,jtruran1t@delicious.com,Female
eb294acf-3abb-4667-bc75-ba72ebbda7bb,Iggy,Balch,ibalch1u@nytimes.com,Male
9c70e933-7c6c-4a31-913a-b81fc06701fe,Timoteo,Kasparski,tkasparski1v@meetup.com,Male
ad765085-9451-45ce-9ee1-f2271498b417,Vick,Roswarne,vroswarne1w@wsj.com,Male
2820ed80-721a-4a5a-8378-11790a4aafb3,Ralph,Glander,rglander1x@theatlantic.com,Male
33f7b47a-7d30-4025-9e95-ffbe08d519d2,Rupert,Cressey,rcressey1y@xing.com,Genderqueer
5dc604ac-289a-4917-aa50-d4e25c628544,Wolfy,Kulis,wkulis1z@paginegialle.it,Male
4742f24d-c996-4fee-b5fa-e6e661f2b983,Sibby,Bruty,sbruty20@deviantart.com,Female
e3f1603c-afe9-47e7-8a2e-c308e6b8e878,Ulick,Braid,ubraid21@usgs.gov,Male
86604aa0-f32e-42fa-bd29-085a6de7d998,August,Anslow,aanslow22@dmoz.org,Male
401c63e0-4059-4634-96b5-e412c32f5b56,Dahlia,Boij,dboij23@uol.com.br,Female
d0da3405-84bd-4efb-a78a-08cfbd413c45,Adrian,McGarahan,amcgarahan24@is.gd,Female
22df95d2-2c2e-4e70-97b2-b0c84103037e,Mozelle,Godfray,mgodfray25@weebly.com,Female
5beb3fee-950f-4175-abca-cbc1c9d50ec5,Michaelina,Davidovsky,mdavidovsky26@istockphoto.com,Female
5b9415d1-5b38-4428-9a85-68e6caac90fc,Jarrad,Ohlsen,johlsen27@webs.com,Male
881ec44f-7906-49fa-8594-f82dc32c7bad,Livia,MacGray,lmacgray28@apple.com,Female
9fd13d8c-e834-4a8f-bdda-637e4d1ec411,Logan,Marzelo,lmarzelo29@nifty.com,Male
8e5be7f3-216e-4e2a-a542-7a8b2c61e64f,Vasilis,Geekin,vgeekin2a@constantcontact.com,Genderqueer
8e4a9cbd-4fc6-4e76-9de8-05ead553028c,Salomon,Velareal,svelareal2b@sina.com.cn,Male
30b0610e-0474-428a-a942-54c76d0630a8,Wolf,MacGall,wmacgall2c@cocolog-nifty.com,Male
df13e749-b4cb-497d-a194-19147054f468,Effie,Mettricke,emettricke2d@wordpress.com,Female
c1a01d84-93d7-4443-9255-72d82419e3a9,Bronnie,Nutten,bnutten2e@addtoany.com,Male
d36e0291-8375-427d-b68d-555234153536,Elisha,Harrison,eharrison2f@sciencedaily.com,Female
c88f4eef-da23-4588-946e-55ec66bce93e,Trina,Bosche,tbosche2g@example.com,Female
92d206b9-b4b6-467d-a5c3-edd6b9c0e003,Reinold,Payley,rpayley2h@i2i.jp,Male
10647fd3-ce36-4ade-8da0-66d751f55b32,Jeddy,Saterthwait,jsaterthwait2i@privacy.gov.au,Male
af599196-af90-47fe-a897-a2dd89ca8849,Warde,Levy,wlevy2j@unc.edu,Male
0da07858-4bd5-49cb-9670-532469073770,Zarla,Satch,zsatch2k@liveinternet.ru,Female
cd96db2f-8916-44f8-a0d7-c614166ced34,Marleah,Walcar,mwalcar2l@cafepress.com,Female
3bb185d8-e47b-4d7a-b3df-c12c2d58a8b5,Maryellen,Fewster,mfewster2m@zimbio.com,Female
78531fee-4bc5-4c62-b474-ca02dbf21f57,Orly,McMenamy,omcmenamy2n@ucsd.edu,Female
fbf6f5a1-52c4-49c4-817f-ac60251fa463,Nadean,Dursley,ndursley2o@xrea.com,Female
b525fb1b-6ad9-4829-a1b2-5c451f14fd85,Forbes,Ceschini,fceschini2p@webnode.com,Male
bcfdbd67-e03c-4101-a62b-fec99e0775a5,Thornie,Le Friec,tlefriec2q@posterous.com,Male
cee2bb67-e2e3-48c4-bddc-83efd54dc814,Evvy,Janatka,ejanatka2r@etsy.com,Female
6c827b60-0d61-434c-a9b3-f0538bb79079,Conni,Heningham,cheningham2s@php.net,Female
ea8011d1-465c-4071-a2f9-fbb19ea76aab,Harrie,Stopforth,hstopforth2t@webmd.com,Female
671eab66-80e8-4e8c-835b-3a196bd42453,Jens,Teesdale,jteesdale2u@gmpg.org,Male
46c56ffa-0203-40d9-8bad-a6d7c7ae5205,Aggie,Kilbourn,akilbourn2v@exblog.jp,Bigender
98f110e7-52db-4d13-990e-6f71bfc225b4,Cart,Beric,cberic2w@instagram.com,Male
d44f2e13-f61f-4320-b6de-798c41968f42,Brocky,Vouls,bvouls2x@meetup.com,Male
b0b45ccf-dd9d-4e89-8231-5a9636332098,Duke,Clawsley,dclawsley2y@csmonitor.com,Male
e7233326-48b4-47bf-badc-d31b9661fe6c,Sonni,Webb,swebb2z@cornell.edu,Female
f71511e2-4157-4060-9e5c-3ffe605e5a14,Quinn,Ruston,qruston30@sciencedaily.com,Male
795eb63f-0d27-4459-b701-3c6d18dea7ab,Logan,Crosi,lcrosi31@prweb.com,Male
1049cacc-f0bd-4bee-b657-709071fc892b,Flint,Peron,fperon32@feedburner.com,Genderqueer
3273d611-302b-4f57-8edb-82b8e40bf500,Herold,Fitchen,hfitchen33@google.com.hk,Male
f9b40529-4556-4572-8c89-6933db2cebe8,Ollie,Dongate,odongate34@facebook.com,Polygender
a9ae5e34-d23a-4135-abcc-e8d0c77a2498,Kylie,Dobbing,kdobbing35@hexun.com,Male
4bfc96d9-9745-49cc-b47c-019bfc0d2e36,Emmet,Eckersley,eeckersley36@who.int,Male
65dee7e4-1560-4a30-88ac-18045f5ecfde,Javier,Sandland,jsandland37@nationalgeographic.com,Male
eba327e5-81eb-475a-b526-c6ee41cc7e33,Lemmie,Wife,lwife38@washingtonpost.com,Male
c11d8f23-e191-458f-ae8c-05e3ba4bc49b,Torr,Pilbeam,tpilbeam39@amazon.co.uk,Male
b67a2311-e246-40dd-81a3-0d5310a53719,Noel,De Vaar,ndevaar3a@cpanel.net,Male
18a1c0eb-ba33-440b-9283-75cf8e01bcd7,Salem,Kid,skid3b@cam.ac.uk,Male
fea6d086-6a9a-4bb0-afab-087e7d8e5cf4,Stafani,Chaffe,schaffe3c@infoseek.co.jp,Female
073f5f3a-559f-4512-b94e-b7fe2f5de754,Zed,Glander,zglander3d@ftc.gov,Male
f6ba012b-c1cd-4cd6-9032-7e7b608d7da6,Cairistiona,Agass,cagass3e@people.com.cn,Female
799277f3-d4e5-46e1-a409-342236998f3e,Elonore,Santino,esantino3f@smh.com.au,Female
e99402c2-6f65-462d-8ea0-af057dcd4652,Creighton,Stambridge,cstambridge3g@ezinearticles.com,Polygender
166cb59c-fefd-46fa-9f77-2a2e3436c30d,Elia,Shingler,eshingler3h@adobe.com,Male
527655c3-5570-4c6e-926c-a4a24dcd72b8,Dinny,Pettyfar,dpettyfar3i@cdc.gov,Female
e402597e-ebb9-421d-b8ad-3066f83e4ec8,Jenni,Bouttell,jbouttell3j@feedburner.com,Female
0c1c9c9b-1ba9-4fc4-be1f-c5fcb265ed05,Vaclav,Boobyer,vboobyer3k@nymag.com,Male
c7daf5e8-46da-4ee2-96b9-de18dc295abb,Andriana,Turri,aturri3l@nyu.edu,Female
d0ec749f-e0ef-400f-a255-e644443701d1,Olivia,McQuade,omcquade3m@devhub.com,Non-binary
a7a9d528-64d2-4552-9a1a-d6f8d41762ef,Melvyn,Glisane,mglisane3n@elpais.com,Male
2d0840d7-1214-4dbc-9354-dce8ce450815,Osbert,Poulden,opoulden3o@howstuffworks.com,Male
34609458-59b1-45f0-84ad-9ba02d0e7b94,Blythe,Crawley,bcrawley3p@exblog.jp,Female
badee6c5-43dd-45b0-9da0-153a9601473a,Shirlene,Drakes,sdrakes3q@constantcontact.com,Female
2e61f231-8f11-4626-8489-d7a673dace71,Georgi,Sneezum,gsneezum3r@un.org,Male
9f9a8c8f-2a8a-4d89-9cc7-d5dba201a1ef,Ches,Petchey,cpetchey3s@theglobeandmail.com,Male
d434f163-ffb7-41c7-9783-9273bc5a6492,Paulie,O'Leagham,poleagham3t@blog.com,Female
825c9f00-ed0d-4dbf-951d-3e008b0860d5,Arabel,Stevani,astevani3u@nbcnews.com,Female
ca34394b-3281-4b0b-842e-87a7fa68ce17,Aggi,Dumbleton,adumbleton3v@usatoday.com,Female
a125013e-046a-449f-95d5-1327962851c2,Halsey,Gargett,hgargett3w@buzzfeed.com,Male
76037a55-0bca-4f6f-bfaa-ac7f5ca96f10,Hadlee,Jannaway,hjannaway3x@dropbox.com,Male
f5b2aed5-ca6a-41d9-a360-a80ee2eea0eb,Margret,Helleckas,mhelleckas3y@gnu.org,Agender
22d8caf3-4cf9-4aaf-8954-5e6e33c618e0,Miquela,Burkill,mburkill3z@dailymail.co.uk,Female
d45c634a-ac81-415d-bcf9-f1ad957e8af1,Gaye,Happel,ghappel40@youku.com,Female
3f848af7-bf06-4758-81dd-4fe6d5b8afea,Collen,Gilli,cgilli41@fema.gov,Female
7811ac44-b0ea-4a0b-98e4-db8ef8f3959a,Jameson,Sleet,jsleet42@illinois.edu,Male
7cb11c41-968b-4b7c-9cff-5d06efd99bb8,Pedro,Dwerryhouse,pdwerryhouse43@bloglines.com,Male
baf93971-2857-43bd-8cbd-7f24b9e00b11,Rudd,Toy,rtoy44@addthis.com,Male
6949e756-6dcd-4042-a894-8a42e6a61789,Nicola,Van Giffen,nvangiffen45@addthis.com,Female
21a3e4da-861c-417b-b6a4-17891133bd74,Roz,Cello,rcello46@youku.com,Female
e613e7fc-70cc-4e4c-a87d-523a1983e29c,Alfred,Beslier,abeslier47@google.ca,Male
442f7e0f-3f23-44c0-a5bd-5f199f43dcf5,Martha,Headan,mheadan48@cloudflare.com,Female
8e8074f5-222a-4b9f-9b81-cc7ad1368491,Fredi,Lernihan,flernihan49@house.gov,Female
9804866b-4d98-4d18-95e7-d09f81b21622,Leela,Yitzhak,lyitzhak4a@paypal.com,Female
4f177ce9-8948-44fc-bc13-1c103de46e48,Homer,Couzens,hcouzens4b@google.ca,Male
f0c2227d-35ca-4c3a-b280-204b746a8258,Beniamino,Dennerly,bdennerly4c@cyberchimps.com,Male
d9539004-801b-4969-ba9e-188a11f4d3c6,Lothario,Wyllcocks,lwyllcocks4d@unc.edu,Male
87c33338-306f-4cc2-8a04-918d0ffc89ba,Kaye,Guitton,kguitton4e@guardian.co.uk,Female
1bafe2dd-6313-4fd4-ac5f-7e6d9009273d,Pierre,Binch,pbinch4f@amazon.co.uk,Male
867e389c-04ca-4ccd-b43b-051faf7fd8e0,Melina,Lille,mlille4g@house.gov,Female
f578fb1f-8879-4bcf-98ff-9e58e881c339,Royall,Cluff,rcluff4h@xrea.com,Male
6d146cc0-d12b-490d-b342-68c8c9d4ff1e,Rayshell,Houlson,rhoulson4i@g.co,Female
61ae938f-829b-4e66-bb24-ba3bac96c73c,Clarence,Deverall,cdeverall4j@upenn.edu,Male
db1139b8-81bd-45a0-b8e5-e101e3eb0886,Niven,Jenks,njenks4k@zimbio.com,Male
f7390d24-1265-4f11-81b5-e682cfd631a3,Lusa,Lardier,llardier4l@devhub.com,Female
f1016f8b-04e3-4e8c-bdfd-d3a41c6e1929,Rodrick,Ismead,rismead4m@accuweather.com,Male
84fc12da-59ff-4b2a-82c7-0fbbfca7881d,Ky,Laurisch,klaurisch4n@who.int,Male
face35dc-1fd9-488d-9d65-e2b2c5719336,Dew,Satyford,dsatyford4o@wix.com,Genderfluid
73921e09-c9bd-49f9-9d21-d8ad83340491,Edlin,Mollison,emollison4p@youtu.be,Male
0e5bdd33-cba1-471c-a9b0-179a111a6415,Clayborn,Fortune,cfortune4q@vimeo.com,Male
e248e097-bd60-45d9-b531-1b90a2ab794f,Broderic,McJerrow,bmcjerrow4r@mail.ru,Male
40301e4f-613e-468b-bc31-003edc0f2620,Igor,Behneke,ibehneke4s@phpbb.com,Male
a961fbdc-af4f-485c-9bb7-622b859ecf80,Jean,Ferri,jferri4t@shutterfly.com,Female
1f90d05d-fa3a-4f72-90f5-99714e55d25c,Rachel,Rackam,rrackam4u@unblog.fr,Female
c6349908-6206-4fc5-bee4-1f2025f37ea9,Alis,Goldhawk,agoldhawk4v@army.mil,Female
c3f92688-ed26-4581-ad49-f5675e210c3a,Erskine,Cherrie,echerrie4w@arizona.edu,Male
8e4353d0-820e-4e1d-b59a-bef0d7dc4540,Quint,Corden,qcorden4x@businessweek.com,Male
75e6364a-ca08-4b14-9e85-28ec77f3da51,Modesty,Lornsen,mlornsen4y@sun.com,Female
012a873b-d401-4086-8328-2180d98c8879,Glenn,Saleway,gsaleway4z@phpbb.com,Agender
c2340f31-9d01-4969-a1cc-608f0a8f6ca3,Garnet,Lawman,glawman50@zdnet.com,Female
ce110d47-9cab-4847-833f-8d34554c1eac,Cara,Kilian,ckilian51@blog.com,Female
ae88e173-0d15-475e-8a86-3bc530a84ba6,Gisela,Shills,gshills52@dailymail.co.uk,Female
a0eb0a5f-a91c-4422-ba46-a3a1e01c04f7,Lydia,Crim,lcrim53@edublogs.org,Female
e8e37421-a767-45d9-82bb-881a1de58e08,Jodie,Kamienski,jkamienski54@redcross.org,Bigender
162358e7-317e-4013-a7c6-b0efa90194a2,Arlyne,Wetherburn,awetherburn55@123-reg.co.uk,Female
096a59bc-dedd-4f15-8ce2-57f5318b8fd5,Broddie,Bould,bbould56@dmoz.org,Male
7d603bc3-6483-4eeb-9528-0233dd3e7fe1,Boy,Sphinxe,bsphinxe57@feedburner.com,Male
6b972af7-dd2c-42d1-9259-036a724bd26d,Noam,Bawdon,nbawdon58@comsenz.com,Male
1122e41f-0ad8-496d-adb4-a7fc8c76caa2,Wernher,Lainton,wlainton59@twitpic.com,Male
8bb3e3d0-5901-4778-9f5f-4d23b92d98dc,Evan,Kuzma,ekuzma5a@ustream.tv,Bigender
aaf9e49e-1e2c-4ca0-be0d-bd229d42086c,Garvin,Henmarsh,ghenmarsh5b@myspace.com,Male
3ef60037-c350-4fcd-a179-f05d465f2455,Doralin,Mongan,dmongan5c@wsj.com,Female
2abcbd11-e86e-4d11-9c03-3ab40ed1461f,Mikkel,Hallt,mhallt5d@purevolume.com,Male
ca2a0002-df4d-4189-a09e-34dc37c36f2d,Linus,Pawson,lpawson5e@mozilla.com,Male
6279c3f7-103c-466e-bf5d-d750aca444ec,Tasha,Moorton,tmoorton5f@devhub.com,Female
97bcffc5-3a13-4cfc-a6e4-3c643896432e,Giustina,Stanlock,gstanlock5g@seesaa.net,Female
06c8d3ff-0251-4c1f-a7d9-8e5c59d4bd09,Darda,Chedgey,dchedgey5h@domainmarket.com,Female
a03351e7-fe60-4bcb-b010-ae4e9b1ccf40,Martainn,Crome,mcrome5i@microsoft.com,Male
a464a6fa-50aa-4d27-887b-44fa8a77abf3,Brewster,Francillo,bfrancillo5j@prweb.com,Non-binary
9e4c0ff5-095c-4d17-837c-5765bdbf5dc8,Rudolph,Crock,rcrock5k@indiatimes.com,Male
83ff7ef8-b35a-4f69-a603-9ae715c2299e,Janifer,Penny,jpenny5l@plala.or.jp,Female
6d801066-0a81-4e5a-aa55-92daad1f78ad,Betta,Bosman,bbosman5m@etsy.com,Female
492cb7a5-ebf8-4855-b152-8963b20778dd,Anastassia,Sibborn,asibborn5n@ed.gov,Female
96a1d663-57b6-438c-981c-3a295ec70830,Lauri,Winkless,lwinkless5o@yelp.com,Female
c58423be-e725-45a1-91ae-92d026d8bc2b,Yul,Hamilton,yhamilton5p@squidoo.com,Male
d6412e79-6a32-4ee2-a59c-3a3a88e28423,Sammie,MacTeague,smacteague5q@state.gov,Male
6cabe6b5-b39f-440a-a4be-37f163a0cdbd,Cesar,Silk,csilk5r@wordpress.org,Male
c896dc62-2b28-4d92-a7b8-80abab002815,Guillema,Shorrock,gshorrock5s@behance.net,Female
64610284-9d96-448e-bfe9-62cce87138cf,Svend,Mackinder,smackinder5t@github.com,Male
d03b952a-7c14-43f2-ab7e-e878ad3436cc,Carmelina,Reiach,creiach5u@soup.io,Female
23f42d67-9711-4a04-86a7-cc6ab907ef4c,Gabbi,Lutas,glutas5v@wikipedia.org,Female
785d881e-c894-4180-856c-79d28a98750b,Sarge,Swaite,sswaite5w@ezinearticles.com,Male
1a4ca78f-9003-4f4c-996d-39af19927014,Clayton,Penzer,cpenzer5x@51.la,Male
94afd79a-bd2e-4b14-8308-6b032d430701,Gill,Basezzi,gbasezzi5y@about.com,Male
7aebc3f0-20a3-4bf3-8c3a-427368dca42f,Hadleigh,Maughan,hmaughan5z@pagesperso-orange.fr,Male
8dc9d0c4-0f34-4933-a512-6843d291c441,Judd,Smithen,jsmithen60@netlog.com,Male
6d82c440-6dc5-4c90-8788-83520e6d07ee,Tiffy,Jeune,tjeune61@sohu.com,Female
a39b68d8-0647-410c-890a-43a988245c54,Silas,Borsay,sborsay62@prweb.com,Male
21b9a5f7-da08-46fa-9b41-5cc38735e967,Alick,Gwillym,agwillym63@cyberchimps.com,Male
ccd827bc-3150-4e41-baeb-c4eb20d24a4e,Joleen,Beviss,jbeviss64@unicef.org,Female
0a57eb5d-a102-4269-b16f-feebd054fa73,Cathrin,Leahair,cleahair65@ft.com,Female
9ffddb8b-d60d-457c-be60-1e87b81fcd0a,Meggi,Waywell,mwaywell66@vinaora.com,Female
1f67a1c4-03c2-49ff-80c9-536a856b2f43,Siward,Luxon,sluxon67@ocn.ne.jp,Male
3450abda-115d-4221-bb43-3d9d9a933997,Linzy,Able,lable68@shop-pro.jp,Female
9671fc80-0fa3-48ed-8b0c-0762bcba6482,Mac,Vasler,mvasler69@g.co,Male
afbb8716-538b-4e49-9806-5785593b9725,Jeri,Shepard,jshepard6a@uiuc.edu,Female
a91707a5-6524-47d4-bfc3-b6700d06c74a,Rollie,Okenden,rokenden6b@nytimes.com,Male
2e2c5955-65ac-461f-b6b2-d3bf53e516ed,Rosalinda,Lovett,rlovett6c@tamu.edu,Female
ddcaedb7-f8bf-4d72-ae63-9b9fa3afcb7f,Whit,Newcom,wnewcom6d@creativecommons.org,Male
a1ce623d-de7a-4217-8f87-a3ba55593f78,Bliss,Le Marquand,blemarquand6e@mashable.com,Female
fc3c1b04-0da9-47cf-bf42-18d6c4fc57e5,Grant,Ovey,govey6f@umn.edu,Male
fb06f933-fd3f-4dc5-b25c-38e2650661c2,Archy,Adamou,aadamou6g@yahoo.co.jp,Male
2835daaa-c7b4-4fe9-aee9-dd1239f2cb9e,Natalya,Rodrigo,nrodrigo6h@oracle.com,Female
f5b15c7e-6507-4caa-a18b-3c9dff41f9c4,Prue,Martinat,pmartinat6i@ezinearticles.com,Female
e01f76e8-0b0d-4f0c-87d1-b50dab8d526d,Asia,Kehir,akehir6j@dmoz.org,Polygender
448225a6-bb6f-4fc1-87ec-2bacbb1efd99,Dacia,Daunay,ddaunay6k@umich.edu,Female
deea73e5-9513-4621-94de-bc5dff8bd540,Ringo,Russilll,rrussilll6l@go.com,Male
98bf7259-8a05-4710-b5b1-37b1edbb2fc9,Hilary,Harome,hharome6m@unblog.fr,Male
8f14124e-f641-4812-a04c-61738cfa3d08,Gery,Scane,gscane6n@arizona.edu,Male
624efad7-776a-4949-bfc7-fdbd8e639557,Faunie,MacMearty,fmacmearty6o@springer.com,Female
71947031-d943-49fe-a5dd-21b8f588ea7c,Rosetta,Nisbet,rnisbet6p@sogou.com,Female
5c2752c4-f8f3-4cc3-a9aa-239bddc9a0ee,Jacquelin,Glading,jglading6q@state.tx.us,Female
81e5885e-acb1-4222-960a-891ca8d8c419,Wilton,Speers,wspeers6r@microsoft.com,Male
b9108a76-2d3d-4b15-8bfd-41f424947b53,Gunther,Maddinon,gmaddinon6s@walmart.com,Male
0f4d7108-c577-4c78-971d-73d642e87fd9,Tripp,Andriesse,tandriesse6t@sakura.ne.jp,Male
215c524b-92eb-4c7b-bdca-6ac7ba412834,Rudiger,McGreil,rmcgreil6u@bravesites.com,Male
bc3ca66d-dfc3-46ec-8f88-42988516182f,Trina,Tipple,ttipple6v@meetup.com,Female
2974a1ef-a494-48e3-b8f2-30ee8fd5a5e1,Mateo,Livzey,mlivzey6w@mit.edu,Male
17583650-7ca0-4692-bffa-c3b7667a0db5,Erika,Likly,elikly6x@unblog.fr,Female
7daa3744-0d4a-4510-895d-f1d66fb393a4,Jennine,Turpin,jturpin6y@altervista.org,Female
f6213661-8ef4-4753-a6df-dec01594e04a,Claresta,Mordanti,cmordanti6z@delicious.com,Female
7d2d1ec9-fbad-427e-806a-1f40f18e60f9,Whitman,Youll,wyoull70@amazon.co.uk,Male
50da2b8a-0797-4be5-aa10-bd34bbc09196,Karole,Gowry,kgowry71@symantec.com,Female
32bb3de4-0c8d-40de-88c8-5697f3fcafcb,Catha,Meese,cmeese72@yandex.ru,Female
6f207ca2-a637-4182-bce6-80a023ff9f96,Lydon,Coalburn,lcoalburn73@barnesandnoble.com,Male
20ef4ca7-90b6-42fd-94f4-286bd35b3efd,Tova,Andor,tandor74@loc.gov,Female
436d9210-8672-4f6a-bcb7-5fdaeb407305,Cody,Courteney,ccourteney75@w3.org,Female
e8d4f3bb-7a39-4112-b9a7-4953dfe57466,Perceval,Kynoch,pkynoch76@usnews.com,Male
ba998bc8-1c97-4bd5-9fc3-1a7356971536,Gussi,Limbert,glimbert77@theguardian.com,Bigender
2cba7e34-cd66-49a5-9092-a9c472dc85d2,Floris,Wadley,fwadley78@cpanel.net,Female
61efac80-9f2c-47c7-a8f3-2328e0cc06fb,Samaria,Carlisle,scarlisle79@bigcartel.com,Female
40471d88-da58-4d94-9a34-c21300472b7b,Tatiania,Nials,tnials7a@shutterfly.com,Female
e1cb7253-9955-412c-ba48-a8e478e883bf,Flemming,Moine,fmoine7b@wikispaces.com,Male
ad930ff2-a07d-4891-926e-aa0d7802e598,Selma,Edmonstone,sedmonstone7c@i2i.jp,Female
b97cb925-0249-43a8-a684-c05db853daca,Janela,Leftwich,jleftwich7d@cmu.edu,Female
902ffd13-3d78-475c-9074-a80098124c04,Fabio,Peyro,fpeyro7e@microsoft.com,Male
a8fa2838-aeae-40bd-9b4c-d3a0b43e3735,Mal,Shipton,mshipton7f@independent.co.uk,Male
190408c9-2fbd-4f08-bf97-e1ba3135b8c8,Bram,Woodroffe,bwoodroffe7g@geocities.jp,Male
8097c7eb-74b9-4ecc-b925-1ca6706ddcbf,Ammamaria,Pencott,apencott7h@java.com,Female
dab1975c-84d5-4aab-bb6f-5b8ce663cc2e,Dorisa,Deval,ddeval7i@clickbank.net,Female
dadddd26-adce-4809-b181-3ae11b19892f,Meade,Jane,mjane7j@dropbox.com,Female
dedbfd50-ff62-4029-9fb7-2153b73e4eae,Donnie,Visick,dvisick7k@webnode.com,Male
a134d685-42db-46f8-99b4-6d724267b3cc,Hamish,Sleney,hsleney7l@msu.edu,Male
6616c9a4-b6dc-44f0-a217-325f1b0c53e5,Fairlie,Goadbie,fgoadbie7m@clickbank.net,Male
4076c427-53d1-4313-97dd-acb542000587,Pris,Goldby,pgoldby7n@examiner.com,Female
d00368a6-3316-4600-8b37-03846d6e82e4,Antonio,Gley,agley7o@nps.gov,Male
e3a79dfb-22ac-4b54-ad00-0fe87048094e,Terry,Yetton,tyetton7p@delicious.com,Male
c443bb60-9930-4d70-8d3b-5f2267a510fc,Simmonds,Sprakes,ssprakes7q@tumblr.com,Male
443fa47e-7365-40e9-9ecd-d10cb4d08125,Madelon,Cawood,mcawood7r@theguardian.com,Female
2979d7ae-65f0-4459-a430-e34e4602d21e,Staford,McSherry,smcsherry7s@scribd.com,Male
54f0a9f4-0244-45e8-969b-a911e933a365,Corina,Petr,cpetr7t@sfgate.com,Female
0e6b3b36-3f2a-4902-81e3-368dc6c77177,Lothaire,Mawhinney,lmawhinney7u@earthlink.net,Male
63836852-93ca-48fd-8dfd-b6dcb3278c2f,Freemon,Wardington,fwardington7v@a8.net,Male
0188def1-c59d-4038-9560-20b48d9cbc41,Addie,Fysh,afysh7w@feedburner.com,Female
c14176ab-7f4e-43ce-9824-c694c83a0fc3,Zulema,Postgate,zpostgate7x@ow.ly,Female
cd56f196-2c5d-40ae-923a-4d489159d54f,Hilton,Lightbody,hlightbody7y@ebay.co.uk,Male
e74c5f6a-2978-4892-b830-03ee4394ee3b,Torrie,Dumsday,tdumsday7z@booking.com,Female
e567c283-38fd-49d9-997c-c295431e7d45,Yorker,Grogor,ygrogor80@chron.com,Male
382cd94d-033c-4cfc-89e4-542a2e63ac15,Tamera,Theuff,ttheuff81@so-net.ne.jp,Female
bd7dea88-4153-42c9-8736-958ad6b01a58,Walsh,Elwood,welwood82@liveinternet.ru,Male
111de6b0-9c4d-4f25-aa73-f6180fa9696a,Dur,Khristyukhin,dkhristyukhin83@blog.com,Male
d4f86938-0df8-4d17-ad8d-c6ade74498b8,Malanie,Ren,mren84@t-online.de,Female
2658a28d-9335-4701-af57-69171d8dd1c3,Susann,Morrissey,smorrissey85@google.cn,Female
5bddeb35-5845-41ef-9e3b-4bbc66155573,Courtney,Camosso,ccamosso86@who.int,Male
d07eb0a4-c130-48ac-84bc-f93d4696360e,Vicky,Robillart,vrobillart87@google.ca,Genderfluid
a6e983a6-d3e7-488d-9f06-c51dcaca0645,Micaela,Anlay,manlay88@icq.com,Female
dc2ece80-2704-45bb-be6a-d38d75ba22ec,Mata,Rumsey,mrumsey89@techcrunch.com,Male
4c700fd9-eee5-4539-bd0d-0776751066e6,Ranna,Vanlint,rvanlint8a@nih.gov,Female
b167bcab-25d5-49a4-951d-db6509e5febc,Dalt,Ibbett,dibbett8b@tiny.cc,Male
a5b2bdf3-8428-4bdc-b7d9-c43d5c03f453,Jammal,Poznan,jpoznan8c@indiatimes.com,Male
e1cec73d-b8ba-447f-bea9-d9d4fda25fb9,Ferguson,Somes,fsomes8d@etsy.com,Male
bbe7d516-0113-475b-9c0e-e72ba63a0398,Camey,Jan,cjan8e@google.it,Male
8630f74b-0f8c-44d6-a90b-2889ef0a4c99,Antoinette,Shacklady,ashacklady8f@berkeley.edu,Female
6316a8ae-3e73-4c4a-8a82-f7bde3001fa8,Dietrich,Feldmesser,dfeldmesser8g@hao123.com,Male
31f5c049-5828-4683-ab58-20f5fde76e1d,Calvin,Kiley,ckiley8h@jigsy.com,Male
a243c193-f2f8-4842-bb70-2fc99b717058,Denni,Cauldwell,dcauldwell8i@360.cn,Female
cc9b2e79-af86-41b3-9784-e34b97057a0b,Charlene,McKenzie,cmckenzie8j@ftc.gov,Female
93f20d11-4fe1-400f-9fa8-a33216f98d5a,Marie-jeanne,Muglestone,mmuglestone8k@wp.com,Female
a655e46e-494a-4a78-b80b-30bd1ff5e93d,Kalil,Swale,kswale8l@utexas.edu,Male
a8878c98-2007-44c0-abe7-6844d8ebb492,Hurleigh,Ridolfi,hridolfi8m@feedburner.com,Male
c1ea3f7f-2a40-43c8-96d3-331549a10d90,Goddard,Bamlet,gbamlet8n@facebook.com,Male
a998481a-8820-4b73-82d2-59dfa1e3162a,Johannah,Fritschmann,jfritschmann8o@harvard.edu,Female
41e0a375-284f-4bb4-8346-5dd067164395,Abbey,Jahn,ajahn8p@gmpg.org,Female
0e54f367-8f55-42ef-acc7-8df5e5f79541,Chris,Furness,cfurness8q@timesonline.co.uk,Male
4b19aa46-6c93-405d-b78a-ddde4245fba9,Joey,Bartusek,jbartusek8r@angelfire.com,Male
ced9fd0a-e7f8-4f44-a9ee-525d11aee871,Gilburt,Peakman,gpeakman8s@infoseek.co.jp,Male
a8c5c069-87fc-45fc-97b7-d0d57bd0952d,Luce,Abramson,labramson8t@shareasale.com,Male
e8c9b89a-44f9-431c-ac83-7d68bdec93ec,Lanae,Crevagh,lcrevagh8u@kickstarter.com,Female
b7176d23-5439-437a-a651-6142b3c096b2,Creigh,Imort,cimort8v@engadget.com,Male
6e9ae6b5-1063-4757-b7f8-64b1d3350343,Vale,Fosten,vfosten8w@sakura.ne.jp,Female
e29c09c7-dd39-40dd-b268-a8dea3dcc45a,Dolli,Beville,dbeville8x@photobucket.com,Female
18c80ed0-09ba-4ccc-a180-526b35a1e0f3,Lev,Aime,laime8y@yahoo.co.jp,Male
8e41e3e9-4c07-4174-8a50-1e78b65e5f96,Viole,Detoile,vdetoile8z@phpbb.com,Female
edc8b74a-77b2-4767-88d5-259d1953f32b,Merl,Blomfield,mblomfield90@sourceforge.net,Female
accf3885-48d2-4416-853d-9c4c780ecebb,Carma,Duffell,cduffell91@bbc.co.uk,Female
f6893d65-5b05-43d5-bb73-50173a799d33,Antonius,Tume,atume92@nps.gov,Male
cb950d90-4a50-4fd9-9012-62e77025e87f,Billye,Glenister,bglenister93@time.com,Female
aa230428-10bd-42ad-9af0-ddbe3c11429c,Drud,Christofides,dchristofides94@earthlink.net,Male
c188dd03-92ac-416c-b8e8-a27e082f58c3,Thomasin,Munning,tmunning95@deliciousdays.com,Female
ea6bad6c-4931-4d99-a248-1f6294405567,Standford,Korneluk,skorneluk96@multiply.com,Genderqueer
56eeba1a-d57e-40fe-bed1-8e252ba5b0ed,Mab,Mansour,mmansour97@psu.edu,Female
f5a38fea-8f9f-44fb-88b2-8b891e5a1b95,Marianne,Deboy,mdeboy98@freewebs.com,Female
3c838c0b-24c8-4fa8-8220-0a6ed6c855a5,Lucias,Beartup,lbeartup99@ow.ly,Male
6f8254ef-d70a-4cf1-a93c-af9cf9d2fa55,Torrence,Harries,tharries9a@discovery.com,Male
38da34db-c5c3-40b9-ad68-5f71fc0a6e98,Pryce,Yve,pyve9b@sbwire.com,Male
52bffada-8e8c-4e5b-b9b5-119e5dea9055,Manny,Keirle,mkeirle9c@imgur.com,Male
27c3c87d-f45f-433e-93c2-ecd6f2f954d8,Benedetto,Croxton,bcroxton9d@wisc.edu,Male
fdffe916-0c1d-4949-bafa-cce1999bcbe7,Livvie,Brearley,lbrearley9e@slideshare.net,Female
583435c4-beb6-4643-8905-9d78ab807946,Kaja,Cunningham,kcunningham9f@icq.com,Female
edbd2474-b5a5-4b6c-a04a-55d403a1dc10,Collette,Gabey,cgabey9g@mozilla.org,Female
18023b3a-44cb-42bf-a503-52ee25a00a7c,Nikkie,Kigelman,nkigelman9h@yahoo.co.jp,Non-binary
9ee91257-8adc-4198-8626-044602f46516,Annetta,Slee,aslee9i@sina.com.cn,Female
1ba800f3-cb7b-4a96-9e0a-d2e3ae1f890a,Juliet,Nell,jnell9j@answers.com,Female
0c32550b-f71b-4a28-b642-45c84c59bbd8,Danya,Trevillion,dtrevillion9k@buzzfeed.com,Polygender
24ef40b7-6b7f-48d1-bab8-09ced5d23959,Trula,Garm,tgarm9l@wikia.com,Female
5480e01c-4262-493b-b547-697e9243e26a,Rafi,Goldsby,rgoldsby9m@nytimes.com,Male
b999272e-9bb7-4a63-bcde-71e1999ae30b,Ashlee,Duhig,aduhig9n@oaic.gov.au,Female
02f6c5b6-0e62-4546-8be8-2b31c6ad96f6,Gwenore,Axell,gaxell9o@liveinternet.ru,Female
c79de448-76dc-4dce-87b1-bba2db556b8d,Page,Wardesworth,pwardesworth9p@ask.com,Male
64e38e98-3579-4de2-9161-24ab6e85d946,Veronique,Shillaber,vshillaber9q@tmall.com,Female
f72e4405-4dc4-4eba-b7e9-78e1e24d295d,Hertha,Collidge,hcollidge9r@marriott.com,Female
e2881705-eaba-42a0-9468-9228ccdc9939,Belita,Weepers,bweepers9s@ebay.com,Non-binary
c908f7c8-2e7f-4f0d-967c-d4d3f3257d22,Pembroke,McGarahan,pmcgarahan9t@gmpg.org,Bigender
143ec4bd-fd2b-41a8-a6bc-8bd342892fd9,Moishe,Fargher,mfargher9u@reference.com,Male
42939128-9cda-41c5-bab8-a7d8abd2efa8,Murry,Peplow,mpeplow9v@reverbnation.com,Male
33db7b2b-dfe7-4c09-836d-f21913b8e3e7,Shamus,Philpot,sphilpot9w@nba.com,Male
bde8e516-d21d-4e2d-95ea-2e317a314498,Zolly,Copeman,zcopeman9x@upenn.edu,Male
12dc7ee8-89f0-45c9-9be9-c5c5a24fef4b,Mollie,Huard,mhuard9y@npr.org,Female
77636efc-373a-4257-8b1b-9dd3f983228a,Mechelle,Chamberlen,mchamberlen9z@macromedia.com,Female
cabe91bb-a0f3-4b0c-b1f4-51ffb494975e,Blondelle,Koche,bkochea0@reference.com,Female
890e7a30-2cc2-4b0b-a087-b4ad5e32e3d3,Brittani,McGeoch,bmcgeocha1@hexun.com,Female
d5fbdc03-ef2a-4498-a233-85229f2de138,Halley,Mullaney,hmullaneya2@live.com,Female
bff4e159-b40e-49f0-a069-b61a969ae4f3,Tierney,Klimek,tklimeka3@salon.com,Female
01240c80-bbca-40ef-976f-7b157d6eb3fb,Dyann,Goracci,dgoraccia4@time.com,Female
b4903876-3502-469f-9c1a-4b90eb936704,Perle,MacConchie,pmacconchiea5@irs.gov,Female
366aa386-2f83-425d-97de-4b2a4aaa0a44,Ferris,Camilli,fcamillia6@guardian.co.uk,Male
bd33fa43-7073-4622-9b63-96b93cfb4403,Pennie,Seed,pseeda7@wikia.com,Female
b6a42258-f6d1-4953-9f14-ffb715717fa9,Dreddy,Fussie,dfussiea8@360.cn,Female
efdfa279-e84a-4c33-a763-021af32a1fbb,Micheil,Hatton,mhattona9@wikispaces.com,Male
db9258ea-063f-4f26-a1a8-d1990b583a5f,Emmott,Abbs,eabbsaa@fda.gov,Male
ad044574-29ea-4fb7-bb1c-c331bbe0dea9,Joey,Lazer,jlazerab@irs.gov,Genderfluid
aae239fb-7cbd-4aa7-a331-e822713f7f73,Carleton,Hollidge,chollidgeac@wordpress.com,Genderfluid
4464f90c-18ea-4ff1-9809-4021d25d3990,Tomasine,Zelner,tzelnerad@state.tx.us,Female
18001fe7-bfad-4cd5-a61f-4994b20c1c26,Sammie,Crucetti,scrucettiae@imgur.com,Male
23da10c0-d0e2-4985-b7d8-c6d8d6a0c999,Kesley,Poyle,kpoyleaf@wix.com,Female
475ecb59-04d3-4913-a922-8ca756c50ec0,Amy,Rase,araseag@meetup.com,Female
a962df72-1530-4c1f-9927-0be4a124456b,Erna,Riall,eriallah@topsy.com,Female
4b03f1dc-fce1-4bf6-9d1d-c11f7b970550,Caterina,Avery,caveryai@xrea.com,Female
471527cf-edda-4df7-9822-f46d6144b9e7,Alex,Grinishin,agrinishinaj@slideshare.net,Female
c2400bfc-1673-4714-bf00-5cb4cb82dcd1,Louella,Ditchfield,lditchfieldak@disqus.com,Female
4528cdec-3bb0-4946-a44d-843f9bd82be9,Olav,Buffin,obuffinal@tiny.cc,Genderfluid
4b63b9d1-723b-4917-9d78-baeaae126f07,Orelie,Pedrocco,opedroccoam@webs.com,Female
cbf9dbee-776e-48b2-baf4-ac09cf05a158,Renee,Porter,rporteran@bandcamp.com,Female
502c2b3b-6fd1-4728-bfa0-143000f9be76,Linus,Dibden,ldibdenao@free.fr,Male
4892cedf-ef2d-465f-8210-dfa9d9a26d44,Etta,Mancell,emancellap@ustream.tv,Female
76c4fdb7-7a7a-4c84-8e38-e6aeb831fcb4,Samara,Varvell,svarvellaq@aol.com,Non-binary
9749b3c1-863e-436d-b726-37791f005343,Fidel,Hardan,fhardanar@redcross.org,Polygender
f909e88b-e1c6-4395-936a-ee4e906d9a16,Clemens,Elegood,celegoodas@ask.com,Male
fc3a2d5e-7f11-4b88-9934-0a1dbd5c474f,Jay,Tremble,jtrembleat@dropbox.com,Male
12033e16-4fe8-4eba-a5fb-1888665426c5,Michel,Doughill,mdoughillau@weebly.com,Male
d94e23e9-ebe3-4024-a46c-cb037753e8a2,Klement,Bruster,kbrusterav@discuz.net,Polygender
02454850-ca4d-4a14-aabe-6397327ee08f,Lazaro,Mitroshinov,lmitroshinovaw@joomla.org,Male
67366074-abe0-4a79-b3bd-d23c5db0f7be,Fernande,Skaife,fskaifeax@whitehouse.gov,Female
c55b64bd-0ad0-4888-b522-0cf53ff247ef,Blondy,Duchan,bduchanay@pen.io,Female
25dd5a1d-8f8d-4c2d-a167-2e7c1329d101,Chery,Sallarie,csallarieaz@angelfire.com,Female
4a7fbf1d-02de-446d-a37b-b2d55ace2cc0,Ivette,Langstaff,ilangstaffb0@mapy.cz,Female
026a5a55-1f98-4885-a3bf-1aad7145799b,Licha,Leither,lleitherb1@ucsd.edu,Female
dffee3eb-5a26-4219-aef2-12bd31917328,Anjanette,Sponer,asponerb2@technorati.com,Female
dd3d4bc8-2d79-4f1b-b9be-764858b9e2e5,Stanwood,Denziloe,sdenziloeb3@barnesandnoble.com,Male
e54622b3-eda8-43b4-a68e-6e7c03179d5e,Riannon,Galer,rgalerb4@redcross.org,Genderqueer
89b47179-8940-4757-951a-aee760a01746,Edan,Eddow,eeddowb5@columbia.edu,Male
48e704ef-52cb-495b-8c2f-be0a4c8b6846,Helenka,Geator,hgeatorb6@goodreads.com,Female
51ca5483-35bb-4fc0-a922-1b9fe1924112,Quinton,Munton,qmuntonb7@weibo.com,Genderfluid
f3b33763-d288-4895-99cd-c44d858679a7,Flss,Silverman,fsilvermanb8@51.la,Female
571237dd-3da6-4fe4-9b8d-4364278aadbf,Lowrance,Blinkhorn,lblinkhornb9@google.com.hk,Male
877f3e61-294d-4e04-86a8-b96fce283a2d,Jessamyn,Miebes,jmiebesba@quantcast.com,Female
ef325a15-3a92-4e82-8330-9412ad42dc52,Marius,Carmel,mcarmelbb@ehow.com,Male
fec00207-110e-46d8-bef8-3989408be34d,Patrizia,Tulley,ptulleybc@usda.gov,Female
cd7c5bc9-0ce6-410d-a1ca-712e8eb8048f,Gayler,Iggulden,gigguldenbd@zdnet.com,Male
f209fafc-12b4-4d4b-a36f-d1e5bed98b66,Sanderson,Skowcraft,sskowcraftbe@trellian.com,Male
57c789ee-c8b4-4bc7-87aa-8aa395f6b5f4,Gladys,Mauro,gmaurobf@cisco.com,Female
536d6365-5d5d-40bc-9d1a-c48686487794,Ricoriki,McInulty,rmcinultybg@hc360.com,Polygender
b3b70b95-1b3a-42e9-86e7-8ea0d5ed93b1,Rachelle,Iannazzi,riannazzibh@sourceforge.net,Female
74b51988-2584-4526-83bc-edbeb20594c2,Hinda,Coryndon,hcoryndonbi@senate.gov,Female
f5147c53-24aa-479e-aae6-7f0d46ee1991,Alfredo,Hablet,ahabletbj@github.io,Male
65518ca3-2866-44e5-86be-653402e393c2,Garry,Pooley,gpooleybk@drupal.org,Male
f68d82d9-36ba-48dd-8cde-5e338d13d512,Leland,Lamblot,llamblotbl@wikipedia.org,Female
b84ec919-351c-495a-9496-af0f8a9fd7c6,Lloyd,Ketteringham,lketteringhambm@go.com,Male
3d88d272-d10d-4068-8412-d9dd6cdb4fbe,Ambrose,Baignard,abaignardbn@soup.io,Male
0eacab23-c37b-4389-99fc-a3b0c8858b97,Alphonse,Antonnikov,aantonnikovbo@cnet.com,Agender
452644be-2111-4d39-a2c7-9fc0f65e2194,Addie,Larsen,alarsenbp@bluehost.com,Male
2166212a-c938-4be8-aeb6-dc9e686d1a38,Marni,Very,mverybq@washingtonpost.com,Female
54705f61-3923-45a3-a243-1eb9bcdfc0c3,Grant,Thorold,gthoroldbr@ocn.ne.jp,Male
3573364b-bbb3-405a-9acc-5b5f736dc04b,Blair,Vear,bvearbs@w3.org,Male
7d75daa3-5518-4ddb-a945-9da4eec4e704,Nichole,Hadgraft,nhadgraftbt@dion.ne.jp,Male
dd13ca0e-1f4b-48bc-9f16-fed95b6c1809,Ulrikaumeko,Bisset,ubissetbu@dyndns.org,Female
ce2f9316-e1e1-4482-bc41-1b1cc667ae47,Arabella,Shawcroft,ashawcroftbv@posterous.com,Female
c24e3459-0cf4-4abe-917d-df724a863371,Helen,Leggs,hleggsbw@homestead.com,Female
e2b86cb6-8b61-4b1e-b075-6ef2eed255bd,Frieda,Hirthe,fhirthebx@taobao.com,Female
040cf733-a2c6-42b4-a3b4-591b3dba0d11,Carola,Lillford,clillfordby@over-blog.com,Female
df239529-76b3-4253-bc54-5b99965ab638,Jacob,Armatys,jarmatysbz@gmpg.org,Male
6162f194-bb4d-4494-9f58-c907e9a9ae27,Giusto,Laidler,glaidlerc0@liveinternet.ru,Male
aa138c1e-4faa-43c9-8a53-9c43e6ffba9b,Brandais,Carloni,bcarlonic1@blinklist.com,Female
57609828-3384-4edc-abb5-482e426fa91d,Jess,Absalom,jabsalomc2@ucsd.edu,Female
28519c83-2891-40d0-9065-0109e4ece016,Lynda,Entreis,lentreisc3@weather.com,Female
246d86c1-d79b-4b02-8b4b-22fd2ceb0a5f,Stevana,Hawke,shawkec4@t.co,Female
20f60a8c-4432-4fe1-9c2c-27499a49fdb8,Sheryl,Spybey,sspybeyc5@google.pl,Female
2221867a-08fb-4fda-9290-599943c48811,Conni,Bugg,cbuggc6@cnet.com,Female
a10491d9-f849-4489-b81a-bd2ba91cf29f,Sarge,Rideout,srideoutc7@hatena.ne.jp,Male
bd0e3ed9-894e-4719-9e12-ba25c8d8fff3,Dulcy,Dunbar,ddunbarc8@patch.com,Female
2d406a15-78d7-4acd-8370-1c88794720cf,Abdul,Hurworth,ahurworthc9@unc.edu,Agender
8136ee27-5022-44e1-b204-0b693a504a74,Daisi,Shakelade,dshakeladeca@google.es,Agender
c168d0f5-86fb-482a-b2a3-e8f636eb09ec,Oswell,Blatcher,oblatchercb@nsw.gov.au,Bigender
cdb3806b-4efb-4287-92a3-ae94ff79137a,Darcee,Wylam,dwylamcc@samsung.com,Female
b508f98a-ca39-4f87-a20c-0a5fa8bdce02,Jule,Beadles,jbeadlescd@i2i.jp,Male
2a3c49c6-509e-4372-b800-e6187923b2c7,Elysia,Cudd,ecuddce@examiner.com,Female
464069f2-30e4-42be-a322-9d6a89a1a2e7,Bette-ann,Remon,bremoncf@phpbb.com,Female
717f4503-825c-4085-847f-f5da45c81521,Ulrick,Kinzett,ukinzettcg@nature.com,Male
88baddbc-d24f-4a25-b463-e84084496d07,Pippo,Derycot,pderycotch@tumblr.com,Male
231c5820-4ac1-4109-9aad-d158e8426691,Isa,Raven,iravenci@dagondesign.com,Genderfluid
7af52644-84fd-4de6-8e19-db0b533b0cfd,Thekla,Dartnell,tdartnellcj@sun.com,Female
66d993b5-de16-4105-853e-d13128870347,Joletta,Wayne,jwayneck@blogtalkradio.com,Female
450f9934-b82a-4d03-879a-83e5c58dd541,Winifield,Mundall,wmundallcl@behance.net,Male
61b3c035-0875-4313-afa2-79f222d1ab35,Elly,Stiggles,estigglescm@soundcloud.com,Female
5544fb01-2a42-4c78-a345-ddf1e5ab3e01,Ham,Cooksley,hcooksleycn@bbc.co.uk,Male
da396f24-321a-432d-b98a-ab6b5bb0f428,Gail,Hackleton,ghackletonco@ucla.edu,Female
f94839c2-251f-488b-b6c7-f8d4850a8d49,Warren,Le Gallo,wlegallocp@slate.com,Male
01698989-f6b1-487d-b12f-37c8089d0088,Correy,Chicchetto,cchicchettocq@eepurl.com,Female
713bc25b-2ed6-4457-b0f5-64f533bb3a6a,Hermann,Alleway,hallewaycr@answers.com,Male
82b4fc8c-a4c7-4731-bc5e-b7e61860ef13,Marley,Atwood,matwoodcs@soundcloud.com,Female
407bae01-2087-4207-b23c-a0758b44f1fe,Klement,Sive,ksivect@tripod.com,Male
395c9adb-5d1b-488a-89ab-bd9f2be7fb45,Athena,Cumberland,acumberlandcu@rambler.ru,Female
5a70450a-eb95-4eab-b074-260e4bd87e7c,Geri,Mersh,gmershcv@hostgator.com,Male
8cb74c36-7721-441f-8a36-cd4c440eaa4c,Rosanne,Rosnau,rrosnaucw@linkedin.com,Female
8b3d0581-57ca-4b1e-813a-0466befd6b22,Sharline,Sommerly,ssommerlycx@buzzfeed.com,Female
af4eb0e2-1ea7-4dc9-9cf6-cbbf7446a465,Janeen,Hensmans,jhensmanscy@google.fr,Female
207d661a-7d9a-41f0-ae83-5c2b132bce65,Curry,Nettleship,cnettleshipcz@t.co,Male
5fe6f231-fb00-492d-8b9e-49161d60d5c7,Eddie,Dearnly,edearnlyd0@slideshare.net,Polygender
85e3c2e8-a6bd-446e-9734-e27c327fb935,Patsy,Paterno,ppaternod1@japanpost.jp,Male
5f90dea6-c06a-4f18-9d66-8bbc8ff71f55,Velma,Gooddie,vgooddied2@cisco.com,Bigender
c12c54cf-f636-46df-8e39-b3f165456aac,Brittni,Parncutt,bparncuttd3@amazon.de,Polygender
464d7639-83f3-44a8-b436-a395a3e79914,Roth,Duley,rduleyd4@homestead.com,Male
bb69f0d7-b0b7-4a3b-90fa-50344cad3dcd,Nelie,Spoors,nspoorsd5@cdbaby.com,Female
bfd103cc-228f-4026-ae6e-efd9145f70b0,Larry,Meachan,lmeachand6@mediafire.com,Male
b27a6d9e-c6e8-4998-bfe9-42677b99653e,Adaline,Doumenc,adoumencd7@businessweek.com,Female
4ec8a75d-e7cc-4d5a-bfad-23d1a9e0a69b,Tiertza,Apthorpe,tapthorped8@tmall.com,Female
b261581b-428f-4ebf-a8ac-f43796ff0bba,Fletcher,Lerhinan,flerhinand9@amazon.co.uk,Male
eb40eda0-f1ab-4387-92d5-a7103863fa4a,Janot,Britee,jbriteeda@usnews.com,Female
0fc3b215-2dd7-48c0-a1b2-221215c3e494,Venus,Kopecka,vkopeckadb@sciencedirect.com,Female
6d73e7f8-7a7c-4673-a65d-44ec924cc70c,Marion,Theodoris,mtheodorisdc@dailymotion.com,Male
ad0a1dd8-cb25-44ef-8539-bf65d5439f47,Renado,MacCheyne,rmaccheynedd@mapquest.com,Male
50f94e2c-08d4-438c-baed-3b86d0fca1eb,Goddart,Aleksich,galeksichde@google.ru,Male
fb7dcba4-e29f-4d0d-b7fa-b9b176212c78,Ashlee,Albasiny,aalbasinydf@google.pl,Female
2759b7ed-ea23-4e32-8767-9773490e06c1,Gallard,Whiles,gwhilesdg@aboutads.info,Agender
1e9da8c6-d06e-4793-a19b-b308a7148a0a,Gilemette,McCorley,gmccorleydh@huffingtonpost.com,Female
b33a21b4-ea3c-42c6-b321-f943766c0d50,Niven,Yakobovicz,nyakoboviczdi@yelp.com,Male
166b58cb-1a33-4d42-bb09-5e34231f9ddc,Mag,Kerfut,mkerfutdj@walmart.com,Female
7fe78a39-8c14-4b02-9faf-ce61eedb9ca9,Clim,Matfin,cmatfindk@fema.gov,Male
e7507656-96f9-4c82-aa6a-158979687832,Marijo,Clews,mclewsdl@about.com,Female
e2a8eeea-4a26-4345-9f99-42df5d39262e,Dasi,Soppeth,dsoppethdm@npr.org,Female
2a72c116-5339-463c-bb47-7d80fcb74490,Cicely,Schulter,cschulterdn@hc360.com,Female
d1ae765f-460e-4aac-bf06-734de721ccb8,Marsha,Gudge,mgudgedo@msu.edu,Female
258b9ded-938b-408d-bb2b-2f7cc583119f,Gwenny,Danels,gdanelsdp@amazon.co.jp,Female
2d00ac46-655b-405c-83fa-3a04ce1bfce1,Oren,Offen,ooffendq@com.com,Male
e52a009f-ba37-4c80-a6ac-1efd6ab580d1,Adelind,Eyckelberg,aeyckelbergdr@narod.ru,Female
4ccff716-ed7a-4b1c-a18a-0f67c5b93029,Callie,Franssen,cfranssends@trellian.com,Female
65aa5947-de18-402c-9ad3-dc2e0844be97,Burlie,Nowland,bnowlanddt@domainmarket.com,Male
45803524-29c9-4845-8e83-480b3932852b,Zita,Iskowitz,ziskowitzdu@wikipedia.org,Female
7a3569e4-10ad-4f84-a5b0-86bad2b4de18,Virgina,Crombie,vcrombiedv@feedburner.com,Female
ac136e71-0928-4a73-81a3-7abb7f5ae8ae,Katerine,Upfold,kupfolddw@marketwatch.com,Female
71b69808-b189-4f10-b4a0-3634dfe456cf,Benny,Bletsoe,bbletsoedx@constantcontact.com,Male
ec6b9af1-f785-43e2-ac57-806a68cb22e0,Gnni,Slyme,gslymedy@prnewswire.com,Female
8c7e490a-d8b6-4982-8481-af73d086121f,Verna,Matteris,vmatterisdz@bizjournals.com,Agender
55c74f7f-1b0a-4a6b-bc5d-d5f527fc2bc6,Margi,Lunck,mluncke0@wisc.edu,Female
1f5e271a-7ff4-4afc-aee0-cf2a9700ac0e,Inness,Yurenin,iyurenine1@about.me,Male
8d023eec-602e-42fe-a218-6284c8ba1978,Kris,Ovid,kovide2@hp.com,Male
10c063d4-ffeb-4950-9a96-a7ee108c6e17,Christian,Leschelle,cleschellee3@dailymotion.com,Male
2e685a05-d423-4725-91f2-3bfcfcb6bd73,Atlante,Gotcliff,agotcliffe4@cnet.com,Polygender
95d3ff0c-1e8f-4261-a279-c8a2f38ef536,Agnesse,Martusewicz,amartusewicze5@php.net,Female
34c18f3a-19f1-4cf1-8a4a-655b70c69668,Dick,Mohun,dmohune6@de.vu,Male
504e8423-4815-4519-93f3-ffa259fc9b14,Enoch,Higford,ehigforde7@dropbox.com,Male
d00cdaf9-6f04-4396-8f37-fe09ee1b85ea,Martin,Shaylor,mshaylore8@netscape.com,Male
34e0705f-0cd8-45bb-beb7-21ed05a78380,Pearl,Rens,prense9@dion.ne.jp,Female
e5a21ec2-3c3e-4416-b74d-c865d4daa93d,Sallyanne,Schiesterl,sschiesterlea@amazon.co.uk,Female
1053f4e1-aec7-4728-bac2-a81c20bb93d9,Gusti,Dethloff,gdethloffeb@bizjournals.com,Female
403095e9-9c19-4132-84a4-67b8123e5540,Peria,Shaddock,pshaddockec@boston.com,Female
04dc3277-e1f4-409e-b01c-0a0d823ae980,Rosy,Scroggs,rscroggsed@weibo.com,Female
f3e4853b-789d-41d1-b57e-cde2f19ed0e1,Vivianne,Alexsandrev,valexsandrevee@dmoz.org,Female
411ca4de-d9e2-4d84-bc39-3488eac3b498,Genovera,Luckcuck,gluckcuckef@ameblo.jp,Female
99bd0e95-fd80-495e-a764-55d62cee1c66,Ronni,Stopp,rstoppeg@vinaora.com,Female
7091e0d1-0e74-476e-ba09-d9d80bc9adcf,Buddy,Nelles,bnelleseh@cnet.com,Male
1be73902-0839-4771-883c-19508e0929bf,Holden,Haslin,hhaslinei@simplemachines.org,Male
1d13b279-8093-4dcf-81ef-c593fb79d3d7,Rona,Jeppe,rjeppeej@rambler.ru,Female
b37b36b7-bcd0-4b49-92df-f1bbe94a7511,Abey,Le Grove,alegroveek@cnn.com,Male
8c623dcc-c66a-46a9-b837-2a848ad67d68,Nanine,Lillico,nlillicoel@buzzfeed.com,Female
11e783ec-3536-4b8a-8bd8-2fb65af96174,Ora,Johannesson,ojohannessonem@youtu.be,Female
afd485a6-cd82-44ea-9bc2-0a52bd8ddea4,Korie,Row,krowen@parallels.com,Genderfluid
e1409030-67c5-4484-b8bb-7056cc079400,Waylan,Bygrave,wbygraveeo@instagram.com,Male
d01169ba-bd2d-49ed-8e1c-d3d77b07bb72,Frederico,Charity,fcharityep@ftc.gov,Genderfluid
fd146eae-5fb9-42da-b676-1e89d079fb92,Garrick,Iwanowicz,giwanowiczeq@github.io,Male
67258d4d-da38-4806-a121-0f3f9bd04194,Tammie,Fibbens,tfibbenser@hao123.com,Male
bef60d7d-2798-49be-8c9b-10b71a1ed262,Joey,Betz,jbetzes@aboutads.info,Male
da4d35ac-2974-40be-81b9-321f282c517e,Tarah,Scoble,tscobleet@simplemachines.org,Female
f5480369-5214-4af0-85c9-549c0d748fb1,Glyn,Caltera,gcalteraeu@nymag.com,Female
fcf7a1ed-c814-4315-95ba-f9998d4972f9,Margery,Babington,mbabingtonev@reverbnation.com,Female
f1d8ad77-d9ff-47c7-babf-e07c676f68ea,Hedda,Isakovic,hisakovicew@a8.net,Female
6b2689ee-1f12-41c6-a4b9-5eb3d1750b01,Robinett,Lister,rlisterex@hp.com,Female
1e5021f6-7333-49b9-bec9-0ec47b8e9220,Lazare,Stainton,lstaintoney@amazon.com,Male
d334920b-b48e-405c-aabc-d6a2b2d33441,Salli,Hirth,shirthez@vk.com,Female
56329595-d982-4e43-8218-f4c9979d6573,Loralyn,Van den Broek,lvandenbroekf0@dmoz.org,Female
e6425bc7-4738-477d-bbae-3843b4100a05,Dawna,Pulver,dpulverf1@wikispaces.com,Female
3a0f518f-a9e1-4704-b557-964b9456467a,Javier,Greenlees,jgreenleesf2@bbb.org,Male
8b13978d-299f-4836-bca6-a1729569644b,Bryce,Janecki,bjaneckif3@elegantthemes.com,Male
a1b1bc46-1bfb-486b-81ba-9fd37dd5356c,Opaline,Churchley,ochurchleyf4@msu.edu,Female
55e9d489-632a-4c4e-84cb-163e7505ca75,Florette,Sherrell,fsherrellf5@craigslist.org,Female
e4dbd510-5757-43b7-ab13-e6812db9079a,Yale,Hendrick,yhendrickf6@amazon.co.uk,Male
979dc542-4572-4b9a-a576-66de201adb14,Finlay,McDermot,fmcdermotf7@nationalgeographic.com,Male
0fa7a301-0a74-4ba0-9a9e-d889bd6554ea,Elsinore,Sallings,esallingsf8@umich.edu,Female
6670661e-06f1-4cff-a17e-93cfb27ffe90,Cody,Porker,cporkerf9@artisteer.com,Male
d379e0e2-f335-44e4-aaa3-a1cc04391582,Hendrik,Delue,hdeluefa@sphinn.com,Male
58fb3d81-22ad-45d4-88fe-cc6dcf09d410,Giana,Howgill,ghowgillfb@yale.edu,Female
61e87bdc-85cc-415e-9587-d8526a4dbbbc,Roma,Denney,rdenneyfc@etsy.com,Male
a0cd0e41-7ef4-4c91-a9c8-a3db0dca227c,George,Giordano,ggiordanofd@ow.ly,Male
037d19eb-e40c-4a8f-a709-1a8c978dbc12,Alayne,Dulwitch,adulwitchfe@google.com.hk,Female
dbd802e7-644a-4e01-87c2-2df85d5ab3d9,Vassili,Glasspoole,vglasspooleff@buzzfeed.com,Male
7cd6e7b9-765b-413d-a4e7-d87c85d7dcac,Valentin,Simmig,vsimmigfg@yandex.ru,Polygender
29fef7bd-4106-4733-9221-80c2ecbbd795,Verney,Hawkeswood,vhawkeswoodfh@smh.com.au,Male
797b0c40-6276-446f-a75a-d928dd65af27,Rice,Pietruszewicz,rpietruszewiczfi@independent.co.uk,Male
976c7224-ed4f-4925-a37b-8d9315ba2cb2,Randy,Heasly,rheaslyfj@hugedomains.com,Male
f274301e-d99c-4b01-8154-5b998ffb9363,Symon,Fores,sforesfk@acquirethisname.com,Male
d9b610c3-6e1c-4df0-8cbd-3f70c8172d16,Noel,Cousens,ncousensfl@fema.gov,Male
4c31913e-ccc3-47c8-b114-5077d72c6f4f,Fawn,McGilbon,fmcgilbonfm@arizona.edu,Agender
a458ce52-436c-4b90-8eb2-4434635584ed,Derward,Fort,dfortfn@t-online.de,Male
40207a7b-99c2-4954-beb3-b900ad3ba9fd,Morey,Wisher,mwisherfo@fema.gov,Male
793b76eb-d6e3-4868-8f61-77464238454a,Case,Walkington,cwalkingtonfp@time.com,Male
c832bfe8-9ca3-41c0-83e9-022dcd19b5e7,Ezekiel,Pridham,epridhamfq@abc.net.au,Male
310cee77-1089-4515-9fda-538a9582681c,Morgan,Skerm,mskermfr@yandex.ru,Male
5c14f942-995c-4540-82ae-6f2239c60e48,Ase,Niese,aniesefs@ucsd.edu,Male
a532a49b-97ae-4beb-95e8-54a1cbe0960e,Tuck,Leadbitter,tleadbitterft@dailymotion.com,Male
33d08efa-c238-4a7c-bc1c-b2f4a69ac652,Hetty,Furness,hfurnessfu@house.gov,Female
7236448b-2059-4225-8a98-df9ad5a71d15,Amery,Sheerin,asheerinfv@cbsnews.com,Genderfluid
5d75bc80-997d-424b-ae5b-f17407228c01,Amery,Bankes,abankesfw@hao123.com,Male
2cc3646e-8fdc-40f4-9b0b-a669dab89a73,Smitty,Cordall,scordallfx@dmoz.org,Male
3defab13-accc-46af-8b2f-446b6a9f37e1,Wenonah,Dixson,wdixsonfy@intel.com,Female
e3c7d8c4-d30b-460b-9d51-ee26c85d09d6,Bennie,Aluard,baluardfz@yolasite.com,Male
29ff817f-ccf8-4cdc-bf14-feed4ea50c1b,Claire,Sandall,csandallg0@soup.io,Male
f5b7305c-31eb-4f4a-834e-dacf7684ebc6,Druci,Moncur,dmoncurg1@about.me,Female
27b21ea6-4d68-433a-97d3-2128fe208880,Valentijn,Whillock,vwhillockg2@buzzfeed.com,Genderfluid
9addc940-1416-495f-ae87-1706172429f2,Karry,Jay,kjayg3@mysql.com,Female
8f3a3df6-4929-4e5f-b4c8-95332cc96cff,Jules,Bedin,jbeding4@last.fm,Male
ed2944f3-d07b-4be4-840c-ccc7d16dfd20,Gaylene,Catcherside,gcatchersideg5@free.fr,Female
bb52d027-f148-4b58-8c4c-6d11f444c674,Anjanette,Chalmers,achalmersg6@list-manage.com,Female
31865409-8205-41da-a6e7-ebbbd3d84baf,Guido,Dofty,gdoftyg7@pinterest.com,Genderfluid
bcfbe204-47ff-43c1-b63e-a347353391db,Verena,Rottger,vrottgerg8@ehow.com,Female
1be9f871-66fc-4570-aae1-830e3171b810,Prent,Partleton,ppartletong9@unblog.fr,Male
9a53f05d-6ef3-4b88-b678-34476eb5644f,Con,Westmore,cwestmorega@tmall.com,Agender
5bf1631b-68c4-430a-89b7-bcb189819f73,Rory,Farherty,rfarhertygb@comsenz.com,Male
4e6b4305-c284-4913-baf6-6a4d051a7c11,Dael,Churn,dchurngc@hhs.gov,Male
279b7a3c-936d-405f-9fff-186f6d66c800,Evangelin,Siviter,esivitergd@gravatar.com,Female
f9ab4509-f52b-44a7-a5d6-2102e15274d5,Trumann,Shovell,tshovellge@nba.com,Male
d696e3c5-ca7d-4c77-89ac-51e59645494a,Leeanne,Wheeliker,lwheelikergf@freewebs.com,Non-binary
7e05f51c-4729-440f-b035-2d4c0c70d866,Gigi,Spencock,gspencockgg@ox.ac.uk,Female
8caa1164-bc63-481f-980a-87ef5bcf7b9f,Alexandr,Kinchin,akinchingh@ning.com,Male
66e86a14-f7f9-473e-86a1-8472d6184d4b,Sib,Bolt,sboltgi@seesaa.net,Female
00fb401b-fb5d-4011-8434-bc44c388f593,Brooks,Apfel,bapfelgj@latimes.com,Female
1c2d53e9-efc8-434e-a06d-ec43bd2e10a0,Marven,Fitzsimon,mfitzsimongk@redcross.org,Male
01be7d5b-8679-485b-aed7-c2d0a1cd6791,Yvor,Byer,ybyergl@virginia.edu,Polygender
b8df5542-2b2d-4cb1-8b9f-4b94c26c3c41,Felicia,Vorley,fvorleygm@miitbeian.gov.cn,Female
eeb09716-e122-4502-8cac-98ef04d4f0fc,Kingsley,Philimore,kphilimoregn@nps.gov,Male
0343cc17-5d87-453c-a59e-94da195298d6,Arnuad,Winspur,awinspurgo@china.com.cn,Male
98ac698a-7117-400e-9b87-46dabd8b6751,Wernher,Bullan,wbullangp@opensource.org,Male
376c1926-d8b0-4498-8a2b-608d8353c44a,Salomone,MacTeggart,smacteggartgq@java.com,Male
a0ff8760-3986-425c-b7f1-0c8f0cc49d74,Ashlie,Fishwick,afishwickgr@acquirethisname.com,Female
f1134b54-0da6-4be1-b6c1-0e65677fc6fd,Kordula,Dullard,kdullardgs@guardian.co.uk,Female
f8e72ae0-b2e9-4aac-afbc-620f1762835e,Francis,Dodman,fdodmangt@cafepress.com,Male
ee9bd9f5-1aab-4f65-bff2-c5816daa1787,Garvin,Gooddy,ggooddygu@yelp.com,Male
b131f879-d0ee-47c9-a5c8-dfef45152831,Lexy,Winscom,lwinscomgv@domainmarket.com,Female
87de7fdd-41c3-4ec3-b63b-de6c568d2584,Ragnar,Odhams,rodhamsgw@cargocollective.com,Male
3598da97-dd0e-4ca0-9823-faaf4f85cd98,Easter,Broxup,ebroxupgx@barnesandnoble.com,Female
2c0acb46-5b41-4766-af12-669cff9f2ea2,Gris,Secombe,gsecombegy@naver.com,Male
e761316e-f614-4b80-be35-6d3e63dc357a,Danny,Kilfedder,dkilfeddergz@sina.com.cn,Male
b122a29d-792a-40ff-8fbe-cd2648986472,Opaline,Geffinger,ogeffingerh0@java.com,Female
a0da59b0-9730-4474-b46d-f4dc24f7f69a,Vina,Giorgietto,vgiorgiettoh1@yahoo.co.jp,Female
8248bd88-3b50-4a3a-a18c-c222f056866e,Carita,Howle,chowleh2@bing.com,Female
76c3f607-6306-4957-9e99-7fd247debbd9,Cherianne,Robertson,crobertsonh3@dedecms.com,Female
efdb42cf-15b4-4f75-953d-3137a6197f16,Willey,Ashpital,washpitalh4@1688.com,Male
e8db7043-5216-439b-9eff-d6db5e8595d3,Pace,Winmill,pwinmillh5@joomla.org,Male
bc88c3c3-1f47-44de-acbb-55d60f739497,Patten,Durrad,pdurradh6@macromedia.com,Male
29f7c44c-d3d3-456b-912f-cd6a604d0cae,Terri-jo,Shalders,tshaldersh7@squidoo.com,Female
4133af5c-29b4-43a4-a925-0e5c77802055,Hillard,Carlozzi,hcarlozzih8@foxnews.com,Male
0e3d1f6e-d599-413e-ad23-d24eb5d622b7,Yorgo,Burde,yburdeh9@squarespace.com,Male
61004c75-6737-4ca5-a960-f8085f80034e,Marlane,Kerrigan,mkerriganha@1und1.de,Female
524918f2-16df-4751-b986-32bffcde37b0,Faydra,Bradder,fbradderhb@umich.edu,Genderqueer
86386c4a-02d3-42dc-be3a-6495451e3043,Therese,Killough,tkilloughhc@is.gd,Female
42ac6757-64d2-4670-b1c8-89ac6b48dc18,Candice,Barthelme,cbarthelmehd@live.com,Female
236a4d9d-ee95-4963-a88c-f86d77f71eb5,Jessamyn,Olding,joldinghe@flavors.me,Female
1fd2bef2-ad11-4524-9b6d-a437cc6031f0,Mohandis,Bowell,mbowellhf@soup.io,Male
5bdf6f0a-974e-4f1e-b1a7-ca0bedbcfbde,Stuart,Scallan,sscallanhg@google.it,Male
ea0f86ae-9781-4a88-9652-2d8536bffbb3,Chauncey,Livett,clivetthh@stumbleupon.com,Male
d4dbf788-53f1-4f9b-a702-da5b3235a7d2,Leeanne,Dudley,ldudleyhi@dot.gov,Female
cc3d7844-cb26-4d73-a7e9-458fdac7a41c,Eustace,Hallatt,ehallatthj@nhs.uk,Male
e3fc24f5-61c9-403f-aa25-a7689e6dfc46,Erin,Josskowitz,ejosskowitzhk@cargocollective.com,Male
b78dc37c-9526-4687-a11d-2793dc8eb04b,Morley,Tremathack,mtremathackhl@whitehouse.gov,Male
4e70e326-48fe-46d5-9eff-9b077cd2340f,Filmore,Varian,fvarianhm@globo.com,Male
29455b58-6997-4270-93c8-3762bd4151c6,Steffen,Baiden,sbaidenhn@mysql.com,Genderfluid
4b4f2a0b-abe8-4b21-8cd7-7baa82f8b319,Monro,Bareford,mbarefordho@dion.ne.jp,Male
3391c873-7950-4541-b625-861300604665,Jamill,Spore,jsporehp@tinypic.com,Male
92301e17-e341-4c95-8ec4-f87de77ce0d4,Lois,Somersett,lsomersetthq@wikispaces.com,Female
0ba04c12-d0d7-4480-8073-fac8083182af,Jimmy,Lumb,jlumbhr@tripod.com,Male
2c2037a7-31e9-4c71-a8eb-1b8d4aee4245,Adey,Threlkeld,athrelkeldhs@imdb.com,Female
704ca160-1cc6-4df2-9b15-01a9be759125,Herold,Cunnington,hcunningtonht@hostgator.com,Male
58f13b88-547c-4fc9-876b-0a30f9433f6a,Jamison,Olenov,jolenovhu@chronoengine.com,Male
59d165aa-05b3-4cfa-96ce-86821af96170,Johannes,Thredder,jthredderhv@home.pl,Male
62141fb9-bba5-41b7-8e12-cd515faf7b7b,Hagan,Matousek,hmatousekhw@state.gov,Male
3b179d51-0167-47f8-a764-f19596423795,Saw,Killik,skillikhx@cnn.com,Male
d6084e83-8ca8-4974-a836-9b23f8f8eafd,Moria,Sleeford,msleefordhy@last.fm,Female
295b5afb-2be9-48a2-9d55-1ee3617f8010,Thurston,Toffoletto,ttoffolettohz@51.la,Male
c966194a-f5e0-4341-80d3-658992a30661,Robbert,Edgeley,redgeleyi0@oracle.com,Male
42ad8f25-ba94-4427-9274-9badbaa62084,Jamaal,Inglish,jinglishi1@irs.gov,Male
0f45ed8d-1e21-439e-ad7a-dfd6df3d05cb,Royal,Kearn,rkearni2@slideshare.net,Male
c806bd07-d124-4d1e-9d6a-fedfffb31d3a,Aksel,Cossey,acosseyi3@devhub.com,Male
f4fe999e-a189-4c2a-965e-fe898c233aad,Josefa,Spennock,jspennocki4@zimbio.com,Female
f53facc9-c2dc-46db-b604-a19c197ff9f6,Dacey,Stinton,dstintoni5@ehow.com,Female
3776abae-7a79-4f6e-878d-4658aa512f59,Codi,Sellens,csellensi6@youku.com,Male
6619efb9-17d4-4479-a04d-f1bb812168ca,Dave,Stegers,dstegersi7@bravesites.com,Polygender
d6eb8055-a88c-411d-8433-8807ea1d3a2e,Zelig,Leethem,zleethemi8@jalbum.net,Male
09967788-7d9c-42b5-bda7-5398644c46e1,Nannette,Lambkin,nlambkini9@nhs.uk,Female
0770dfb2-cc76-4ab7-8a7e-789ec580fa54,Grantham,Sibbit,gsibbitia@cloudflare.com,Male
fef5e994-aa74-44fc-bf12-8733afb8d64e,Brnaby,Deek,bdeekib@trellian.com,Male
d431edcf-fdee-4f57-94e9-e896b7d148ec,Mackenzie,Mordan,mmordanic@twitpic.com,Genderfluid
5c7ca630-9e4a-4a92-a0d1-80680313c24a,Bobina,Jose,bjoseid@youtube.com,Female
8c9ff38b-8c8a-4af8-9991-442e6096297b,Barbee,Ellacott,bellacottie@seesaa.net,Female
4ff413f8-d718-48f2-9743-2f95ae259178,Pascal,Manjin,pmanjinif@netvibes.com,Male
d1e5d7a8-cc75-4028-8bb7-56ceb08b9ef6,Georgi,Andrzejowski,gandrzejowskiig@seattletimes.com,Male
f6b1ab31-f946-4247-b72d-e6dc7042fa77,Barnett,Gerhold,bgerholdih@indiegogo.com,Male
c0f81a4c-2af0-4455-b355-2c7513ccf803,Ibrahim,Scala,iscalaii@squidoo.com,Male
1efc0582-9123-41c5-aff0-da3be9ea9623,Gael,Bordiss,gbordissij@mapy.cz,Male
71aa2ab8-6751-4615-a7e8-33e55dc72918,Wernher,Penas,wpenasik@hc360.com,Male
6f9ce2f4-cab7-4c4f-97eb-efabfa9569be,Staci,Ramirez,sramirezil@apache.org,Female
d17f5ca7-905a-42a7-91c0-27bbc965ae12,Tasia,Snel,tsnelim@ezinearticles.com,Female
d8f09e6c-7327-4eb2-9dac-596fbeab6aff,Payton,Cherrett,pcherrettin@intel.com,Bigender
445bfe83-2dad-4799-97ad-92ff635d12c2,Liva,Freke,lfrekeio@fotki.com,Polygender
7638532b-0cd7-4ce7-a054-f74377bf06b3,Bernard,Baline,bbalineip@google.com.br,Male
b5a9e8fb-ad94-4fc4-98b0-5aabadbd0365,Forbes,Goosnell,fgoosnelliq@mtv.com,Male
bea3113e-9411-4d64-900c-3bbef9facc08,Faber,Claffey,fclaffeyir@trellian.com,Male
2103166e-d5c1-478d-99bc-579b9538b03e,Jared,Thies,jthiesis@tamu.edu,Male
e4c938e7-1ad8-4ee7-8091-b26647a6b01e,Adelaide,Ondricek,aondricekit@cbslocal.com,Female
add3942b-539e-4f02-8392-92ca7b2451c2,Emmet,Zannetti,ezannettiiu@domainmarket.com,Male
00ba5a5f-0dee-4489-8466-12a51749871d,Eal,Brinkman,ebrinkmaniv@wiley.com,Male
7f32e025-57a8-4bb7-a621-6ce1e309d2e5,Antin,Covotto,acovottoiw@yandex.ru,Male
6fbc2d63-54eb-4d60-a706-42577f56496f,Elaine,McDowall,emcdowallix@freewebs.com,Female
a7b5ccf0-f53c-41f5-9413-c9ae219c98f8,Tybie,Lebbon,tlebboniy@github.com,Female
d9b7c308-4829-4365-9b1e-d02aa33ec23e,Lesli,O' Scallan,loscallaniz@nps.gov,Female
b46cf71e-31af-4d9c-a703-6f9fb7495fc4,Putnem,Werrit,pwerritj0@gmpg.org,Male
c9d80290-1dca-4bf4-93a6-5a3b68b6e2b4,Birk,Skilton,bskiltonj1@shop-pro.jp,Male
61eec4db-a5f4-46d9-8c86-fdbc6f944e3c,Cesar,Benezet,cbenezetj2@opera.com,Male
3c687332-5cc5-462a-86bf-f3a08d570a34,Trueman,Arrigucci,tarriguccij3@theglobeandmail.com,Non-binary
4c5ab12a-2226-43c8-9a87-50013ae45c25,Curran,Garvin,cgarvinj4@geocities.jp,Male
544bd91f-8c2b-486c-b106-76614ebf583a,Nicki,Lamperti,nlampertij5@intel.com,Female
a352b200-2331-4761-ac8c-d4e77a9b9633,Rossy,Ludwig,rludwigj6@cargocollective.com,Male
722de019-3e80-4a3b-8604-4ac61e848773,Adolpho,Batey,abateyj7@edublogs.org,Male
ddf69cc4-51a7-4bf8-ab7e-a81d147b081c,Jarrad,Hymer,jhymerj8@livejournal.com,Male
47d2dd7d-0ce1-4b42-b23f-a2704da8b4fa,Adan,Beauman,abeaumanj9@163.com,Female
5423ef4a-556d-4f13-bfab-1010ab486552,Theodore,Lanceley,tlanceleyja@tripadvisor.com,Male
2ffd96c9-0505-4fd4-9044-31a007c192a9,Cynthy,Collicott,ccollicottjb@bizjournals.com,Female
5d234e3f-fc7c-4bf3-945e-c9aa4a7ea5eb,Rodney,Mitchell,rmitchelljc@mysql.com,Male
cc2547cb-4003-4ef5-abbf-1cf0b5115548,Stacia,Lardnar,slardnarjd@ucsd.edu,Female
d60230c2-ec7e-44e7-a2c8-24e2b445ad41,Isaiah,Cutforth,icutforthje@jigsy.com,Male
1bd95532-268b-43bc-b41d-7b947cb3e551,Cornell,Etienne,cetiennejf@mapy.cz,Polygender
cc5c6883-dc10-42af-bd7d-f9f06499555b,Verina,Durrad,vdurradjg@paginegialle.it,Female
ad601053-c9d6-424d-bbe7-ab4ef6e70aa5,Vin,Symon,vsymonjh@blogger.com,Male
4f5e642f-4052-4060-827e-c86aa5d47c93,Ajay,Aldous,aaldousji@hud.gov,Female
2c264805-c094-4644-afad-669312fa6ecb,Donna,Oldmeadow,doldmeadowjj@xrea.com,Female
32da4083-7e92-4db8-b14a-d6c276a6b741,Dodi,Wrenn,dwrennjk@ibm.com,Female
b009f620-f5f5-4cb6-b180-d5f1e830574f,Isadore,Seivertsen,iseivertsenjl@tripod.com,Male
f0505b73-315d-47c1-aaed-7282f4b0d805,Darrick,Hoolaghan,dhoolaghanjm@addthis.com,Male
37a76400-27b4-4b6c-865b-b135cba5f618,Norbert,Fylan,nfylanjn@bing.com,Male
0f56c7c2-f63b-4c94-8932-3d9f9b5ca997,Vinson,Wyllcocks,vwyllcocksjo@alexa.com,Male
4d5b40b4-cd51-47a4-8a0c-2baa8fbbc297,Mikel,Jozaitis,mjozaitisjp@pinterest.com,Male
72176c92-c468-4e20-9c72-d6c57acb1c81,Wilma,Veelers,wveelersjq@google.nl,Female
eafc4aab-f236-4563-bdb3-3216f37df8f0,Wilona,Preskett,wpreskettjr@clickbank.net,Female
d1df15e3-52de-4337-aaee-745a556d15f4,Stuart,Stokey,sstokeyjs@google.com.br,Polygender
fb1465fd-4e8e-454c-80a6-a50e9c81db3c,Randolph,Catanheira,rcatanheirajt@wunderground.com,Agender
fe9d6046-a604-4f6f-87a0-94d725d1080a,Harrie,Swindells,hswindellsju@prweb.com,Female
1cee2f54-a7be-46e4-a0f0-cef6fcf97061,Berti,Blacksell,bblackselljv@go.com,Male
5296d884-8ceb-4ab8-93cb-9ecc82f07a08,Shermy,Feldhammer,sfeldhammerjw@rambler.ru,Male
d1eae802-f580-4c20-be9f-a910b3c2aab0,Kizzie,Breslin,kbreslinjx@godaddy.com,Female
a5513063-5d8b-41f3-8d80-b2d2e518552d,Alidia,Wain,awainjy@facebook.com,Female
5e14272f-3bb8-4ab9-8dfb-55aed623cff4,Dalt,Petett,dpetettjz@php.net,Male
cbf0f3ea-12e9-484d-a5af-517d6285ce90,Richmound,Parkisson,rparkissonk0@mashable.com,Male
4835a22f-e48e-4e25-9848-bb95bacef4f8,Lucien,Chantree,lchantreek1@psu.edu,Agender
a65939c6-195b-4ff7-9abe-1a4e10c6f6d3,Fredelia,Matzeitis,fmatzeitisk2@woothemes.com,Female
c94271d1-940b-41a2-8de0-7c57394f0357,Anestassia,Sabey,asabeyk3@51.la,Polygender
316bcdce-bd89-43c4-aee9-3006a0eabe84,Glendon,Yon,gyonk4@youtu.be,Male
1d97f5eb-b4b9-4caf-9934-e8524949ccf4,Irving,Stebles,isteblesk5@sakura.ne.jp,Polygender
50e1bfab-29ee-4379-a237-924057ef2886,Rod,Aggis,raggisk6@unblog.fr,Male
2fc597cc-98a8-4393-b802-9a286d98c087,Vlad,Crighten,vcrightenk7@prweb.com,Male
621391d0-ba1a-43e3-acd0-ca5ff031edc3,Maximilianus,Grandisson,mgrandissonk8@reference.com,Male
76c59180-349a-4fd6-a0da-ae3929c1251a,Catha,Iannitti,ciannittik9@ezinearticles.com,Female
70f47690-1356-44b2-9d68-0a36e69816dc,Lock,Crossley,lcrossleyka@drupal.org,Male
808099fb-1a3e-455e-9d91-da6c7fa4ec5b,Kaspar,Mannooch,kmannoochkb@columbia.edu,Male
237c1858-5409-43b4-935a-906ed9824fe4,Rici,Lichtfoth,rlichtfothkc@edublogs.org,Female
f5f4dd1e-607b-4d4a-b88a-33e46ec68709,Dallas,Solomonides,dsolomonideskd@fotki.com,Male
878a6349-d020-4c7c-abe7-091cfd254229,Ethelind,Olivie,eolivieke@eventbrite.com,Female
94678942-d4cf-491f-9f60-5fed0a91b03d,Humberto,Veel,hveelkf@blogger.com,Male
e859911c-2b19-4ea6-9575-0c3744609c74,Chickie,Gellion,cgellionkg@php.net,Male
8084a43d-6221-45af-979f-11642803790e,Netta,Jervois,njervoiskh@forbes.com,Female
057e15f6-8587-4d13-9b00-f6d7e2a48038,Cory,Marcinkowski,cmarcinkowskiki@51.la,Male
ba04fd44-2e7b-4d7d-b71a-72ea64bc860c,Moria,Reinhart,mreinhartkj@bigcartel.com,Female
98845fe8-d65d-4a22-af9e-866b35555300,Stirling,Tomczynski,stomczynskikk@hibu.com,Male
3e5dd91c-9254-40a8-9926-5cf128dda7f7,Chariot,Dearl,cdearlkl@printfriendly.com,Male
169d99c1-c75d-4073-8e59-ae06e5610ad0,Angel,Burnep,aburnepkm@purevolume.com,Male
c9ef6b82-d872-4738-937f-27a090e65b06,Fabian,Rankin,frankinkn@geocities.com,Male
4475e1f4-14d3-47cd-b511-64e4614f322c,Deanna,Carah,dcarahko@de.vu,Female
e5db9391-fe9f-463b-bec1-06f1715adf1f,Craig,Horning,chorningkp@hud.gov,Male
c41441e1-d8e6-475b-97d6-03019a6b0dce,Jamill,Van Dale,jvandalekq@imdb.com,Male
6f868db4-97fc-445f-a91f-4c63e7a35ab3,Auberon,Zukerman,azukermankr@mysql.com,Male
cc4221f6-3a20-4781-a04d-fa5e78735586,Hector,Nealand,hnealandks@xinhuanet.com,Male
e0549c51-0fe2-4079-8fda-0a725a678d7e,Alyce,Ducker,aduckerkt@accuweather.com,Female
fef46d17-dc61-4a49-a7f9-fcbeff1c81b6,Nicolea,Lardier,nlardierku@icq.com,Female
69c28330-0e1c-4492-921f-9b9bdf73bfc8,Viv,Ambrogioni,vambrogionikv@bluehost.com,Female
e8bf964c-ab4b-4b7c-8ab8-34a678a3def7,Neel,Kerfut,nkerfutkw@wordpress.com,Male
ca55104c-982a-4fd4-8820-94c466d9b936,Gasper,Fladgate,gfladgatekx@unblog.fr,Male
16c7454e-9629-435a-bb72-3ef7534ad59a,Erin,Lacoste,elacosteky@feedburner.com,Female
149f9529-2310-4787-87a7-1a33f851b42f,Averyl,Denty,adentykz@edublogs.org,Female
a638cfa1-ee67-458b-ae9d-fe4953b13afa,Papageno,Ottey,potteyl0@usatoday.com,Male
6a690525-da74-497d-af0c-6a9badb7a8ab,Denver,Archdeckne,darchdecknel1@usgs.gov,Male
3f9c68da-4103-4de5-9e40-1307dda41f3b,Terence,Chesshyre,tchesshyrel2@sciencedaily.com,Male
84532756-19df-4e8e-b7a2-a62062c8e16f,Sig,Ouchterlony,souchterlonyl3@netvibes.com,Male
1cca733e-f86b-402c-b850-dad5fe55ac8a,Paige,Tokley,ptokleyl4@baidu.com,Female
7c33d049-33a2-4998-965c-174585403809,Herbert,Dorey,hdoreyl5@tinypic.com,Male
6445d4b8-f888-411f-bcd7-30b5476022e4,Camella,Tour,ctourl6@spotify.com,Female
a5864622-01bd-4a6f-af12-d24c15df0500,Hilliary,Sictornes,hsictornesl7@dropbox.com,Female
b3e813ac-1c5c-498d-819f-76c96725a215,Keene,Martinelli,kmartinellil8@cdc.gov,Male
d32b8183-73f6-44a0-ba27-fb913b4aab5a,Alecia,Laugherane,alaugheranel9@oakley.com,Female
f753f26a-b9e5-4d56-b555-d4ba9b43b2cb,Caroljean,Bilbie,cbilbiela@live.com,Female
3c9b1579-603a-4d0b-809c-c413c806016a,Roberta,Gogay,rgogaylb@hhs.gov,Female
ff83dd3a-d2a6-4a1a-a99b-2cdbbb5e79ad,Inglebert,Maps,imapslc@yale.edu,Male
c7605388-4cf4-431a-b743-2d9763447c02,Ruthanne,Dysart,rdysartld@ustream.tv,Female
88ba43c0-5813-460d-9172-6a2d1f5c7a33,Faunie,Stollen,fstollenle@google.com,Female
5dde2009-5414-4f53-b95a-e85930d55022,Cynthy,Gorwood,cgorwoodlf@skype.com,Female
76adf7da-d97b-455f-ac2f-b0d181a9e122,Sherwood,Crang,scranglg@nyu.edu,Male
3b1f4a41-100a-4b38-b687-9d9146fe709e,Alleyn,Sokale,asokalelh@usatoday.com,Male
30cc0d14-2d05-4ba4-b31c-3a6843098c8a,Sherlocke,Dibley,sdibleyli@hp.com,Male
fca35a3e-2f1d-4dae-8f47-78b6d8cc45a0,Conant,Shalloo,cshalloolj@washington.edu,Male
97bb6a66-5630-42ce-afb7-bda2dfcd625b,Berry,Giacomoni,bgiacomonilk@fema.gov,Female
ee6d97f6-16f7-4776-94e3-de2bd6b920e8,Melisenda,Sybbe,msybbell@chronoengine.com,Female
56b9df1a-3eaf-4c37-a600-d5c8821c4ae3,Lorne,Schwand,lschwandlm@pen.io,Male
28fb1272-64e6-4493-a840-c44056a9a9f1,Donielle,Dudny,ddudnyln@php.net,Female
7ca6f0e7-cd0a-47e2-a8ac-0b4d4225a57e,Ruprecht,Lehr,rlehrlo@istockphoto.com,Agender
047340e8-524c-48f0-96e1-4cf0dda708a6,Rosalia,Stanyon,rstanyonlp@photobucket.com,Genderqueer
bf85d0a7-dde1-4539-8ece-13d71d43e807,Alix,Woodcraft,awoodcraftlq@hc360.com,Female
ed8685fb-35a5-4fd8-afe8-65185a430e42,Florian,Samuels,fsamuelslr@weibo.com,Male
1e248209-936d-4a7f-a03c-85d7b15d8df0,Joell,Standingford,jstandingfordls@google.com.hk,Female
74e4929c-444a-4015-ac27-066d5e246d66,Guido,Teml,gtemllt@dell.com,Male
a8ba641d-c4d2-4e08-8bc5-0a4209ea8d35,Kurt,Bielby,kbielbylu@so-net.ne.jp,Male
f4492e1c-79df-4f6e-8977-54d15607bb1c,Aldric,Chirm,achirmlv@auda.org.au,Male
80b53e3a-afd4-44ca-849f-c031b9f2b6bb,Husein,Hatley,hhatleylw@ca.gov,Male
80733be1-a216-48d9-9239-0b310b099538,Felic,Conningham,fconninghamlx@addthis.com,Male
ba21197c-850b-4317-922e-7ac5ed2a6860,Bayard,Iggalden,biggaldenly@hud.gov,Male
bc674908-648b-4f38-964f-bef69168b7db,Bordie,Kwiek,bkwieklz@list-manage.com,Male
c52d15ec-e636-48fe-91dd-149fc043b974,Edd,Dury,edurym0@liveinternet.ru,Male
73e4198c-8351-4dc6-978d-7087698012e1,Redford,Mongeot,rmongeotm1@ifeng.com,Male
4bd4f7bd-9790-42ce-986d-322a7add94b7,Delcine,Izacenko,dizacenkom2@odnoklassniki.ru,Female
604037e3-273d-4ece-b80a-5404f0ad931f,Cicily,McVeagh,cmcveaghm3@mozilla.org,Female
f918332e-b1bf-46c7-bc42-b38dd182e4a4,Nadia,Saddleton,nsaddletonm4@dedecms.com,Female
c37cd641-1deb-4495-a493-1101e54f05db,Bethina,Frosch,bfroschm5@livejournal.com,Female
08f1b8f7-2ca0-4581-8192-c471cfd13f47,Doll,Duncan,dduncanm6@e-recht24.de,Female
64625fd0-7a26-4e10-a7fc-37aa94e5b8b7,Berty,Moverley,bmoverleym7@ameblo.jp,Male
4d73abb7-4d7e-464a-9618-93bf82b3cecc,Glen,Pietrasik,gpietrasikm8@nih.gov,Male
3edbcdc6-431f-46ae-9d14-f7fd4e256feb,Boone,Endley,bendleym9@seesaa.net,Male
3ba10491-2c09-4b3f-98f5-97d7325e3f58,Jesus,Cromleholme,jcromleholmema@oaic.gov.au,Male
45f35087-b4ab-4575-9bb6-d989cf975503,Xerxes,Buckthorp,xbuckthorpmb@wisc.edu,Male
31aeb016-16c8-45a4-83c1-595191e49ef4,Isaac,Haskur,ihaskurmc@pcworld.com,Male
2d7f6f24-b308-44bf-ad84-d8ddcc9cdb78,Tucker,Pritty,tprittymd@bravesites.com,Male
bc815968-a4c9-4066-85a6-dc04bad6951d,Anselm,Fishpool,afishpoolme@mail.ru,Male
4fed3bb7-eebe-44db-a8e2-5d7c7b42d793,Berny,Jayes,bjayesmf@cocolog-nifty.com,Non-binary
61539e83-d472-42ef-9cde-84a2e5d552dc,Cthrine,Oldmeadow,coldmeadowmg@ca.gov,Female
85959c32-b5ff-4d09-8e47-5c9561ac413c,Sascha,Lumbly,slumblymh@uiuc.edu,Male
871658ea-8c4b-43ad-9e20-8af613f34b68,Chantal,Hammill,chammillmi@networkadvertising.org,Female
bdf10eca-a80c-4bd3-aa8b-5fff4df0bb92,Giovanna,Heball,gheballmj@buzzfeed.com,Female
1c79a23f-8755-49f0-9c81-1ca0413a85d4,Ave,Lillgard,alillgardmk@ameblo.jp,Male
dab4a06b-16d9-45a1-ae25-9b6426e4c0e2,Jervis,Balam,jbalamml@xing.com,Male
45078af8-09f1-4cde-815e-d7759c4c457f,Salmon,Blueman,sbluemanmm@businesswire.com,Male
05d950f0-ae9d-42d5-a3ba-8aa7aeed6462,Obadias,California,ocaliforniamn@uol.com.br,Male
0c27b50c-4b6e-48e1-ab95-ab47e1f70655,Thorvald,Elfleet,telfleetmo@ning.com,Male
b614476a-a688-4af4-88d5-91393101279a,Betsey,Hempshall,bhempshallmp@blogger.com,Female
a5d66bec-8a38-430b-8adb-f9756e1b392d,Bastian,Smails,bsmailsmq@phpbb.com,Male
3fe0fd6e-66c3-4c30-b6a7-13d9a1115cb5,Persis,Guiness,pguinessmr@usnews.com,Female
87055563-8157-4ebd-9e11-0ffa55c27f99,Pebrook,Minelli,pminellims@newsvine.com,Non-binary
8d9a7c97-7283-4883-b237-1289a3123ee3,Candace,Wigfall,cwigfallmt@cbslocal.com,Female
412292bc-9c84-47e2-9f47-acae7d290b1c,Jeannie,Dukes,jdukesmu@taobao.com,Female
121bd689-51ef-4639-a584-73af9280a390,Natal,Tyler,ntylermv@ovh.net,Male
80ee87ea-affd-4aa6-8b16-8b6366cb910d,Jarad,Gaddes,jgaddesmw@un.org,Male
bc3c09e6-1737-4ddc-8b17-d9c303ebb10c,Terrence,MacAree,tmacareemx@forbes.com,Male
feceb46f-8b85-4448-8b34-36d010a4b5ba,Gregorius,Flicker,gflickermy@tmall.com,Male
1e8a8d98-6a34-412a-8fe8-2a36ca780697,Angelle,Roskelley,aroskelleymz@jiathis.com,Female
41236f10-f114-4e66-b8da-9451b458623b,Bartholomew,Davsley,bdavsleyn0@upenn.edu,Male
03ae024b-9ad4-4684-ab6f-91cfc16184bb,Mirabel,Rubrow,mrubrown1@google.fr,Female
f98696fc-5b61-45f5-9ed7-a0d5e28b149d,Maitilde,Dain,mdainn2@omniture.com,Female
1482ec8f-e4d4-4a29-91ff-387684f8fd9c,Aldo,Flea,aflean3@parallels.com,Male
833bb708-39b8-4fcc-a1cf-60cf58e8ff40,Dmitri,Herculson,dherculsonn4@wsj.com,Male
f511937a-3333-45f5-b3ab-d25ed55a3d83,Ileane,Banville,ibanvillen5@vk.com,Bigender
a907e214-ab14-4eb5-b722-61a607217bc6,Berny,Warkup,bwarkupn6@google.cn,Male
66a368de-6c56-478f-8886-ccb3c4183cb6,Justinn,Mattusov,jmattusovn7@diigo.com,Female
c95f2d02-0d32-4f6f-a48e-6ef6ce0ea78d,Lisette,Longcake,llongcaken8@twitter.com,Female
02b3cf60-4bcd-4939-b3c3-47d0ea2475a3,Hendrik,Buff,hbuffn9@reddit.com,Male
ba9b6989-0fb5-47d7-a6bb-37b9c92e7c6a,Adelheid,Shirtcliffe,ashirtcliffena@tamu.edu,Female
98e5e1fd-a35c-42a2-a509-291c5f037e48,Valeria,Davidowich,vdavidowichnb@webnode.com,Female
fedfd9b9-ae53-48c3-a31c-dfe4d57d4158,Tommie,Schoenleiter,tschoenleiternc@uiuc.edu,Male
39a59cb3-1408-4499-aaa7-b175dbcffa53,Gideon,Parsley,gparsleynd@newyorker.com,Male
42d2e2a0-6ec2-4bf5-8bd2-4950d01da727,Alfi,Tourner,atournerne@nasa.gov,Female
d6dc8f7d-219d-44d3-be38-06ca22cf852e,Nealson,Pfaff,npfaffnf@businessinsider.com,Male
3317980c-44fe-4985-aaaf-50a7fd0e77e5,Duane,Beeze,dbeezeng@usatoday.com,Male
ccdbc356-5525-4152-8464-189b6ca43a23,Keelia,Petrelli,kpetrellinh@bigcartel.com,Female
72151e76-6750-4eff-9ffe-23f739434e83,Nettie,Ashness,nashnessni@wp.com,Female
0d80f220-a74d-4e87-831b-ef26504fa2d0,Delphine,Gross,dgrossnj@unesco.org,Genderqueer
93fade5d-8088-4ae8-8005-f39e6c153223,Rudolfo,Newberry,rnewberrynk@facebook.com,Male
7b0ff0a2-e582-483e-a8a0-c1fd9117640a,Corilla,Evesque,cevesquenl@about.com,Female
e97a2519-310e-4694-b7c0-b9176138936a,Rozalie,Rannie,rrannienm@biblegateway.com,Female
0cf45da3-3eda-4d15-a53c-2da64b0590cd,Lorry,Andriesse,landriessenn@mapy.cz,Male
86e1a739-9247-4158-9aeb-81ac674eab1c,Sheelagh,Sisse,ssisseno@hud.gov,Female
55d385d1-c35b-4433-b2b0-dc3be9ebf98a,Lynett,Paten,lpatennp@yale.edu,Female
8b09cb05-6224-46ec-bc56-0af418cfc558,Ardine,Rochell,arochellnq@google.nl,Female
df2a841c-1bbf-4712-8949-e72f606a3cc5,Meggie,Guerrero,mguerreronr@mashable.com,Female
fb95a6df-fad6-4fe2-90c4-bd3aa450250b,Giorgia,Rawes,grawesns@nih.gov,Female
27a6ffd3-706c-47a0-b159-cae3e85defb3,Jo,Meddick,jmeddicknt@army.mil,Female
1109f5fa-cc37-476e-a0c9-a464f68e8207,Jo,Deighan,jdeighannu@geocities.com,Male
51ecc12a-2202-4f64-a5fd-d67b0ba7aed7,Alister,De Nisco,adenisconv@earthlink.net,Male
b1e14878-61da-4c31-8921-7b16b818a69a,Kipp,Waywell,kwaywellnw@umich.edu,Male
7354e0a5-8e33-408b-99c8-e0a202ac3068,Felicia,Peggs,fpeggsnx@techcrunch.com,Female
f4b38462-1f01-48bd-95f2-f78f329b30da,Prissie,Cino,pcinony@list-manage.com,Female
3a25ddf5-fded-4c7a-a478-61b529316cec,Berne,Screech,bscreechnz@multiply.com,Male
666345d9-851c-4461-acc7-547c33047728,Katy,Gippes,kgippeso0@nps.gov,Female
21fe716b-f126-4686-a055-b951a9c3f905,Maribeth,Huntress,mhuntresso1@joomla.org,Female
3d5a6d71-2ffa-4a2e-adfa-6ad6e58ef6fa,Lea,Rosenwald,lrosenwaldo2@shareasale.com,Female
a65da99c-1af7-4de3-a1ce-d31fb233200e,Cole,Clawsley,cclawsleyo3@acquirethisname.com,Male
ce963bc1-aa8b-4d23-aed3-598ac6016c3c,Berne,Heddy,bheddyo4@hatena.ne.jp,Male
eeb256e8-6b63-47fe-a9f6-54629be3de40,Fulvia,Dorkin,fdorkino5@apple.com,Non-binary
d8b2accc-b1d1-4f89-b1e1-4cb69a31d6cb,Conny,Westcar,cwestcaro6@timesonline.co.uk,Male
055ac342-4f49-42c6-a108-a76001538107,Bernard,Blannin,bblannino7@fotki.com,Male
76a1047c-1182-4a1a-bb87-cd0bf979ca64,Amandy,Coke,acokeo8@mail.ru,Female
dd769d69-e57a-4b49-b5d0-221f99449cd3,Ellwood,Deinhardt,edeinhardto9@paypal.com,Male
6e468851-3442-4e0b-b63d-f1348aef7c69,Grant,Viner,gvineroa@abc.net.au,Male
de8aa91d-9014-4f7d-8be8-fd977f4ff193,Cyndi,Filan,cfilanob@newyorker.com,Female
bf691a87-ec6c-41c2-bbc7-9d2413cb9706,Gail,Dartnell,gdartnelloc@taobao.com,Female
51a9b277-a19b-4422-acfd-caeec95c33d5,Loralyn,Spindler,lspindlerod@hugedomains.com,Female
8738d004-e8ce-4f6d-9cb4-2c73ea306584,Lotty,Dalyiel,ldalyieloe@telegraph.co.uk,Female
f59b8f8b-618c-499d-ab0b-e963ba49fbd5,Eolande,Lippo,elippoof@usgs.gov,Female
87472e89-f46c-4ca1-823a-35b6dfeae376,Stevie,Harsnep,sharsnepog@nba.com,Male
fdbdde8b-7122-4aef-9f4c-4068d0508e33,Judy,Sturt,jsturtoh@techcrunch.com,Female
85312837-0887-4fa1-adbc-912be57c5213,Misha,Knoles,mknolesoi@sitemeter.com,Female
1e60a604-ccb4-4482-8680-530bb76da89f,Jacquette,Reignard,jreignardoj@hubpages.com,Female
f9a845af-85ec-4941-b755-1ebcbfb69558,Torey,Warsop,twarsopok@hao123.com,Female
00f41441-4266-41fd-a825-5b4db9987bd6,Cori,McGiven,cmcgivenol@phpbb.com,Male
ac17ff0b-9c0c-4450-9cc1-3c64e875e421,Jacquelyn,Boultwood,jboultwoodom@com.com,Female
0e33d657-1870-4e15-92df-ffe9ca0b3747,Marney,Pecht,mpechton@theatlantic.com,Female
31a78e4a-6caf-48bc-812d-f448f90cb15e,Ario,Cotman,acotmanoo@trellian.com,Male
6a59fbf4-acf5-4c9a-a71e-faf3643f2289,Ronnie,Mulvaney,rmulvaneyop@wikispaces.com,Male
e166ee6f-d572-4ae6-a359-d8a53875ef56,Carlie,Safell,csafelloq@reuters.com,Male
f638386c-787b-49e8-8a68-032cce21b98a,Carlina,Tailby,ctailbyor@photobucket.com,Female
c024eb3b-350f-40d4-b796-cf141ea273d9,Kennith,Forcade,kforcadeos@squarespace.com,Genderfluid
b46a0290-1321-4bd5-be17-c2cafd92b32d,Stu,Ebbens,sebbensot@sbwire.com,Male
710f36dd-e898-442b-9515-90d9c0dc3790,Bird,Faragan,bfaraganou@dion.ne.jp,Female
c38e3ab2-49df-455d-b2eb-e71ef3295ce9,Thorstein,Dalliwatr,tdalliwatrov@sohu.com,Male
36b4f1c4-b894-4a95-b5ce-6b7cff96e07a,Brose,Petyankin,bpetyankinow@nhs.uk,Male
90eb2065-5c89-4087-b036-2d4539949b20,Mart,Swafield,mswafieldox@tmall.com,Genderqueer
bc2a850e-d3bc-492b-9046-eb497ea4cd4d,Vilma,Brien,vbrienoy@ibm.com,Female
27324b8a-0b5a-458a-ae81-12a9adeb852f,Rosco,Kenworthey,rkenwortheyoz@sina.com.cn,Male
d41860df-8cf4-4404-b997-67764a1cc627,Chiquita,Barosch,cbaroschp0@cdc.gov,Female
3717164a-7dba-45ce-a0fe-9ed5d8ed7e4c,Mary,Digwood,mdigwoodp1@comcast.net,Female
da5d46a9-89d0-428b-af2c-541d6ff5cc02,Nichols,Leupoldt,nleupoldtp2@ftc.gov,Male
f19ec1b9-68ec-4c2d-b554-c5ae83cd3321,Agustin,Leeson,aleesonp3@sphinn.com,Male
25ba62bd-dec6-4586-967f-1fac6919a8f9,Karalynn,Stores,kstoresp4@dropbox.com,Female
d7edac11-1050-47b9-a0d3-5e93a4909c6f,Cori,Ary,caryp5@myspace.com,Female
250b15c1-d703-4034-ba30-660309377659,Sebastien,Figgess,sfiggessp6@msn.com,Male
505d4a84-ff40-4385-8991-80c44e576b00,Kristan,Davidowsky,kdavidowskyp7@google.com,Female
f3b29bd4-4fbc-492b-91f5-78dc301a992c,Irma,Felderer,ifeldererp8@chicagotribune.com,Female
873fc55a-3a27-4be4-9dbc-e8111d585f29,Nissie,Buttress,nbuttressp9@bravesites.com,Female
0bdaf089-7ed6-4bda-8ca8-1c267855be57,Dimitri,Sylett,dsylettpa@nydailynews.com,Male
7ab8d8e1-0590-4145-a07d-954492ac3ff4,Gavan,McGeachie,gmcgeachiepb@skype.com,Male
4513429c-01fd-4749-aa70-83bf5b2bb570,Cob,Allsopp,callsopppc@cocolog-nifty.com,Male
1f57b593-b8db-49e0-92b9-dd2017ccb33c,Vin,Cocklin,vcocklinpd@skype.com,Male
26236ace-d102-4fa6-be48-2c740f8f1c26,Rockie,Gardner,rgardnerpe@newsvine.com,Male
9fbbaf4c-decd-4fdb-aa94-5f5a647c12fc,Eileen,Poone,epoonepf@cocolog-nifty.com,Female
37fefe8a-95c3-43a6-a601-52bff8fe87da,Gauthier,Meneely,gmeneelypg@lycos.com,Agender
2790b4e9-f9d4-4ba0-9021-5f6eb54a5bb1,Dyane,Ruberti,drubertiph@vimeo.com,Female
53910a50-faf2-4b63-9a01-011ef9b3377d,Julietta,Deary,jdearypi@dailymail.co.uk,Female
2b5446b6-2610-4e5c-83a1-dd406780528e,Holly,Navarro,hnavarropj@typepad.com,Male
e104fa6c-129f-4141-ae67-87eb4553d2ee,Madelena,Gillimgham,mgillimghampk@meetup.com,Female
47b0d94a-baf6-4fe0-ad4a-11ee889988da,Kenyon,Quade,kquadepl@marketwatch.com,Male
ba566d90-1004-4c32-88a1-4b117a926214,Oralla,Bathoe,obathoepm@com.com,Female
94497a63-4a30-4f6f-a606-6eed9395d54a,Laura,Bruyns,lbruynspn@google.com.au,Female
c9dfd7d7-ca8a-4f59-b7e4-011e1f2ddaac,Tallie,Huton,thutonpo@aol.com,Female
8768dbe1-eeb3-4cea-bcdc-e5eb0c5a1df8,Spike,Lowden,slowdenpp@dot.gov,Male
3f4b1253-d9e6-4a1b-a9eb-4a395c7a26bf,Pavlov,Neesam,pneesampq@apache.org,Male
538fd5b4-3dbd-4532-8ac0-ea8e1b144e3e,Maris,Joynt,mjoyntpr@cdc.gov,Female
a0c77320-1968-4b56-a4f3-189c0745ec90,Joe,Clamp,jclampps@hhs.gov,Male
ae1c2ade-890b-4a5f-8e33-5e064e4f81e1,Barbra,Laboune,blabounept@seattletimes.com,Female
ee5944de-45bd-423a-bde6-5b67ef492bd5,Harlan,Chaffe,hchaffepu@tinypic.com,Male
4aa121bf-a231-40d5-95f3-39f42e9f2317,Welby,Terrans,wterranspv@google.cn,Male
f7d581d7-3dc6-4075-a96f-e1e8914eb0d7,Karrah,Dunwoody,kdunwoodypw@paypal.com,Female
80ef5f08-31d1-4505-91fd-763774052f84,Deonne,Fuke,dfukepx@gravatar.com,Female
1f0e364b-811d-4c3c-b7b3-e0369bb19ea8,Addie,Haggerwood,ahaggerwoodpy@bbc.co.uk,Female
32354e19-d247-47db-9c8e-deab1cccf091,Alastair,MacGaughey,amacgaugheypz@earthlink.net,Male
0bd59c7a-95e3-4a35-b969-90a70aba9c1b,Sonja,Melonby,smelonbyq0@blogger.com,Female
f93c11f5-f8aa-44e7-b235-b69752a4d934,Norrie,Hares,nharesq1@wordpress.com,Agender
0417b527-abc5-4b18-9db3-51cd16279ba1,Taffy,Jahnisch,tjahnischq2@goo.ne.jp,Female
c5afa21d-5220-4ec6-8f91-8494a31c5667,Zarah,Sawrey,zsawreyq3@netvibes.com,Female
7d78554a-b9c5-4e2e-b3fc-ac263c612bfe,Pat,Kier,pkierq4@theatlantic.com,Female
8488adf6-c93c-4a88-9f52-7b9ea069d029,Rogerio,Copping,rcoppingq5@icq.com,Male
be165a5e-ace7-4fda-bc65-0490424058ea,Carlin,Elvish,celvishq6@hibu.com,Male
27b47001-bd2e-4a16-bbb4-0fa09ba7b244,Lawry,Scarre,lscarreq7@chron.com,Male
78ebe00c-fc4e-4f4b-be6f-6059bf251de2,Yule,Jenyns,yjenynsq8@fotki.com,Male
42ad741e-2fc9-401a-a52e-b828d1a8c664,Livy,Hynson,lhynsonq9@latimes.com,Female
d548758f-5239-41d6-8e3c-c74413f58321,Crista,Lismore,clismoreqa@accuweather.com,Female
f96089f3-9fad-4b0a-9522-16a6326b8460,Dyann,Burnsides,dburnsidesqb@comcast.net,Female
71bcaa3c-52ba-43d2-9d6a-38cc68ca6e61,Shirleen,Geikie,sgeikieqc@ebay.co.uk,Female
b25a1385-4178-4885-8ce1-685cd39e471b,Amerigo,Gurnett,agurnettqd@timesonline.co.uk,Male
358839d2-5245-41cf-88c2-b07fdc365417,Aldric,Radish,aradishqe@mediafire.com,Male
6e7db76f-1eff-4618-9ff3-31e8179adc21,Raimund,Ravenhills,rravenhillsqf@cargocollective.com,Agender
81ae562d-fabf-491b-919a-0bef07643455,Nilson,Deverock,ndeverockqg@smugmug.com,Male
7bdf4aed-ff49-4f94-8fe8-cbdeb3fcff14,Sidney,Sparey,sspareyqh@wp.com,Male
d4613979-eb06-4f73-a4e6-5ab28110968c,Bendite,Balsdon,bbalsdonqi@google.ca,Female
b980b14e-f542-4a6b-83e7-a117d91ea9f8,Imelda,Kennett,ikennettqj@goo.ne.jp,Female
94ccb3f6-e771-4cd7-a550-a1cc31a45a5a,Briant,Mackerel,bmackerelqk@wired.com,Male
b3cc64da-e769-4be5-a23b-318b5e348d20,Brandon,Studman,bstudmanql@reddit.com,Male
e6122d89-8ecc-4d44-8036-8be824ae17d8,Pia,Dalston,pdalstonqm@issuu.com,Female
14777467-2003-46c6-b4de-714044adace8,Lanny,Rioch,lriochqn@wikispaces.com,Male
e891874c-d9c8-4371-9ca0-5115466dfb0a,Lenka,Mayhou,lmayhouqo@fc2.com,Female
be5b7a6b-1532-4749-ba74-cd41cf200ac3,Latashia,Mettricke,lmettrickeqp@fotki.com,Female
37d67028-0dfe-4be2-b515-cb6e1fc1acc1,Boone,Kardos-Stowe,bkardosstoweqq@oakley.com,Male
06d567ff-bf67-4f14-ab93-7ad2a70869ff,Suzette,Coulthard,scoulthardqr@hibu.com,Female
366d11b5-2471-4683-9a1f-2edcd58acb08,Wyndham,Iacofo,wiacofoqs@imdb.com,Male
c74b18b7-0949-45f2-a193-cfd14faf4202,Moshe,Phinn,mphinnqt@weather.com,Male
48339e9e-5e3b-4e85-b56a-031900dba72b,Inessa,Whitely,iwhitelyqu@ycombinator.com,Female
0acf4269-a4c5-4639-9159-886ffdd5a29c,Melisent,Fairchild,mfairchildqv@tiny.cc,Female
3b077257-5b65-49f7-96df-a85091576192,Chevalier,Bettanay,cbettanayqw@cmu.edu,Male
08631c3f-bb05-4426-80cd-a1e0249eda57,Livy,Attwoul,lattwoulqx@tamu.edu,Female
15aa7fdb-527e-41e1-97c6-801961585219,Maison,Hatherleigh,mhatherleighqy@cloudflare.com,Male
00eb0110-d2f5-4711-b9e1-bef142203e04,Rodie,Coda,rcodaqz@wikimedia.org,Female
fa285284-b78c-4e47-93a4-e905180fed07,Cele,McLanaghan,cmclanaghanr0@mapy.cz,Female
a3e098d4-044b-4663-9f8a-5e0aaffe58c6,Trude,Sail,tsailr1@theatlantic.com,Female
17a013a2-9ddb-442f-be14-be4afebe0531,Kylie,Stribling,kstriblingr2@hp.com,Male
b7badfc2-f896-4d3b-8d00-2d13bc41bd94,Curran,Henri,chenrir3@theglobeandmail.com,Male
2160d37e-61c9-417d-9234-8fc7a1c33b1c,Genni,Ebbs,gebbsr4@umn.edu,Bigender
5e45a774-2f4d-407d-b860-d3aadf872f8f,Josepha,Harower,jharowerr5@statcounter.com,Female
fdc5f0db-a848-4d96-9416-3a02eecd750b,Christel,Spragge,cspragger6@eventbrite.com,Female
4ef3674f-d2c5-4d1a-a3ec-89f345ee51f6,Ethelyn,Scutt,escuttr7@lulu.com,Female
dda0fd35-3747-4c38-9bc6-3d744f04bc33,Alvin,Spilsbury,aspilsburyr8@smugmug.com,Male
3500a721-9a4a-428c-89da-fec280a9aa0f,Noland,Dundon,ndundonr9@yellowbook.com,Bigender
5a4fefc3-2dd6-4ed1-83d4-db9a19cf9868,Kariotta,Topaz,ktopazra@friendfeed.com,Female
8435b274-9c91-4e78-a4a8-e777b19d1d5a,Gusta,Snel,gsnelrb@nature.com,Female
ac6d4d14-8b92-4880-b52a-16ab81456ac3,Brig,Thuillier,bthuillierrc@so-net.ne.jp,Male
2c25a983-63f5-470a-aefc-c782cee398af,Linet,Dron,ldronrd@tumblr.com,Female
d971a293-98cc-4582-89ec-81fcadc82529,Jermaine,Antonutti,jantonuttire@vinaora.com,Male
e2360392-9896-4c2d-a9b3-5399fd860d03,Starlin,Jurewicz,sjurewiczrf@bloomberg.com,Female
ca1dae64-b857-42dd-bd77-f9b8bd5d2e21,Dirk,Morphet,dmorphetrg@cpanel.net,Male
0524c562-4dae-4387-b84b-7f6f8a030aa7,Hamilton,Lawleff,hlawleffrh@booking.com,Male
fa44753c-8f40-4a62-9ffb-c7894d49817d,Foster,Winslow,fwinslowri@smh.com.au,Male
2aadc231-450b-4b0e-97dd-f7174613ee6a,Hill,Scotford,hscotfordrj@newyorker.com,Male
5d0ba028-75cf-4af8-94a3-a4040108e025,Melodee,Killby,mkillbyrk@github.com,Bigender
ecdb924a-1d7b-4a90-8a05-3ec00b47565d,Miguelita,Oxbury,moxburyrl@japanpost.jp,Female
1c21e0a1-a8d9-4d1f-a363-d01074fc3ac9,Nikolaus,Navaro,nnavarorm@chronoengine.com,Genderqueer
76aba194-d123-45a4-b477-8c5021c504f5,Crissy,Pleace,cpleacern@hugedomains.com,Female
e9075de1-264c-400f-bb0b-2d19dc032658,Annmaria,Fierman,afiermanro@elpais.com,Female
6be819fd-9ffc-4a9b-a337-1b31d5aa1e85,Elianora,Dubbin,edubbinrp@yandex.ru,Genderqueer
e118de91-9fbe-4050-a92c-2f8527faa933,Lesley,Howling,lhowlingrq@va.gov,Male
b4019c82-fc2f-4291-9d9e-cb1321c85923,Faythe,Rozanski,frozanskirr@smugmug.com,Female
