id,first_name,last_name,email,gender
1b0aed19-18b9-4fef-ba4e-f95606e41936,Joete,Eby,jeby0@thetimes.co.uk,Female
58035d27-6720-404d-9d96-ae22ccc93f79,Finlay,Sworder,fsworder1@soundcloud.com,Male
83325b80-b6a8-4f21-9744-6557a62be714,Randolf,Tibbs,rtibbs2@sourceforge.net,Male
f6ff6418-ba13-41a6-9ac2-07443edce2bf,Darleen,Pollack,dpollack3@mapquest.com,Female
cb8de0ad-2cb0-49eb-8ffb-21d41ac2a20e,Shari,Senn,ssenn4@hatena.ne.jp,Female
1a216008-725c-4073-b9c1-53f92f868377,Madalyn,Cansdall,mcansdall5@booking.com,Female
bf40e803-4d18-4f46-920d-c8b897ee2750,Lynett,Pinchbeck,lpinchbeck6@creativecommons.org,Female
e899e9a7-07bc-4f23-ba26-e68467b77e75,Gardner,Rowling,growling7@sun.com,Male
1c2fa888-5fc3-4da2-8256-50a5810d4a6f,Aldis,Budleigh,abudleigh8@nifty.com,Male
0256f008-1055-470a-8b60-232655834fb5,Guthry,Cattermull,gcattermull9@bing.com,Male
2da31c44-3c14-42d1-a507-42b14c3f092a,Walt,Linge,wlingea@wikimedia.org,Male
08ee6df7-8783-41bb-9d4d-6959ba47ed38,Van,Mountain,vmountainb@ft.com,Male
ee8e1180-8c1d-4a2d-8b0c-20ae5f6a1b9e,Lezlie,Kalkofen,lkalkofenc@mac.com,Female
5453bd09-d0b6-4f89-b44b-b509b7399c66,Dian,Cossell,dcosselld@lulu.com,Female
7277ce5a-9fa2-4325-9eaa-edbc9f90a33e,Romain,Duffell,rduffelle@google.es,Male
22ad4432-06cb-4d74-98da-6c689e61c2bc,Pietrek,Filler,pfillerf@nifty.com,Male
3ad6d46a-8468-4c68-8f7c-6adb7a547420,Vergil,Fenkel,vfenkelg@mysql.com,Bigender
a3daf13b-e858-458e-b126-c3c24309d7d4,Tris,Doubrava,tdoubravah@google.ru,Male
9dce3e85-811b-4167-9844-e5d17dcded70,Shurlock,Elsy,selsyi@oakley.com,Male
cff159d2-bdcd-4972-a307-325af8dfbcdd,Rollin,Greschke,rgreschkej@ihg.com,Male
1f62f255-58a9-41f3-b639-1ac92f21ca00,Stacy,Riddich,sriddichk@cnn.com,Male
740a3274-59d3-4c55-a7e6-792ca0f26cdd,Errick,Guiso,eguisol@mlb.com,Male
964e739e-bf6d-4ca0-9f9b-092ff4f4f6f6,Sheppard,Boman,sbomanm@digg.com,Male
a082d56b-eab9-4a20-b214-e542a2ed959a,Farly,Jennins,fjenninsn@marketwatch.com,Male
ab97d9d4-00e5-49a1-ae2d-073d1842d14a,Ewen,Ashley,eashleyo@list-manage.com,Male
f1660709-1552-4099-9a05-fcc303058482,Angeline,Dicte,adictep@blogspot.com,Non-binary
f5eebb18-9e4a-4aa1-af88-e88fb393c413,Edie,Brayfield,ebrayfieldq@hud.gov,Female
cf4d4c66-c61c-46df-96b1-2552bd64f70f,Lia,Pickthall,lpickthallr@oaic.gov.au,Female
45ac73f1-d2d9-4bab-91cf-a1523b5d214b,Jeanne,Romagnosi,jromagnosis@wsj.com,Female
8aaf7ebd-b6e2-4e23-b6ee-959717390fc8,Herman,Laydon,hlaydont@globo.com,Male
94d2db4e-eb42-45d8-84a7-852bfa7c768c,Daisy,McAloren,dmcalorenu@ezinearticles.com,Female
ceba0cf7-9273-4a05-895a-16467a3fdf0c,Quintana,Mitchely,qmitchelyv@delicious.com,Female
ee039d75-d838-422d-879a-2bf7d2139dde,Mike,Fauning,mfauningw@livejournal.com,Male
f17c71e2-e571-4268-a2ba-e4c1f2d4b916,Cobbie,Louedey,clouedeyx@statcounter.com,Male
e8f32593-dc7b-4ec6-8fa0-3252a752d8d0,Georgina,Looney,glooneyy@wisc.edu,Bigender
ffa94194-0062-47c3-955b-1532fdfa3bc0,Don,Randall,drandallz@topsy.com,Male
4b2a61da-d89b-4703-a980-5773ed904992,Marget,Westnage,mwestnage10@jimdo.com,Female
b4d56991-534a-4f13-8e5e-646966cf2666,Ertha,Easseby,eeasseby11@aol.com,Female
e490a613-b089-4e87-bdce-1ed825d6249f,Netty,Sketcher,nsketcher12@reddit.com,Female
8ae0ce57-6fbb-45fb-a1eb-f33a71f23bfc,Kendra,Hurring,khurring13@zdnet.com,Genderqueer
ba62d165-55b4-492b-ad62-481bf578a6ab,Ansell,Demogeot,ademogeot14@tumblr.com,Male
fe9a2aaa-5627-402f-a4f7-680fa854ca82,Brett,Plumley,bplumley15@unc.edu,Female
4ed1aa31-3dae-4d2a-9142-450685e88317,Cordy,Courtes,ccourtes16@guardian.co.uk,Female
256ba834-ca53-4c98-8791-9713af7f88ff,Audi,Fallen,afallen17@fda.gov,Female
453cf3e7-bbb2-4a6b-bde3-abc2a5ceaf4c,James,Van Hault,jvanhault18@nydailynews.com,Male
a1e2aef7-410c-430e-9a38-163e107093a3,Faith,Salzburger,fsalzburger19@artisteer.com,Female
c84f99ae-feea-4bef-94c5-2792fd344992,Elnore,Selcraig,eselcraig1a@cargocollective.com,Female
001e28f8-5588-4012-a3e5-135c4980068c,Jarrod,Christaeas,jchristaeas1b@rambler.ru,Male
ba152f77-ed5f-4c17-8176-7a19d37d022f,Yvette,Koschke,ykoschke1c@miibeian.gov.cn,Non-binary
b390f4e7-8b19-4028-8ecd-6463fa6dce61,Agnesse,Cowgill,acowgill1d@abc.net.au,Female
d9ada3ba-738e-4402-bfca-4766e55b55c3,Westbrooke,Pyffe,wpyffe1e@forbes.com,Male
8a8f2abe-41ce-4394-879b-7aea81ef695f,Jania,Iveson,jiveson1f@csmonitor.com,Bigender
101d16ed-75c9-4623-bfca-82ed87f7c99b,Maddalena,Niemiec,mniemiec1g@example.com,Female
f9a8229d-1cbd-4150-9a3e-3f9f0ce9fb32,Sascha,Spurman,sspurman1h@msu.edu,Female
9b114329-58b3-45b4-abeb-8201723a4265,Huntlee,Battin,hbattin1i@drupal.org,Male
d56b8125-9222-4660-8c24-8dbd6376abf8,Leanor,Plum,lplum1j@issuu.com,Female
1a075014-29f1-43c7-8c06-f8f76affbc22,Bess,Stringer,bstringer1k@blinklist.com,Female
d799e8e3-e980-4b90-94fe-45fce34a53f9,Orton,Stittle,ostittle1l@symantec.com,Male
be7169e0-6506-434b-8387-5c088d97575f,Arron,Collidge,acollidge1m@mac.com,Male
41d8bd30-f4e1-487e-b872-a9c476943e5c,Sara,Gittoes,sgittoes1n@craigslist.org,Female
0f73532b-b075-41c6-8530-7b4f2cb13a98,Rory,Beachem,rbeachem1o@craigslist.org,Male
a947853e-de06-4e6c-beb8-e703cea9ae91,Kristine,Scowcroft,kscowcroft1p@wix.com,Female
3980fb87-e1b1-4152-a4ec-abde94b8f394,Vin,Charer,vcharer1q@photobucket.com,Male
9b76c315-f7a9-47ef-aab5-f5cf6d944033,Rudolf,Bonnick,rbonnick1r@bbc.co.uk,Male
bbeb61cc-4717-4d0d-921c-13265a753b16,Mary,Rablin,mrablin1s@constantcontact.com,Female
475b3138-c15a-4db9-88aa-deb907e527c8,Alley,Adolphine,aadolphine1t@nyu.edu,Male
ae6837e7-6a4e-47a4-8a9c-b4fbb4d9405b,Barny,Venediktov,bvenediktov1u@google.de,Male
d64fc014-6259-4d4b-a513-fec57f833f02,Lurleen,Westoff,lwestoff1v@reverbnation.com,Female
f9c2af31-fbdc-4bee-a471-ce9bd920b298,Patience,Sadlier,psadlier1w@ed.gov,Female
def26307-e89f-4ca3-9c19-1b52f03a135d,Felizio,Scarsbrooke,fscarsbrooke1x@stumbleupon.com,Male
c6b898f4-c6f8-4109-bd2c-a841e044a54d,Bowie,Gherardelli,bgherardelli1y@mozilla.org,Male
4e9e0296-dfca-4cf7-a3ee-727416c35b9e,Lorinda,Carreck,lcarreck1z@exblog.jp,Female
6bcfcfdc-e0a7-4120-807e-49ef4a978909,Grete,Schulkins,gschulkins20@sitemeter.com,Female
75f61de6-9534-4ad1-a032-deb31157922a,Ker,Wyper,kwyper21@delicious.com,Male
7c923851-65ed-4ad9-bf52-8f60650ac3ef,Eric,Tapply,etapply22@google.cn,Male
4b48c02e-5753-4f21-8f71-b69b8ef28240,Thomas,Arundale,tarundale23@surveymonkey.com,Male
5f8ba05e-4221-44d2-931d-9d404bbf5132,Valene,Keble,vkeble24@nationalgeographic.com,Female
35434690-a445-4b3a-9d4a-e003b1086940,Meyer,Alcoran,malcoran25@cornell.edu,Male
ddef49e0-2701-4272-ad6e-c156dc77666d,Brunhilda,Achromov,bachromov26@barnesandnoble.com,Female
efb3874a-68a4-404c-9aed-92d6d95553b8,Marleen,Tant,mtant27@spotify.com,Female
f61a919e-a11a-45c6-bdde-feb5e551d74d,Babette,Dami,bdami28@usa.gov,Female
27a7bc42-c059-441c-a88f-499a0bc44a33,Abigail,Santry,asantry29@smugmug.com,Female
3d610ffd-ecea-46f7-97f9-20f5721d5067,Bianca,Reggio,breggio2a@mozilla.org,Polygender
dfee867e-12f9-4f0a-9b8a-eafe3850c975,Ashlen,Cotterrill,acotterrill2b@jiathis.com,Female
e892d0c2-1e5a-488e-a2f8-56ac2860675d,Rourke,Ferier,rferier2c@hao123.com,Male
2b301124-9df9-4369-87a7-659fe98c8281,Arda,Marunchak,amarunchak2d@unicef.org,Genderfluid
237418b3-53b6-4a69-85c5-f2cd267d5aae,Cecile,Mewes,cmewes2e@weather.com,Female
df3086c2-ebf9-48e4-a6c7-c7a854961c36,Chilton,Jammet,cjammet2f@bing.com,Male
d9f67254-340e-4c7b-90ff-ac84e988b302,Christie,Vice,cvice2g@a8.net,Male
d4d0c6ff-e0ec-4b31-a456-d0ec8cbd1dd7,Kora,Charnock,kcharnock2h@msn.com,Female
0d52eb27-fcd9-4c0e-a389-9f3e9d2831f8,Brunhilda,Ghio,bghio2i@constantcontact.com,Female
313998a7-8bc6-4712-9c36-0ea2b55b5b29,Hasheem,Cullity,hcullity2j@gov.uk,Male
7ee1d3d6-15cb-4e79-813e-559f6df3e1e3,Nick,Niset,nniset2k@dedecms.com,Male
2230bf95-7bae-48a3-a16e-0f1508179978,Hilde,Catto,hcatto2l@icio.us,Female
21dcb86b-13e6-412f-ad75-1a61e8f6a2c8,Frieda,Novelli,fnovelli2m@washingtonpost.com,Female
bce011fe-2b6c-4c1d-8e4e-97ae7c826815,Calla,Spraggon,cspraggon2n@skyrock.com,Female
4bf82a94-c7cb-4d42-b7d8-8322c8bfc03e,Dedra,Farrow,dfarrow2o@zdnet.com,Female
02b91bbd-44cb-44a7-95f0-2466a45070c4,Osmund,Linney,olinney2p@wisc.edu,Male
62be832f-9125-47aa-91c1-671646c03069,Cornelle,Copcote,ccopcote2q@taobao.com,Female
e0052dc0-0adc-4293-a24e-2f46a34fcdd4,Nichols,Goundsy,ngoundsy2r@phoca.cz,Male
4e15abe2-e25d-4c9f-9d2b-983a8a954f66,Felizio,Roderighi,froderighi2s@dion.ne.jp,Male
e7e9e1d1-3a60-497d-82a4-9f36bbbfffc4,Elayne,Farey,efarey2t@t.co,Female
7191dd76-623c-4716-9d3c-3ad9993e201f,Bernhard,Sheavills,bsheavills2u@yellowpages.com,Male
000cdf7e-59dd-4c48-9a6d-716b75090b30,Shela,Gymlett,sgymlett2v@scientificamerican.com,Non-binary
262c6ce0-618c-4aa5-a52a-044a76a82ef5,Corbie,Benbough,cbenbough2w@google.com,Male
112c8cbb-afbc-422a-b017-6c98de7212b5,Shurlock,Sharpe,ssharpe2x@japanpost.jp,Male
44756520-776a-432e-8749-9cbe479c29d1,Dun,Smales,dsmales2y@reference.com,Male
fc0b5705-fd5d-4a62-9531-574a1ff7d3ee,Ludwig,Luna,lluna2z@bloomberg.com,Male
6b3afbd2-1dd5-4a47-b557-5e1e93070f39,Miguela,Spadeck,mspadeck30@ted.com,Genderfluid
791636a2-9caf-4473-8567-4b1d2e8eccb0,Fancy,Reisin,freisin31@hud.gov,Female
761f4ba7-a9f0-4df9-9621-5238c6126f2a,Rose,Elsby,relsby32@behance.net,Female
1c21f3a3-b95b-4d2b-91cb-0077cad7ae51,Gweneth,Gotcher,ggotcher33@github.io,Female
390810d2-f24a-420a-9a5c-e23577f01ea3,Albert,Powner,apowner34@virginia.edu,Male
2b8a2f8c-3323-48d3-b7e1-0cb872f841e0,Eduino,Merwe,emerwe35@nydailynews.com,Male
506e9cc4-6dea-42b8-add6-334e27caf954,Eldredge,Oak,eoak36@upenn.edu,Male
27e63581-bb3b-4b9b-8b7b-93aa6e374962,Wilhelmina,Nelm,wnelm37@yahoo.co.jp,Female
94b2b7e2-bec0-496d-a9c6-6a807eee9a3b,Olympie,Tales,otales38@hexun.com,Polygender
9fcb3a4f-5f3f-4454-91e2-124afea032c0,Nahum,Ablewhite,nablewhite39@earthlink.net,Male
8100ef63-8562-42aa-a03a-dff0d0cb940a,Fredra,Wainman,fwainman3a@trellian.com,Female
8df9e1a7-1f90-4dfb-ad15-abb56526236e,John,Embury,jembury3b@apple.com,Male
65971acf-44f1-4caf-a5b2-1416c6cccb9a,Hilliary,Cullivan,hcullivan3c@diigo.com,Female
503ebc0d-63d7-4476-920a-9906a2901af6,Valeda,Rounds,vrounds3d@sohu.com,Female
3b555d64-fa51-447a-bee4-39c7a16122f9,Rosabella,Blasetti,rblasetti3e@bandcamp.com,Female
4cf60fa1-5163-4e17-8ba5-e8adc4927b94,Mendel,Hathway,mhathway3f@nytimes.com,Male
4dc8bce1-f3e5-4918-bd92-05779d9dd951,Bartholemy,Fox,bfox3g@seattletimes.com,Male
e8c24e8c-e046-4d44-8201-eca1b8a49cbc,Ester,Chaffer,echaffer3h@istockphoto.com,Female
f6a8ee74-3648-45b2-91eb-85d109b161e8,Keefer,Strelitz,kstrelitz3i@google.fr,Male
a5cfb361-56a7-4d18-9ce8-ddb62ae60c1d,Lucie,Scarfe,lscarfe3j@blogger.com,Female
863e0643-f6f4-4579-a900-1d560658df3c,Charley,Kebell,ckebell3k@hc360.com,Male
4ccc750b-a684-4576-bd41-9cd6270dd0b7,Darb,Eburah,deburah3l@ca.gov,Male
638bbb80-dd64-4e6b-830a-91925ea3ba56,Tiff,Langthorne,tlangthorne3m@nyu.edu,Female
94775172-ab66-4e5f-b3aa-c1723518f5a0,Cherie,Callis,ccallis3n@hubpages.com,Female
e20c3a36-9fed-43b7-b69b-a9f822aa8bc8,Justinian,Camocke,jcamocke3o@howstuffworks.com,Male
81def071-b154-40da-b83a-bac6f2a6bba7,Hillie,Kitchaside,hkitchaside3p@reddit.com,Male
555a02b1-9c42-411e-9ded-8fb1abf70c00,Ewell,Corkill,ecorkill3q@webmd.com,Male
7980ecfe-62fd-4bc8-87d0-29334b7982df,Ulick,Imesson,uimesson3r@reference.com,Male
a9f7d6a3-a9b0-4cc8-8d2c-7630a708c777,Melony,Dottridge,mdottridge3s@wikispaces.com,Female
0e4b6973-02fe-4ebb-89e5-3287f9985844,Morty,Thresher,mthresher3t@fotki.com,Male
b326b819-e4e7-4143-bed0-63c2a97fe81b,Petronilla,Kendal,pkendal3u@irs.gov,Female
a76c2a0b-b264-452c-b136-661ce54bb573,Celinka,Machan,cmachan3v@amazon.co.uk,Female
a1d81699-6724-4130-91bc-b6c18d3e4624,Auguste,Sidden,asidden3w@altervista.org,Female
b8034bc6-d06c-4e8f-aea9-a1544212dd7b,Gussie,Sibille,gsibille3x@shutterfly.com,Female
2dd5a8de-060e-40b9-8dc9-eadea83272fa,Cookie,Petchell,cpetchell3y@tamu.edu,Female
13ab07d8-1eac-442b-beee-13793f89c746,Adrien,Bartolijn,abartolijn3z@homestead.com,Male
a5364452-c3e6-4526-a9eb-fddd1af33c4d,Kellen,Purdie,kpurdie40@redcross.org,Male
86cf8d8d-aa56-473c-a749-5457d1d3d7f3,Ibrahim,Yeowell,iyeowell41@imdb.com,Male
222af8e9-fd37-4879-bdc5-b473ca5ce0e8,Stanislaus,Gockeler,sgockeler42@sohu.com,Male
d38b8480-4cb9-4bb7-bebc-74d22d505c2a,Ellary,Kubczak,ekubczak43@altervista.org,Male
ce08040a-5663-44a5-ab98-a6d180dd0607,Ilise,Killingsworth,ikillingsworth44@wikipedia.org,Female
bb74b3d8-783a-4ea9-9a84-693ef9ad00d6,Normy,Markovic,nmarkovic45@networkadvertising.org,Male
9688b954-9115-4794-a4ef-c6246c865c88,Averill,Breukelman,abreukelman46@about.me,Male
1b69d573-5b56-4df4-9f5f-00d25542c474,Judon,Broggini,jbroggini47@dropbox.com,Male
45aa1a88-e703-4624-b302-85f5bc107ec7,Ganny,Gillet,ggillet48@prnewswire.com,Male
0d812435-7f41-433b-9f35-7704ae3b1947,Kip,Benzi,kbenzi49@vkontakte.ru,Female
6b02799d-0a53-4a5f-b62f-f38de0f1e8b7,Lona,Camili,lcamili4a@bloglines.com,Female
21532486-bf55-4eb8-b08d-498712c20d14,Marietta,Labeuil,mlabeuil4b@cafepress.com,Male
26750d24-1403-41f5-b773-4eb25cb3d747,Correy,Jemison,cjemison4c@phoca.cz,Non-binary
e81f4d95-18c9-4ecd-858b-b4ed642979af,Jobie,Turmel,jturmel4d@example.com,Agender
385504a6-8263-41a9-8e02-fb0ac368b6c5,Jorge,Conochie,jconochie4e@bing.com,Male
2ef55bac-ab85-4348-86ce-47eb16e967f2,Elberta,Havill,ehavill4f@macromedia.com,Female
324d720d-ca39-46b6-803a-73734ac2c217,Marcello,Brolechan,mbrolechan4g@privacy.gov.au,Male
fa19428f-9446-4286-8726-023cb246911d,Ilysa,Woodwing,iwoodwing4h@wisc.edu,Female
53315ac5-355d-4937-b52e-91774ba8efd8,Berne,Howes,bhowes4i@spiegel.de,Male
b756282b-35e7-401c-bc62-4e3d11ae6c4e,Walden,Lupson,wlupson4j@shutterfly.com,Bigender
e7e4c5f7-9399-46ef-ac86-611dc02e33ae,Karlie,Breissan,kbreissan4k@disqus.com,Female
ae7daa10-e997-4c01-a2eb-3e73e28fc486,Aprilette,Birkin,abirkin4l@narod.ru,Female
aaad94ad-010b-4155-84dc-77d7aa9afdc5,Skippy,Vasin,svasin4m@bloomberg.com,Male
9aebc38e-5509-433a-9b03-b18068af1b8f,Danette,Leivesley,dleivesley4n@google.it,Female
614f704b-9caa-4142-936d-358d0e3cb680,Lennie,Corneliussen,lcorneliussen4o@flavors.me,Male
20963130-2600-4cf6-ac11-6224fca168d8,Jacki,Carslake,jcarslake4p@umich.edu,Female
a4f0bf56-46a2-42ef-82cc-26ae20bf2289,Griffith,Cammoile,gcammoile4q@bluehost.com,Male
2f856fba-3474-4160-b88b-d0fac77b74f5,Christy,Skrzynski,cskrzynski4r@bigcartel.com,Female
f4e0402b-5042-4cc0-a2de-53c23839470a,Packston,Goard,pgoard4s@ihg.com,Male
de374dfe-3c3b-47c7-aab5-c7a24da39201,Mariel,Langhorne,mlanghorne4t@salon.com,Female
20c3598c-6de7-4801-87e7-295f04cbf9e2,Xymenes,Kibble,xkibble4u@ucoz.ru,Male
f3b68ba4-20ad-464f-bdf1-05e350b1e77f,Zelma,Markova,zmarkova4v@admin.ch,Female
4344b84c-50f5-4005-875a-fbf347fd0535,Nelly,Jindra,njindra4w@omniture.com,Female
facee09b-93ca-42e5-b39f-0aa47e8e9623,Damiano,Lyman,dlyman4x@gov.uk,Male
f67d7b47-1f1b-4301-8776-16e5e689ccc3,Gustavo,Jupe,gjupe4y@howstuffworks.com,Male
fc79c5f1-4c8d-4408-93da-90eddaf2b4ea,Carie,McArdle,cmcardle4z@addtoany.com,Female
9ee83ea3-8c6f-42fc-b15d-73bde121ff3b,Zachery,Hoggan,zhoggan50@de.vu,Male
39a63ca1-ab50-4810-88cc-26c851d2ebe6,Irwinn,Flute,iflute51@wisc.edu,Male
af900add-b17c-4401-a291-a40ae8df7f78,Hammad,MacKenney,hmackenney52@mashable.com,Male
9b9a6a1c-9d45-4c37-8c49-dd27296be71a,Walker,Banham,wbanham53@unblog.fr,Male
bd59aade-8444-436f-b482-1962c470f57b,Riley,Martignoni,rmartignoni54@51.la,Male
a83f602b-a497-4a81-b466-ef8607cfc3c7,Melitta,Pearse,mpearse55@google.com.au,Female
01a1a0ca-a27e-418f-855c-0aaa99138681,Donnie,Kermode,dkermode56@wp.com,Male
a74ca2f3-88d8-42fb-b98f-e6a3a6ab6176,Elwin,Hyett,ehyett57@columbia.edu,Male
4089f2c8-e599-4f55-af46-23588548b7b5,Samaria,Ohrtmann,sohrtmann58@economist.com,Female
1cd21411-ef76-4bb5-bc2a-e62b7e77c560,Kirbee,Blincow,kblincow59@twitter.com,Female
388dac1b-797e-492a-8cb3-9471499ab5b0,Olin,Whartonby,owhartonby5a@noaa.gov,Polygender
dc2a6ac9-b656-4de4-a310-f7e9a35ab76b,Brennen,Rosengart,brosengart5b@wikispaces.com,Male
ba87c1f8-902d-43ce-8040-26262c38c02f,Wyatan,Stollwerck,wstollwerck5c@nationalgeographic.com,Male
249f1abf-a45a-4e0c-96da-1e02078d7db0,Halley,Nelles,hnelles5d@deviantart.com,Female
80f61be9-5675-44f6-a594-d3cd4199436e,Koralle,Lokier,klokier5e@bravesites.com,Female
be3ead2c-2ec5-4d79-b31b-0c11d7fc31e4,Maible,Molfino,mmolfino5f@home.pl,Female
0a45b287-6e21-400a-a88a-85cd28d8bddc,Maurie,Ryland,mryland5g@thetimes.co.uk,Polygender
2ea9a796-3ecc-4754-8ab8-b4875ddcf899,Arlan,Grodden,agrodden5h@prnewswire.com,Male
60029473-5da4-4123-b50e-bd59130aefd7,Pandora,Gentsch,pgentsch5i@flavors.me,Female
4c7a6f2a-e22a-465a-a859-31b478cd3c4c,Scarface,Sparrowe,ssparrowe5j@purevolume.com,Bigender
75b4b7d7-d243-4be8-8b9f-fc3c7444871c,Marlin,Varndall,mvarndall5k@people.com.cn,Male
5fea4306-ef24-493a-b9a3-b48d304fe11b,Adriena,Dear,adear5l@comcast.net,Female
918762e6-9a59-4654-8373-cb01d4b529f6,Reece,Couling,rcouling5m@adobe.com,Polygender
57d54a66-aa6f-4ca7-a5b1-f97d6b346e99,Maximo,Aiskovitch,maiskovitch5n@msn.com,Male
fcab9380-ed3e-4ed8-ac91-fea9e60338ae,Verna,Dounbare,vdounbare5o@so-net.ne.jp,Female
0734126e-8538-4d84-9169-b7302f3f31d5,Griz,Briston,gbriston5p@t-online.de,Male
9d191805-66ad-40e2-9e06-85b6ff0c9bc0,Dean,Burth,dburth5q@oakley.com,Male
c96fbaa7-58a8-4e5f-bcd7-f28cbbdd220f,Stanley,Mates,smates5r@flavors.me,Male
f24e8cde-c537-4cca-9d6f-6017656d0726,Werner,MacKettrick,wmackettrick5s@amazonaws.com,Male
bf639af2-a97a-4e27-afea-ef557e9832c7,Neddy,Gallone,ngallone5t@guardian.co.uk,Male
f47c397d-5f11-4b35-9ec0-03d92c9b6068,Torrance,Nuccii,tnuccii5u@histats.com,Male
4e44d63b-79af-477f-b757-8b2a6af05997,Hurleigh,Kobes,hkobes5v@mapy.cz,Male
f4f977aa-fed1-4435-aa12-bb09fc78e63e,Aretha,Fleisch,afleisch5w@washington.edu,Female
abb5b098-1bfe-4ec4-9f10-d1ca058e4201,Dennison,Dayly,ddayly5x@plala.or.jp,Male
82bab98e-e5a8-41d3-aebe-bbd382dce9c4,Briano,Mayworth,bmayworth5y@tumblr.com,Male
2f8f7a0b-955e-42dd-83bc-389a7bb95327,Danni,Janeway,djaneway5z@zimbio.com,Female
dc70ca2d-82dd-4d86-89e1-711e4078e5c8,Elfreda,Raspin,eraspin60@latimes.com,Female
10098ee1-a22c-4fc6-9b12-18a146f0d75d,Clayborne,Ruzicka,cruzicka61@army.mil,Male
18c483ed-25e5-47a5-bda2-c8be934e51dd,Giovanni,Bryson,gbryson62@hostgator.com,Male
0b2648e0-1989-4377-9415-51a455541980,Meredithe,Shurmer,mshurmer63@privacy.gov.au,Female
ac2b11bd-fbfc-407b-9b6b-14734151c797,Kari,Athey,kathey64@google.pl,Female
f3f8b20e-fa53-4a43-a9c4-fc66cbbaaafd,Sile,Aleswell,saleswell65@ca.gov,Bigender
8cdf7414-23b9-4d1e-841d-9393961d76a0,Araldo,Maybery,amaybery66@ucla.edu,Male
727a8ea8-a2f0-4555-bf88-5cfadbee534b,Keen,Moff,kmoff67@jiathis.com,Male
20be7ee6-1d45-4584-8dff-8213f3ef5166,Nevile,Bischop,nbischop68@google.es,Bigender
80fdbe7f-5b9b-42e9-a755-a679f2d84600,Madelina,Crossland,mcrossland69@pen.io,Female
dfbe09c7-e1a0-4bbe-ab9b-5ee12a1e7fe3,Norbie,Rief,nrief6a@shareasale.com,Male
c8c1fd77-800e-43c4-89a1-f2ec0929fd75,Alexander,Leinthall,aleinthall6b@flavors.me,Male
35762afa-0799-4413-b4f9-5ac82bf658a2,Kathye,O'Hone,kohone6c@is.gd,Female
02145b79-66fd-4423-8a7e-eafdc40789d2,Amory,Sommerlin,asommerlin6d@geocities.com,Male
fde448a2-d828-4036-817f-d2c51ccb5ddb,Casar,McElroy,cmcelroy6e@unicef.org,Male
88b867f7-b785-48e4-8787-f8501ccd5f63,Jessie,Niche,jniche6f@dropbox.com,Female
7bf1504d-9d5a-4caf-8353-377b0dae34a1,Gerhard,Roebuck,groebuck6g@boston.com,Male
b11360b8-4ada-48c7-8988-7b1c92d96de0,Wynne,Stichel,wstichel6h@comsenz.com,Agender
051e8241-ea70-4267-a314-3dfee35adfa5,Fremont,Chantillon,fchantillon6i@trellian.com,Male
d13f3b91-eff5-450a-bc24-0d9a3c8a1ec9,Mercie,Johanchon,mjohanchon6j@list-manage.com,Female
613e5109-e51e-4801-963f-79cacd611e36,Reynard,McAlpin,rmcalpin6k@altervista.org,Male
982e8506-8059-4b61-8135-13f4a8be93a3,Vincent,Blazevic,vblazevic6l@geocities.jp,Male
f13b27ca-4738-419d-b837-b855e875efaa,Ford,Whitehouse,fwhitehouse6m@wisc.edu,Male
afcfc687-650a-4c80-a7fd-c86ea58cccaf,Ricard,Risebrow,rrisebrow6n@smh.com.au,Male
4aafcaff-d55c-467c-8858-daccabacf638,Beatrice,Wayper,bwayper6o@phoca.cz,Female
59919706-5eb9-4ae7-9100-9964a05f2799,Fredrika,Sallinger,fsallinger6p@vistaprint.com,Female
5a54278b-d922-4cec-a60b-6a3eccc344ad,Meggi,Pinson,mpinson6q@exblog.jp,Female
2e0910f4-758d-4fe2-8e66-16046857bd8e,Lory,Harden,lharden6r@fc2.com,Female
116f5e06-28e5-410b-9abb-b42d69abdfcf,Ailene,Coucha,acoucha6s@latimes.com,Female
5741d7a0-a0b5-464f-be97-ea4a8d542cac,Eddie,Boecke,eboecke6t@unicef.org,Male
13441770-d892-4b52-9c05-83dfe2414e6e,Ermentrude,Siebert,esiebert6u@usda.gov,Female
6bdc2e90-171e-40cd-a175-4906e487693f,Hanny,Connop,hconnop6v@goodreads.com,Female
5818c8a3-26b4-4396-beb6-59422536ac83,Antonio,Stigger,astigger6w@msn.com,Male
666bf50f-a289-4352-aaf3-1250df1f0ccd,Sofie,Dewer,sdewer6x@sourceforge.net,Female
c1400088-99d2-4427-8f5c-d4a6b83fcae5,Shell,Whittock,swhittock6y@hc360.com,Male
3ecaea85-0da9-4075-9624-b9b1e53213c7,Cathryn,MacKereth,cmackereth6z@netlog.com,Female
fbcf0d1a-7d18-4ff7-ab85-c88ea640a557,Karim,Dillway,kdillway70@oakley.com,Male
a90a8056-eb14-4714-9b5b-95c389ec84b2,Micki,Hallet,mhallet71@mail.ru,Female
d1640060-3d75-417a-a859-7bc3d0a8ccea,Nell,Showalter,nshowalter72@edublogs.org,Female
e3b62f9f-4f08-4bec-b13e-d6f2661d3240,Clerkclaude,Venneur,cvenneur73@google.es,Male
4644f8e4-b542-46b1-b7bc-c0d5194171e4,Nanni,Le Sieur,nlesieur74@time.com,Female
e35a2a9a-7926-4c7b-8dd0-4ff7e68de0aa,Cthrine,Tebboth,ctebboth75@pcworld.com,Female
56cc55c6-b666-4198-8771-a8abeef0510f,Valli,Sadry,vsadry76@npr.org,Female
5620b709-44a7-4d1c-9d63-b3eeff69cda4,Marga,Elvins,melvins77@usatoday.com,Female
2b4b3d29-865d-44e6-8f67-a7284c368dee,Aubine,Chaunce,achaunce78@merriam-webster.com,Female
985b5d4e-b5b4-4566-abfb-d092c7009387,Allan,Pleat,apleat79@accuweather.com,Male
2e36179c-ce8f-4918-a210-1c2587b3bf5d,Anissa,Garces,agarces7a@squarespace.com,Female
1a53b9e0-45e5-42c2-83fa-f605172549af,Pren,Strathman,pstrathman7b@senate.gov,Male
26e60c70-1fdb-48ad-9105-adc4561ccf90,Teddie,Stoving,tstoving7c@phpbb.com,Female
a645f912-4dc4-4065-a554-2ccb65b9117d,Ethan,Eggle,eeggle7d@mashable.com,Male
5cf1515e-f9f3-49db-afe0-631a09b64016,Dasya,Worlock,dworlock7e@biglobe.ne.jp,Female
39d6ba6b-a42a-4f1d-be8f-ca789fbf4495,Cassi,Bloxland,cbloxland7f@jimdo.com,Female
396f3fc7-cd87-454a-ab79-91f78ff799a9,Cele,Kubal,ckubal7g@cnet.com,Bigender
2ee31c51-84c6-4370-8217-990bf63998df,Deny,Salmon,dsalmon7h@squarespace.com,Polygender
caae556b-402e-452f-9b9d-c090a3ec0562,Giacopo,Goldhill,ggoldhill7i@nyu.edu,Agender
5f31494b-7410-4183-bd2c-3d1f15dbea0b,Fred,Toplis,ftoplis7j@msn.com,Male
2a0f2e58-8b66-44b3-883e-2e3955f1e5a4,Winny,Meadley,wmeadley7k@acquirethisname.com,Male
74c1e4a5-113c-4fde-bbff-3dc15898a6bc,Elliot,Livezley,elivezley7l@wiley.com,Male
4dd03b43-a733-45f8-9710-af3c99c69d5b,Kenton,Tatlow,ktatlow7m@blog.com,Male
17606f5b-0abe-4bba-83d7-e48ab534d8e2,Marinna,Fivey,mfivey7n@free.fr,Female
69add00a-27d4-4847-ab14-63439d087e56,Daveta,Bloore,dbloore7o@hhs.gov,Female
5a79d0b0-097a-4332-b29a-67c6a9a55c87,Lexi,Llewellin,lllewellin7p@oakley.com,Female
e5af4eee-c9a1-4183-b469-64502041a383,Jazmin,Storrs,jstorrs7q@pcworld.com,Female
2617446b-159f-485d-bd64-23edda6c7a48,Elvyn,MacConnal,emacconnal7r@reference.com,Male
31ebd361-8380-4c02-92b3-43400ffbdafe,Francoise,Pering,fpering7s@arstechnica.com,Female
6d77e981-4006-4916-b6c1-c7e0802fa1c3,Valentijn,Pahlsson,vpahlsson7t@blogger.com,Male
115ab121-1e71-4669-97cd-83a679dd47db,Irita,Maydwell,imaydwell7u@sphinn.com,Female
7ef132dd-7f03-456d-a69b-f12b5f2b1893,Angelico,Hurley,ahurley7v@cbsnews.com,Male
e9b4f5b5-ec7a-40f4-ab50-6bda59e7079c,Marianna,Derdes,mderdes7w@dyndns.org,Female
0bbee5c5-4fda-4fa2-8619-7ed514d8a32f,Siobhan,Craven,scraven7x@harvard.edu,Female
ff107061-efc4-415f-9973-b7f3111ea3ac,Wilbert,Fernehough,wfernehough7y@about.me,Male
544ea0be-f198-4d3c-9ba6-4ef1b77c332c,Quent,Klemps,qklemps7z@yolasite.com,Male
789ba0ec-6c6c-4c02-8160-926a4f84954a,Frasier,Isack,fisack80@indiatimes.com,Male
6bc8e8ff-e15a-4f3c-9062-802885d2a0f8,Moyra,Gallimore,mgallimore81@slate.com,Female
b329c5c9-d849-47f9-9503-84687edde564,Gregoire,Harriagn,gharriagn82@pinterest.com,Male
4fa280ea-fa9b-4269-a15f-fc1485fdf083,Patsy,Earingey,pearingey83@ifeng.com,Male
26150a8f-d2df-46e6-842c-2e02474a7ac2,Frankie,Chesney,fchesney84@hibu.com,Female
4621a576-2d13-4ada-a524-5166948e0f6e,Bob,McPaike,bmcpaike85@senate.gov,Male
a0f5bfcb-0f18-4afb-8da5-c4ceccab1821,Moselle,Arnaudon,marnaudon86@sphinn.com,Female
d60464ef-7b0c-463b-9878-e99bd787155f,Ethe,Swannie,eswannie87@amazon.co.uk,Male
66ebd6f0-e4bf-4d29-b489-27c70050a48b,Rockey,de'-Ancy Willis,rdeancywillis88@boston.com,Male
06d8d91c-6f99-4402-a34a-28fd63bac32e,Noah,Nizard,nnizard89@gnu.org,Male
e8429293-0553-4f8f-ba01-e31244a149d7,Kristos,Girardeau,kgirardeau8a@qq.com,Male
41ad6595-fd43-41fa-896e-b657cf00de69,Floris,Andri,fandri8b@mapquest.com,Female
73f0e12f-a681-4ac5-b983-e5b5a393fb4d,Kelvin,De Blasiis,kdeblasiis8c@fema.gov,Male
7da47470-5d36-4e7e-9c9c-01014cbde15d,Louisa,Breakwell,lbreakwell8d@samsung.com,Female
bf36b149-0862-487e-82cf-69554dea872e,Joyous,Henrichs,jhenrichs8e@yellowpages.com,Female
a85b86d3-18df-4429-aaf0-67a687b2e8fe,Carri,Bonsey,cbonsey8f@va.gov,Female
5633a409-ad17-48b1-ba4e-d9af72d6ff71,Caye,Gladbeck,cgladbeck8g@apple.com,Agender
c5ad555c-4caa-4c89-a7ff-5e087bcc61c0,Humfrid,Jewers,hjewers8h@auda.org.au,Male
0574da17-30e9-4897-82a1-2c6bcf994445,Darwin,Kenner,dkenner8i@tripadvisor.com,Male
a280de64-c4a0-44de-a084-4da88ab5e7da,Justina,Ellsworthe,jellsworthe8j@hatena.ne.jp,Female
e5a94d0a-19c7-4dd9-85ef-3301af8ecc17,Sheffield,Keir,skeir8k@meetup.com,Male
d0403d76-77ad-4fc1-ad65-c92a144308d3,Kordula,Creegan,kcreegan8l@jugem.jp,Female
a77d9b9a-0de3-4000-9611-93f9823ce865,Odille,Boyton,oboyton8m@sciencedirect.com,Female
e2fdbbcc-d1d9-43b0-9512-257f97af8188,Giustina,Rolin,grolin8n@sbwire.com,Agender
6ebefe2b-e4af-4806-8775-7c0c92e31cc5,Valeda,Ragbourn,vragbourn8o@auda.org.au,Female
9101fac3-b2b5-41c0-91cd-020f616f0302,Darbee,Bolte,dbolte8p@tmall.com,Male
6c9b252a-9748-4102-8dec-5979e621e9cb,Twila,Clausius,tclausius8q@netscape.com,Female
c5bdd1fc-7812-4326-a74f-b6c83ea2afae,Courtnay,Hearsum,chearsum8r@cbslocal.com,Female
88ff1096-2d47-4b09-bfaf-e5502ce40af3,Blakeley,Provis,bprovis8s@flickr.com,Female
6a6a9b0a-6965-4d16-8aef-b33cd3070c8d,Linn,Hatter,lhatter8t@1und1.de,Male
530ac6c0-4f59-4253-9830-e7bfd48d571b,Arman,Reightley,areightley8u@zdnet.com,Non-binary
0b440f04-1b78-4ac7-b9c4-989a275b2c6e,Ginnie,Rowden,growden8v@sina.com.cn,Bigender
1b9328c1-85e0-4a67-91c4-b4346bfc58cf,Ulick,Tapsell,utapsell8w@google.ru,Male
803c0934-9bfd-44db-ae17-e82cea3d4ede,Dermot,Noni,dnoni8x@princeton.edu,Male
d93a1abe-7626-4ff8-b6ad-d59259f227f5,Sarine,Atkinson,satkinson8y@yandex.ru,Female
7cc8b4b3-c95b-4e72-b5bc-7794c3375272,Bordie,Devereu,bdevereu8z@altervista.org,Male
e2b11f3e-8439-48b4-9bf7-3bd0ed78994c,Dean,Kaasman,dkaasman90@photobucket.com,Male
01592f8b-00d4-4304-ab37-dfc5ae28852a,Woodrow,Itzkovsky,witzkovsky91@bloglines.com,Male
c1980c15-c854-439d-a925-2e932e114f61,Karie,Bland,kbland92@un.org,Female
8e03d535-d6d8-4182-bc13-b38c7a56fed3,Anthea,McMeekan,amcmeekan93@php.net,Female
cfb13f28-e5a6-4914-ae28-7b7a21eed6f8,Eveline,Witterick,ewitterick94@gizmodo.com,Genderqueer
75abdcd1-6df7-4a69-a230-3eb9f001a98e,Frederick,Widdowson,fwiddowson95@google.com,Male
d73d7557-d2a4-406d-b1bd-3c40bd318770,Nehemiah,Kryszkiecicz,nkryszkiecicz96@vimeo.com,Male
8c497b23-1a34-4ace-9793-f975cf26aee5,Andrei,Krollmann,akrollmann97@imageshack.us,Female
4641a684-ce32-41f0-be08-100588b800c0,Ivette,Skirling,iskirling98@cocolog-nifty.com,Female
a0cde1df-181a-4171-80d1-013b4ed00fe7,Flossi,Krysztofiak,fkrysztofiak99@imdb.com,Female
44da59c8-6718-4236-b6c1-0ee81c899ee5,Stormie,Johnys,sjohnys9a@gmpg.org,Female
3a392278-0de6-49a2-bc02-c1eeed38990a,Fredia,Dreghorn,fdreghorn9b@wsj.com,Female
19b8d031-27f5-4abb-b69e-5924931cd438,Bryan,Alpe,balpe9c@ihg.com,Male
75286582-e70f-4e46-a894-5eddeba82335,Faustine,Vedishchev,fvedishchev9d@list-manage.com,Female
3644b66e-b5d3-42e2-a7f6-61941be4fab6,Dorris,Kindred,dkindred9e@nsw.gov.au,Genderfluid
a3adbaed-ea25-41ae-82b1-22eb27d6c86d,Reamonn,McDonald,rmcdonald9f@wunderground.com,Male
806853f9-51bd-4ce3-8a79-b68078e91b91,Anna-diane,Doret,adoret9g@scribd.com,Female
384cb2de-98f1-4cb4-944e-af467d07d293,Franni,Milier,fmilier9h@jalbum.net,Female
348d14dd-b2e5-40a6-ac37-28f5450d524d,Cchaddie,Waldram,cwaldram9i@ezinearticles.com,Male
47ca304e-6159-4c9a-8ac4-c6d82d9fa855,Gratia,Deniseau,gdeniseau9j@fda.gov,Female
a5fff4d1-a55c-4edb-9000-68319d687916,Tim,Allsep,tallsep9k@abc.net.au,Female
4aa36a56-e239-4e8c-96d7-566142259634,Kym,Juster,kjuster9l@domainmarket.com,Female
9358a440-5f0f-4458-aa21-de08a70b5d05,Nester,Staten,nstaten9m@bbb.org,Male
3d99b899-bd1c-4713-9a8b-7a923a753097,Austina,Panter,apanter9n@yahoo.co.jp,Female
b20f17ab-e6d6-4f1c-957a-9cc96f620505,Aurelia,Matias,amatias9o@fastcompany.com,Female
538d4756-7d86-45fc-b4e1-f85a35e06f8f,Padget,Stott,pstott9p@netvibes.com,Bigender
f240bd44-011a-42e3-b632-c970f7d8b3b3,Rockie,Elster,relster9q@rakuten.co.jp,Polygender
eb46f2ba-63de-41e7-8c62-86d8d5187bae,Giulietta,Dadson,gdadson9r@twitpic.com,Female
1591c5b0-2666-4612-bd39-121de3d626e9,Costanza,Langfield,clangfield9s@kickstarter.com,Bigender
45244f6b-5cf8-4ba6-9e40-bd64510b5c9f,Northrup,O'Deegan,nodeegan9t@macromedia.com,Male
208f546f-b30b-47c7-89ea-505bc6843b42,Cletus,Gabler,cgabler9u@example.com,Male
8c316a7c-dc6c-42e3-bc73-879dbd6ca256,Irene,Phythien,iphythien9v@thetimes.co.uk,Female
9fd8d20a-c5de-41e2-8577-f6bdec6d5bbc,Madalena,Giovanitti,mgiovanitti9w@google.com.br,Female
0534a031-109a-40de-9332-3a05c06bf314,Boris,Houndson,bhoundson9x@hc360.com,Male
ccfb0d31-901d-40ef-9176-564979a2c836,Ragnar,Coales,rcoales9y@state.tx.us,Male
83b54c75-c8ec-43d1-88de-3306814dadac,Suellen,Merchant,smerchant9z@disqus.com,Female
55013aae-4df2-4173-922b-3c0ec019c205,Suzann,Struijs,sstruijsa0@yandex.ru,Female
fb0dafb2-7a7b-4935-95ff-8f2f4f0d2cf2,Hal,Ivashchenko,hivashchenkoa1@webnode.com,Male
ef42c9b8-0a35-4246-a2d3-408c677f0597,Inglis,Maddinon,imaddinona2@wikipedia.org,Male
9080de85-ac18-49cc-9746-e5c974f21108,Kale,Kasper,kkaspera3@ucla.edu,Male
99cf2aeb-c366-4104-8915-8e8628e753d1,Danna,McPake,dmcpakea4@ycombinator.com,Female
6f1231b8-d40a-4c0d-b7b6-3f6dbb8f9c38,Paige,Condy,pcondya5@cyberchimps.com,Agender
82fb4b15-b82a-4f24-957e-7e90f49860cc,Meryl,Braybrookes,mbraybrookesa6@cam.ac.uk,Male
c300f880-2e9f-462b-ada4-368e89122568,Sherm,Manwaring,smanwaringa7@ftc.gov,Male
2bda25ef-d434-43a5-9deb-9c1162673635,Zachery,Littlefield,zlittlefielda8@printfriendly.com,Male
a5694c6d-c91c-466d-9f76-a4db1f00f21a,Reagan,Ferrini,rferrinia9@eepurl.com,Agender
28c77963-0c44-454c-a726-ad0aaf6467e3,Kenon,Gascoigne,kgascoigneaa@so-net.ne.jp,Male
e6dd9114-cb28-430d-96e6-296f62de72bf,Giff,Gask,ggaskab@rambler.ru,Male
17217cb1-e460-405c-bbff-fe2898bb8765,Esma,Aingell,eaingellac@imgur.com,Female
c632aa6b-3beb-4225-9015-44c009f675b7,Arlene,Whightman,awhightmanad@theglobeandmail.com,Female
c30b4716-2b90-4996-b64e-82fe6bf466c3,Gibby,Swetenham,gswetenhamae@etsy.com,Male
500eacbb-83d6-49a6-812d-7ef8cd7a9177,Giorgi,Rivel,grivelaf@nytimes.com,Male
972d2037-67d0-4c03-bda3-668bc29e686e,Aubrey,Nott,anottag@seesaa.net,Non-binary
0238a40a-5d8d-46c3-9707-94ce3e460efa,Elijah,Breffitt,ebreffittah@indiatimes.com,Male
5b3efadf-8b64-4b9f-9871-1aec731f275f,Haley,Guppie,hguppieai@yahoo.com,Agender
001e97b0-f84e-448c-bffd-022aa07637cf,Vitia,Swatton,vswattonaj@mashable.com,Female
d05e42af-bfcc-4e02-a949-e10865a471c6,Shalne,Shotter,sshotterak@indiatimes.com,Female
b1d54d66-bcb0-4572-bc70-5c82cf490ef4,Katerina,Abella,kabellaal@cam.ac.uk,Female
c90983d9-7834-452c-b7e9-405b75b78ba7,Winifred,Leneve,wleneveam@squarespace.com,Female
f8c255a5-f2cb-4f96-a6da-ccc21b39c626,Corri,Howman,chowmanan@indiatimes.com,Female
0659bad2-8110-4650-affa-9d8325c4c978,Codi,Bouldstridge,cbouldstridgeao@blogtalkradio.com,Male
00533491-91e6-464d-b48b-bd24c8cc19a2,Reinaldo,Joist,rjoistap@pen.io,Male
3b54969a-3805-4503-bff6-c2d49da10c29,Katti,Smullen,ksmullenaq@ucoz.com,Female
7ee7ca38-77aa-4369-86e9-0ae86d092388,Garold,Paddie,gpaddiear@photobucket.com,Male
a49418bb-30d4-41a3-ba78-d225af987ef8,Archaimbaud,Smallpeice,asmallpeiceas@time.com,Male
cc49e469-305b-4e84-b945-3c7252f04cf2,Martin,Lavalde,mlavaldeat@blogtalkradio.com,Male
c80d125c-f643-49e7-af4f-1977f0371d39,Abbey,Tosney,atosneyau@netvibes.com,Female
2295def6-ccad-4220-b712-317390697e1f,Waylan,Canet,wcanetav@auda.org.au,Male
5cd4d453-88fc-4d89-9b90-b68771bb5374,Davidson,Strotton,dstrottonaw@whitehouse.gov,Male
c8aae962-2018-465f-b80c-9c521a4a1d05,Birdie,Ugoletti,bugolettiax@istockphoto.com,Female
2e97553b-3c08-44ff-bd38-cc04cb9db8f0,Alberto,Friedenbach,afriedenbachay@epa.gov,Male
a4513f8c-7c44-4d90-8b83-2ae916025b56,Ollie,Bucksey,obuckseyaz@nbcnews.com,Female
f463bc69-d7f8-4823-906c-a3f5bb43d79e,Shae,Sercombe,ssercombeb0@qq.com,Male
2c3c15af-31f0-4405-a0ac-9e4b6dd0e8f5,Florina,Tunsley,ftunsleyb1@sourceforge.net,Female
8ab034fc-fe17-42b6-aa10-770038ad9690,Bord,MacCaull,bmaccaullb2@netlog.com,Polygender
bd05d134-6dbd-4c10-95e1-72c98b0a68c7,Goddart,Ottam,gottamb3@army.mil,Male
e3c1fabc-8567-466b-8a63-d3a4447be2f5,Barbie,Fazan,bfazanb4@uiuc.edu,Female
7d2f3f78-8b08-434a-b092-13f915a35dbb,Thomasine,Bonehill,tbonehillb5@miitbeian.gov.cn,Female
ab4974c4-34c7-4d4b-abe1-a35752f0b7b2,Burlie,Yaldren,byaldrenb6@nydailynews.com,Male
da8d9be2-ad53-407c-907a-82f9a84c478f,Shea,Devas,sdevasb7@pcworld.com,Male
6a9a6dff-f23b-4082-a307-6f8c9bd246c8,Aurelia,Boyen,aboyenb8@chronoengine.com,Female
930c810a-3b3f-400a-8a90-2b7824d08078,Wilton,Rice,wriceb9@adobe.com,Male
2ac8c742-01ad-4f1c-8016-aa3ee293206f,Kale,Kibblewhite,kkibblewhiteba@clickbank.net,Male
44d9c82b-938f-486d-b262-9256a8c3021d,Pepita,Cromie,pcromiebb@ustream.tv,Female
42802085-0275-4ae5-9a09-bf0f764aceec,Natty,Clashe,nclashebc@nhs.uk,Male
e0d3b749-84f4-4582-b933-78a4047bc2ff,Morgana,Moyne,mmoynebd@creativecommons.org,Genderqueer
a3b0df69-0e3b-4fa8-b4ef-81c3b820d7ea,Bree,Cattlemull,bcattlemullbe@imageshack.us,Agender
34e8e95d-ab18-41fe-9d3a-a351e35fd61e,Walden,Verden,wverdenbf@myspace.com,Non-binary
827a33cf-9eec-4249-80d6-82fd129b947d,Win,Loines,wloinesbg@chron.com,Male
d0eff49e-6736-4a83-8003-e372f7474614,Shadow,Littlejohn,slittlejohnbh@shareasale.com,Male
77fe5a61-8a41-4d25-b13b-c2c424724a84,Tomaso,Brock,tbrockbi@zdnet.com,Male
9e66fa1f-c93e-4d60-bbc5-dd2afe1e5f88,Talbert,Nudd,tnuddbj@ning.com,Male
a18d050e-ea12-4821-8c4f-cb68fe462bb4,Sharla,Matousek,smatousekbk@archive.org,Female
88988d00-fd06-4764-9568-637787702288,Daveta,Elliot,delliotbl@reverbnation.com,Female
1094ca84-5ea9-400f-892e-9090ffe2db46,Viviene,Mowsdill,vmowsdillbm@purevolume.com,Female
3923e2c5-3f3b-4776-aef5-307367b72e3e,Davita,Eastmead,deastmeadbn@skype.com,Female
515c83f4-38d6-42d0-aada-55f183b45da8,Vail,McSharry,vmcsharrybo@freewebs.com,Male
ad668ced-3610-4d91-b499-df02d7ee3fa1,Michal,Hain,mhainbp@ed.gov,Male
90961c95-9161-4303-a2db-cbd24701a13a,Helga,Beebis,hbeebisbq@360.cn,Female
0f1d2456-f531-42cb-ae0b-18a662601052,Dur,Gheeraert,dgheeraertbr@netscape.com,Male
e558dea0-3e2b-45e1-bdab-80997ff83f66,Joelly,Tuckett,jtuckettbs@yellowbook.com,Female
761b7f68-04f1-4f95-9ca5-66f28dd0a475,Rory,Grossman,rgrossmanbt@springer.com,Female
3c8cae48-36e5-4cd0-bebf-db5913e5cc4e,Kiley,Bracher,kbracherbu@netscape.com,Male
cc78844f-c6aa-47bd-9b52-4b5c7127ce4c,Peadar,Cano,pcanobv@uol.com.br,Male
896a4b81-de01-4044-bf07-756dcfbcd2ae,Jillayne,Arpin,jarpinbw@feedburner.com,Female
02eb30c4-3950-4c76-ab07-988642161f48,Halley,Swaisland,hswaislandbx@huffingtonpost.com,Female
d25cc316-7a74-4207-a46e-1652d1b74ad3,Nolly,Hobden,nhobdenby@goo.ne.jp,Male
74943bbd-14d0-40ab-b2ba-39d8fadcd8e6,Torey,Boken,tbokenbz@auda.org.au,Genderfluid
916b430f-908f-4115-bd5e-550e2f2518ff,Myles,Georg,mgeorgc0@deviantart.com,Male
11482210-4786-4288-91f6-09cd08ff7299,Bernadina,Sievewright,bsievewrightc1@indiatimes.com,Female
754a009c-97b2-4665-a1d0-688975f11d7d,Tracy,De Gregario,tdegregarioc2@nifty.com,Male
d0809b7b-6c8a-4022-8911-2d9176933c45,Haleigh,Yarnley,hyarnleyc3@engadget.com,Female
73663751-05c7-4e1e-90d9-7da7e75901af,Terry,Arbor,tarborc4@instagram.com,Male
b69c035e-36fc-4ec5-8bc0-ace300de9974,Arabela,Giorgeschi,agiorgeschic5@issuu.com,Female
f9cc72f2-0ed3-40cf-9c8a-67f05b89dbe9,Simone,Comins,scominsc6@virginia.edu,Male
7ad2ae58-c5f5-408c-8ad2-b3354a591480,Elston,Ostick,eostickc7@ning.com,Male
a13575f6-66d5-44a2-b4d4-7fa4869389b8,Elnora,Bearman,ebearmanc8@paypal.com,Female
246ce842-733d-43e5-8882-303c00f27400,Ashleigh,Aspray,aasprayc9@wired.com,Female
12ca117a-1152-447b-a8d5-bb90839e6fdb,Scarlet,Lynam,slynamca@1und1.de,Female
0ae51b87-123c-49aa-9cac-4e31804650ea,Alwyn,Finlow,afinlowcb@webnode.com,Male
af51beca-c549-42b3-8a52-dc27a540a5d1,Loria,Lundy,llundycc@facebook.com,Female
0901dfdc-7a0c-48c3-b9da-42cf8e4f7bca,Clemmie,Espada,cespadacd@walmart.com,Male
6bfd92ca-9fcc-4a21-8fd3-b5cd78f48c2a,Federico,Schaffler,fschafflerce@godaddy.com,Male
b379292c-3170-46bc-8d20-843e199900ff,Alexei,Abba,aabbacf@vk.com,Male
46b63c2d-237f-4d24-83d7-5c9adccab584,Malchy,Held,mheldcg@sciencedaily.com,Male
cda8b782-a057-4076-83d5-5d83ce18a9bc,Donnie,Kynan,dkynanch@mozilla.org,Male
b9638546-3a52-42ec-908e-1bbba0860183,Basia,Pietasch,bpietaschci@fema.gov,Genderfluid
dd961f64-1318-405f-8a40-8a2ec41d12e9,Andromache,Thatcher,athatchercj@usgs.gov,Female
a1b65d2c-d365-4716-8064-fb45253260b2,Tallulah,Petters,tpettersck@bbc.co.uk,Genderfluid
6d50eca1-5e02-459b-bad4-0fccd839a6b4,Carina,Trayford,ctrayfordcl@chronoengine.com,Female
297c3a0b-c56d-4c24-b085-60ae3e18768c,Jerry,Hebblewaite,jhebblewaitecm@sphinn.com,Male
80202a14-fb5c-4bed-b0ac-4030661d020e,Salmon,Buer,sbuercn@constantcontact.com,Agender
175398bc-b25d-473d-98e3-cb2fe5162b2c,Marillin,Tricker,mtrickerco@joomla.org,Bigender
981dcd22-af2d-4330-92f5-2755603926fa,Cher,Pitt,cpittcp@yahoo.co.jp,Female
4f756bb9-480f-44bf-b3cf-e3012376836a,Ramon,Kibblewhite,rkibblewhitecq@t.co,Male
c54acdda-f2f2-4df2-ad13-b912c4626f23,Zackariah,Whitebread,zwhitebreadcr@facebook.com,Male
56f41afb-1422-4ce6-bf9d-ceccfb40581d,Cathlene,Hallex,challexcs@parallels.com,Female
ac458709-4c2a-498e-b8ca-e9ff8ebda7d9,Damien,Kleszinski,dkleszinskict@fema.gov,Male
2c5093c9-4226-44ab-9e25-6ce1e14947dd,Creighton,Ditchfield,cditchfieldcu@psu.edu,Non-binary
06e3992f-124c-4d6b-aa6f-30bc56170db3,Sam,Rahill,srahillcv@archive.org,Female
c3b5097d-68b7-46a7-bb50-5f1111334513,Sharla,Fitzroy,sfitzroycw@dailymotion.com,Female
89f4d779-c0fc-4de4-a26f-8d364c62f986,Gloria,Pollett,gpollettcx@prweb.com,Female
c4763a34-cee1-487e-9c2f-1a181c524a5e,Templeton,Myers,tmyerscy@ca.gov,Male
c9cd37a6-1cd0-4e1b-847a-ae9311c647a6,Filbert,Brettoner,fbrettonercz@skyrock.com,Male
40ebf970-b505-4d0a-951b-006450e99448,Natalee,Daborn,ndabornd0@booking.com,Female
3d067c89-ded8-4446-ace5-775222fec016,Neal,MacVagh,nmacvaghd1@pbs.org,Male
c2e7fac0-1999-4008-90d2-db14f561bc61,Toiboid,Throughton,tthroughtond2@go.com,Male
3f281403-b410-4561-831d-fe68be11fd79,Domeniga,Ivermee,divermeed3@example.com,Female
3c6ce8eb-0b28-4949-ae5f-c818c76d57bf,Vasilis,McIlharga,vmcilhargad4@princeton.edu,Genderfluid
55b7cbfc-6be6-4d64-bc99-ec4eb1976e0f,Tripp,Saipy,tsaipyd5@facebook.com,Male
0fa663d0-a704-4b15-aaba-fda8558aec24,Swen,Glassopp,sglassoppd6@privacy.gov.au,Male
a8e1917f-eb42-487e-bb45-3cbbd019fdc1,Mikel,O'Feeney,mofeeneyd7@goo.gl,Male
67bd8e52-3259-4777-b2c5-40fc4b03d254,Chiarra,Dulinty,cdulintyd8@etsy.com,Female
fd3a6ee0-7ba5-4dda-bd36-ddee4e8b1318,Kayle,Hansmann,khansmannd9@wired.com,Female
3a8c74be-a3b2-454f-8866-f982a119e931,Ebeneser,Paik,epaikda@cnbc.com,Male
c0f0cb18-4205-48f9-b360-04fc552fac9e,Bibbie,Saffrin,bsaffrindb@linkedin.com,Female
e16b9e95-41cb-4885-b8f2-81a87555afce,George,Rawles,grawlesdc@guardian.co.uk,Male
5a506187-760b-4580-93aa-a859f95fe9f3,Dorine,Walne,dwalnedd@tripadvisor.com,Female
0f3051ed-6977-4fdb-803d-b47fc1c7f1d7,Lief,Clutten,lcluttende@infoseek.co.jp,Male
49351d31-6473-4ffa-860c-782ff07f33f9,Dilan,Skelding,dskeldingdf@is.gd,Male
43f94769-156a-403c-a40a-a3b1a53cd254,Emmalynn,Jurczyk,ejurczykdg@vkontakte.ru,Female
f9c87254-c31d-4d9a-a8e6-4b5a38d535b5,Roarke,Zollner,rzollnerdh@newsvine.com,Male
c01dd783-b494-430d-b85b-d99387c49c78,Gunar,Micklewright,gmicklewrightdi@ca.gov,Male
1029654e-2b90-44bd-b2f7-0f3ba4971526,Korey,Rapaport,krapaportdj@unblog.fr,Male
8c7a3d88-ed5b-4d50-89a7-3112ee8d5078,Gerard,Jacop,gjacopdk@oaic.gov.au,Male
682bf621-e12a-4ac2-ba33-b2566ba2fd5b,Ulla,Sambedge,usambedgedl@goo.ne.jp,Female
c333fc3a-0c31-4018-88fa-5bf91ddbf895,Celestyn,Tomaszewski,ctomaszewskidm@phoca.cz,Female
4acd8fa7-7138-4ee4-816b-5890aee1d1d3,Deborah,MacDearmaid,dmacdearmaiddn@intel.com,Female
837b5b52-5e83-4a35-b9df-c9809fb202d5,Valentine,Rowena,vrowenado@google.cn,Male
cd55deab-cb3a-4918-a418-5cfdb69b02de,Chandler,Lawden,clawdendp@wix.com,Male
759e0a54-6491-4963-96cb-789c7d36b63b,Rhodia,Rudland,rrudlanddq@parallels.com,Female
4529428b-9f18-4c8a-97a8-81aa61d8ffa7,Ab,Straun,astraundr@comsenz.com,Male
c5e03849-1261-45bc-b567-171f453ae232,Catie,Peachey,cpeacheyds@guardian.co.uk,Female
2b78ae13-fa21-43a6-ac9e-aefecfef9838,Inessa,Sacks,isacksdt@tripadvisor.com,Female
0bfc0e82-8efa-4b39-bee5-4012e703b21d,Manolo,Roxbee,mroxbeedu@bbb.org,Male
8770b5cc-8b34-42be-9233-444300b508fc,Arvin,Oxton,aoxtondv@studiopress.com,Male
7aa89f12-485e-434f-9dc4-298d52505ff1,Henrieta,Laingmaid,hlaingmaiddw@discovery.com,Female
ca7998b9-bf37-4a1d-8483-5afa218273ba,Cordey,Siemianowicz,csiemianowiczdx@rambler.ru,Female
e87878ff-e73a-4f90-bf4f-cf0ca863ffe6,Martica,Sanzio,msanziody@myspace.com,Female
9f97da39-18e7-4756-a986-5c8b8698804c,Julianne,Beneyto,jbeneytodz@lycos.com,Female
a539fda8-f20f-4dee-9ceb-c8a0b2c0b19d,Dara,Sedgemond,dsedgemonde0@wix.com,Female
fbaec3db-5a77-4f3f-848c-a7ee9cdb99ad,Isac,Banyard,ibanyarde1@elpais.com,Male
963157e0-95b4-4ffc-8acf-3a57a611fc9b,Heloise,Dunstone,hdunstonee2@hubpages.com,Female
c833f411-d46d-45e2-a83d-ef72884c0cb2,Alane,Arthey,aartheye3@scribd.com,Female
9f5e24a5-acbe-41e9-8518-61c1a6a2806c,Patty,Laxtonne,plaxtonnee4@so-net.ne.jp,Male
36c8d16a-098a-49fc-8142-8ab36f9ac31b,Fabiano,Crannis,fcrannise5@dropbox.com,Male
4ae2ada1-c192-4e28-9d08-2ddda2a221b5,Gerty,Potebury,gpoteburye6@ucoz.com,Female
1e471c8e-9c73-47c6-a313-8275a529352a,Nona,Yapp,nyappe7@wsj.com,Genderqueer
c0a65731-ce84-4294-a183-7c8508209376,Gonzales,Brodley,gbrodleye8@wisc.edu,Male
8330792d-7b49-4c14-9ff0-2debc99b0da2,Thorvald,Whyley,twhyleye9@yahoo.co.jp,Male
e23c8332-4013-4398-af7d-6827fa89dc85,Julina,Twitchett,jtwitchettea@timesonline.co.uk,Female
6c2a2a62-76ea-4807-bae5-b87f09453d3e,Mil,Ayer,mayereb@symantec.com,Female
f099b4e0-ccbc-4ed9-a31d-c553977965ed,Brant,Bigg,bbiggec@toplist.cz,Male
eb53d2bb-d4f5-476a-8325-d7e7c9d5e3b6,Valeria,Ledington,vledingtoned@goodreads.com,Genderfluid
7435b1ef-3391-445c-932c-a4b35ee1c92f,Kassey,Batrip,kbatripee@umich.edu,Female
6929ee79-bb4d-43b7-a132-c73e0f015e84,Vinson,McParland,vmcparlandef@harvard.edu,Male
137a9235-0eb4-4151-b826-f617d104a3d4,Huntley,Laity,hlaityeg@blinklist.com,Male
2c84ed77-3aaa-41aa-a5ca-389e0858c15c,Brandice,Niccols,bniccolseh@webnode.com,Female
cecee553-7533-4ef9-80af-61e25bc93ea3,Larry,Lenard,llenardei@usatoday.com,Male
8b841ad2-a459-406f-8a7d-8e9d2f016258,Nilson,Paradyce,nparadyceej@cbsnews.com,Male
466c3a60-9c6e-466a-9e6d-0f90126c9de8,Celestina,Klement,cklementek@ucoz.com,Female
2db3292f-0f7b-4f21-bf0e-cb28a4c7a22a,Tabatha,Caswell,tcaswellel@artisteer.com,Female
423fd209-3d7b-49a4-baa8-04877ff6ce00,Sharron,Totton,stottonem@ucoz.ru,Female
8d4e4336-ec37-417a-8727-baba0ce06b4a,Bowie,Dragon,bdragonen@sciencedaily.com,Male
9430a766-e603-48f2-b041-436a8665415b,Alexandro,Benkhe,abenkheeo@rakuten.co.jp,Genderqueer
bbc2cdf8-fd7f-44a5-b381-82631d8f1c20,Anna-diana,Hallam,ahallamep@fda.gov,Female
14db04af-b18f-4b1e-bbad-8ef876ffcbb0,Stanislaus,Kevlin,skevlineq@biblegateway.com,Male
cafdd443-e9ce-4666-b869-e8ecfd06a7f6,Chadd,Pottell,cpotteller@com.com,Male
12efb48a-1a16-4ef3-b105-a6ce284e809b,Maxwell,Drewett,mdrewettes@w3.org,Male
79d8dbb8-15fe-49ae-be9c-e0bf0d4e48b9,Neddy,Leftwich,nleftwichet@time.com,Male
73cde9f9-2c96-4478-8fb6-802f7feee3e1,Arleta,McKeand,amckeandeu@jiathis.com,Female
082a321a-7445-4443-8ffb-afbe7ba1d438,Ferne,Carbine,fcarbineev@dot.gov,Female
f5bad1de-e5c5-4ce7-a9e3-734b2432c1d0,Sigismundo,Tomkiss,stomkissew@techcrunch.com,Male
80e0da27-a05a-4136-ae4c-1d26a6561d0d,Cobb,Gouldeby,cgouldebyex@hatena.ne.jp,Male
a6a73474-e9a9-4582-8198-6613e329951f,Tasha,Ogelsby,togelsbyey@nbcnews.com,Female
d181a1a7-2a9c-4bed-9746-ec39408a8766,Lurleen,Sigward,lsigwardez@ifeng.com,Female
0f34f3ae-d31f-4d01-b019-5480255b43de,Loy,Smallcombe,lsmallcombef0@infoseek.co.jp,Polygender
6a91afa3-9266-4b0d-b2c8-eebbd84d2a22,Livia,Waywell,lwaywellf1@cocolog-nifty.com,Female
610d2306-19c1-414b-bbd4-43ffc8dfa59f,Weider,Brellin,wbrellinf2@blogs.com,Male
7a7fcc74-b175-4385-8e58-a1a42572bd81,Livia,Bissell,lbissellf3@rambler.ru,Female
4692b2da-a12f-4b0e-b74f-e5a6e95f3615,Rutger,Hadwick,rhadwickf4@state.gov,Male
45c2d416-fbab-4771-8c2d-b9c6ce76bb64,Gaston,Jallin,gjallinf5@tinypic.com,Agender
3a3be470-b78d-4e0e-a826-de068a374630,Gaven,Schonfelder,gschonfelderf6@symantec.com,Male
1ebea979-a4d3-4c1e-898c-df08e3be8fca,Rayshell,Niland,rnilandf7@adobe.com,Female
0d037e21-25ce-42b9-a775-e346abeb2963,Sylvester,Flatt,sflattf8@who.int,Male
587016bb-80d4-4447-a830-5cac6387403d,Brandy,Hawley,bhawleyf9@amazon.co.jp,Male
1f139d27-3adb-4d84-8542-602b02e56803,Melina,Cail,mcailfa@bloglines.com,Female
ee8c0c4c-9813-464b-9e76-dc1be636c153,Dougy,Kobera,dkoberafb@google.co.uk,Male
32d79995-7050-4387-be63-a55668410270,Angelo,Hardwin,ahardwinfc@auda.org.au,Male
6a79a5a7-6a01-4aef-9c77-05e136e4c568,Sarette,Obeney,sobeneyfd@go.com,Female
4324e7de-1f4a-4822-91fb-926f9964b074,Reider,Mitchley,rmitchleyfe@bbb.org,Male
a0e13c27-c913-4922-afe0-f233dbea1851,Leigh,Sloss,lslossff@loc.gov,Male
96c9971a-4631-4b64-8428-e7db3445fc39,Essie,Paulus,epaulusfg@simplemachines.org,Female
6ea61b5f-2f57-40bd-b306-57661344474f,Geoffry,Simonyi,gsimonyifh@unicef.org,Male
8837b8a6-5911-410f-8d57-a1cde0ab4993,Pamella,Antonnikov,pantonnikovfi@about.com,Female
ed9558e4-5ac4-4741-b100-3921baab8e5d,Valentino,Philipsson,vphilipssonfj@abc.net.au,Male
8aff29c4-ca3c-409f-b302-88a63d7e6d80,Brandais,Mougin,bmouginfk@mtv.com,Female
101148fb-df86-488b-81dd-8fd5b677b292,Shandy,Lorenzini,slorenzinifl@skyrock.com,Female
62506352-5b8f-4486-83a7-6b681df8048c,Wright,Godlip,wgodlipfm@dot.gov,Male
58bc61bb-dae3-4988-aecd-19f2ea54d496,Lexi,Budik,lbudikfn@addtoany.com,Female
e9978746-6086-41b7-9b53-87bb97fe992a,Stace,Spry,sspryfo@usda.gov,Female
3faee93e-dfa7-4bf6-8093-e5b8578f3c0d,Armand,Danilchik,adanilchikfp@timesonline.co.uk,Male
cd10fd98-193a-4e02-ad5b-55c46d89d5a3,Lela,Giannoni,lgiannonifq@freewebs.com,Genderfluid
4f1a2af5-45ec-47a1-9232-b652a1384a66,Jourdain,Scranney,jscranneyfr@desdev.cn,Male
25169e32-ff45-4ba6-85bb-fd322fdce403,Stace,Robuchon,srobuchonfs@un.org,Female
38c0b38b-7ffb-44db-b53e-782af1cb9bd7,Darbee,Wiburn,dwiburnft@t-online.de,Male
75a4907e-e9c6-417c-b216-0e96cde75a9f,Jewell,Melbourn,jmelbournfu@bloomberg.com,Female
1d20f111-6c26-4b5f-b6bd-4ff7aa49ff02,Penelopa,Kopfen,pkopfenfv@marriott.com,Female
a9aa2060-57ba-4c77-bcd2-378c431e43a4,Darnell,MacParlan,dmacparlanfw@webmd.com,Male
7d6e1678-424c-437b-b9c0-58e98d0e02f4,Frayda,Piddle,fpiddlefx@netvibes.com,Female
1e2ae39b-bee3-43ec-8b97-11a020d01b11,Glen,Knocker,gknockerfy@delicious.com,Agender
df637f09-3966-4ba3-a737-e282e6b49516,Maureen,Wheldon,mwheldonfz@pen.io,Female
c2b14beb-cee7-4505-9dd3-d71ce5e63585,Stefa,Salery,ssaleryg0@amazon.com,Female
9925c823-3dc4-4a5e-84d0-7e4238cea195,Aloisia,Yakunikov,ayakunikovg1@ca.gov,Agender
82df2014-453d-4262-bc1a-9037fe10a683,Josi,Cudiff,jcudiffg2@artisteer.com,Female
f01689af-f26e-480b-814f-0eb2513d4f1d,Aurora,O' Byrne,aobyrneg3@ft.com,Female
632382ac-5e53-45a7-b7ff-011d0dcb602e,Gunner,Howden,ghowdeng4@cnbc.com,Male
4e6f2b15-9cd0-4ba8-841e-263dd2413f6d,Katina,Lumsdall,klumsdallg5@mail.ru,Agender
376a74fa-d753-43ce-a5c0-dcbef1fc2735,Kelcie,Isitt,kisittg6@dell.com,Agender
92524447-4d70-4925-bc62-3ba1f35f5445,Gery,Giddy,ggiddyg7@samsung.com,Male
a7e675f1-0f47-4eab-b6fe-4b3c22204bc7,Desi,Menelaws,dmenelawsg8@pbs.org,Male
56f2c375-654c-454a-b615-4d6675ae4c19,Colby,Haack,chaackg9@netlog.com,Male
8db65126-a634-4d15-9c34-3375ea3b3019,Erasmus,Meysham,emeyshamga@eventbrite.com,Male
5f7933b1-2c7a-4f2c-beb8-7f2f91b6ae32,Marin,Kedie,mkediegb@businesswire.com,Female
305be95f-36a6-4091-b554-85505e247cfd,Vasilis,Pattullo,vpattullogc@msu.edu,Male
0194ff60-3c62-4c4e-98a6-2b0024a76fc1,Kingsly,Pitherick,kpitherickgd@so-net.ne.jp,Non-binary
7de8eb8c-2a40-4037-b49b-ab564e99fe9b,Jaime,Sivess,jsivessge@simplemachines.org,Male
ced7a2f1-0631-4816-a5a2-32afd0417acc,Lisette,Bourthouloume,lbourthouloumegf@merriam-webster.com,Female
de21c6e4-631a-4bf2-bff5-21380e7b859c,Grantley,Welfare,gwelfaregg@usa.gov,Male
738bb2cc-4cec-4add-8c16-4379d40de646,Casar,Blei,cbleigh@com.com,Male
4dce2c40-bc07-4fd0-84cd-a05ca832df1c,Alisander,Gladdis,agladdisgi@constantcontact.com,Male
2ef1e7c9-15e2-427d-bbc5-b4e2ff5bc315,Bear,Hyland,bhylandgj@comcast.net,Male
48494025-0841-4e17-905e-0dbe5dd20991,Meredeth,Milnthorpe,mmilnthorpegk@123-reg.co.uk,Male
7ca462ac-1034-497a-91bf-7ba4b9114d57,Lane,McReath,lmcreathgl@harvard.edu,Female
abdd1a98-c80a-4217-8189-a7c47e0af1e8,Court,Ruscoe,cruscoegm@ted.com,Male
07d771bb-3606-4277-a8ff-85840d24acdf,Avery,Whenham,awhenhamgn@skyrock.com,Male
bd6a73fb-7b85-4e6f-beda-10eff8208531,Bendix,McLenaghan,bmclenaghango@columbia.edu,Male
9dec5dc9-ef6c-4f4f-8248-b8644d18db02,Dacie,Eadmeades,deadmeadesgp@last.fm,Female
b2754d81-47b2-451e-aa90-f655284a219f,Ximenez,Mellsop,xmellsopgq@aboutads.info,Male
d0ef119d-7a9e-46f0-ad88-f637cbc80923,Tadeo,Kohnemann,tkohnemanngr@etsy.com,Male
764d19e7-b5c9-4026-8389-058216cd4b87,Rayner,Roelofsen,rroelofsengs@constantcontact.com,Male
704063b9-c3ae-4c7c-bd43-2be86246cf9a,Gardy,Eatttok,geatttokgt@icio.us,Polygender
1995ddcb-592e-4bed-a423-5023c9e0bdbd,Walden,Underdown,wunderdowngu@geocities.com,Male
aad0b199-1063-4181-a637-5cd4a6cbcd44,Rowan,Shackle,rshacklegv@seattletimes.com,Male
c24f67b0-3f64-4121-81fb-e3e53ef59b77,Borden,Falconbridge,bfalconbridgegw@yolasite.com,Male
9ec7c3d2-fa4b-4d43-9ddc-ac62b8dc8dc0,Trevar,Clemintoni,tclemintonigx@ameblo.jp,Male
3076721b-5311-4a3f-be1e-9849624f235e,Erinna,Tapp,etappgy@shinystat.com,Non-binary
6256e0e9-91f8-4c2f-99cd-0c6d8dbccdf9,Gottfried,Prophet,gprophetgz@over-blog.com,Male
2a6fd063-ba49-4ebb-b7c7-104948ed963d,Ivar,Burwood,iburwoodh0@photobucket.com,Male
eade564e-fa3a-4496-8cb6-fdd41323bdf3,Riordan,Long,rlongh1@buzzfeed.com,Male
935ceb68-0e4f-4479-857d-4ddf1f9a7add,Phineas,Pettet,ppetteth2@a8.net,Male
e39891cd-cd3a-4ea1-a834-0378a3bc9964,Xena,Fassum,xfassumh3@prnewswire.com,Female
edc7bf67-8f14-4213-92c7-357141ebf36e,Lorene,Dachey,ldacheyh4@slate.com,Female
a8225cf0-22d4-48a7-ae6b-6213fc4a7169,Marie-ann,Peddie,mpeddieh5@amazon.co.uk,Female
09c88010-ba81-4ba8-a335-59d5f5630d99,Sadie,Bussy,sbussyh6@scientificamerican.com,Female
a443ebc4-1bcf-4773-8b39-4f99074d4d45,Friedrich,Hilley,fhilleyh7@multiply.com,Male
38a74cfe-8602-4d1e-8dcc-4bf306d0efaa,Russell,Cossor,rcossorh8@unesco.org,Male
beb5a718-8fab-43bc-9fac-97e83ee7e40d,Deonne,Lomax,dlomaxh9@japanpost.jp,Female
2917ebdb-1490-42e0-87f5-db7782bedfae,Forster,Olivo,folivoha@google.com.hk,Male
bd7cbb97-cc84-4573-9ab7-a153bc61282d,Illa,Halliberton,ihallibertonhb@springer.com,Non-binary
9c9d3a4a-e54c-407c-94fb-ac3457773762,Pamelina,Boken,pbokenhc@cbsnews.com,Non-binary
2f3083cf-350f-443e-b852-91f9cb5b1016,Hilarius,Casarino,hcasarinohd@amazon.de,Genderqueer
233107ca-5aa3-4254-9ef9-7a41b0879261,Avrit,Rogge,aroggehe@geocities.com,Genderfluid
d5a19fa4-6aa9-4581-9ba6-5870f289cd08,Martin,Crellim,mcrellimhf@deviantart.com,Male
512ac3b5-1ec7-4159-a6ae-de16ef66d724,Daria,Skeleton,dskeletonhg@baidu.com,Female
296d805e-37ea-452d-bc6f-5432f4e22b2d,Bone,Stourton,bstourtonhh@narod.ru,Male
2387f4d2-83c2-4e31-b20a-873e0ac7a91a,Traci,Fulker,tfulkerhi@fc2.com,Female
43a6bd63-7193-418b-8073-3f0910d05f80,Elinore,Grenshiels,egrenshielshj@aboutads.info,Female
dee7d8a6-4741-4cec-a867-37835f5d097c,Buck,Treagust,btreagusthk@cdbaby.com,Male
cab2ff41-2657-4937-9b17-b6b738a0534d,Malina,Muschette,mmuschettehl@xrea.com,Female
313ed3a3-6990-4c94-8485-0371d0a724b0,Gaby,Gresswood,ggresswoodhm@storify.com,Female
2e6cc190-9ab7-431a-85d3-1a36351d28d5,Lura,Stookes,lstookeshn@virginia.edu,Female
f6dc8330-a851-4951-9681-111aba8ac695,Agnella,Frudd,afruddho@loc.gov,Female
bc0b153a-734e-4ff8-bd65-e314ef8dcb4b,Aubine,Ranby,aranbyhp@intel.com,Genderqueer
f646536d-5bc8-4bd0-9d53-b0b919548007,Shirl,Berthelet,sberthelethq@nsw.gov.au,Female
bb4d40a2-8224-495b-ac96-74cdfb944828,Korrie,Lente,klentehr@fda.gov,Polygender
00d3c2e6-c0e4-4df4-9d30-8877bba0ddac,Daveen,Huckstepp,dhuckstepphs@parallels.com,Female
b5287f08-f533-4d02-acaf-adb2d6fd4cf4,Stevy,Popple,spoppleht@seattletimes.com,Male
e101b814-43f7-4833-90fd-cb060294330b,Rubina,Minshull,rminshullhu@com.com,Female
4848f983-6d98-4386-a396-703e7348fa2b,Pasquale,Dangl,pdanglhv@jugem.jp,Male
789b9a21-2cb5-4c26-becc-0edd27ae950c,Tabbie,Bread,tbreadhw@google.es,Female
9a01c175-b549-497a-ab43-5443944d1fd8,Zacharia,Bembridge,zbembridgehx@quantcast.com,Male
145ecf1d-f49a-470a-a9c9-d1061d1e1eb1,Carole,Gierardi,cgierardihy@eventbrite.com,Female
18194456-e685-4c4a-b4d8-c9d3289685b7,Maddi,Grinter,mgrinterhz@squidoo.com,Female
7b509aae-9ad5-4ad1-8184-84524009ea3d,Adolphe,Wilber,awilberi0@last.fm,Male
fe426aba-e861-46d5-8a6d-655f086435bc,Wilhelm,Gravener,wgraveneri1@slideshare.net,Male
c8bf4a40-8cc0-4ff8-b478-3e202462b5e2,Percy,Fryd,pfrydi2@huffingtonpost.com,Male
7184b937-b192-47c0-a42d-4fe36941cfef,Trevar,Yaknov,tyaknovi3@npr.org,Male
5e2293c0-593f-4ddf-b68d-642ce5316da5,Hedwig,Vannet,hvanneti4@senate.gov,Female
c1d09aa6-d451-4903-900c-f9dc7a896061,Mel,Finlow,mfinlowi5@ezinearticles.com,Male
c43b221b-f42d-4aff-aa85-491ae912c36d,Zitella,Swainston,zswainstoni6@indiatimes.com,Female
a358a3b8-1c26-4ce1-9c43-1ce2339551c1,Alyce,Stolze,astolzei7@phoca.cz,Female
0d973f2e-a1df-4286-ba70-f49c96325014,Gerry,Hardage,ghardagei8@oaic.gov.au,Female
314914c1-d7a5-4678-a743-663c5ef5a997,Cordell,Alcide,calcidei9@google.com,Male
668341a4-c72d-4f47-b80b-085a7910d273,Burr,Culleford,bcullefordia@prweb.com,Agender
665fe12d-ab45-440a-b38e-04bd678179e8,Adamo,Mansel,amanselib@eventbrite.com,Male
9edb7ba6-1cca-4a93-9791-bb34ec804ace,Jerrie,Marston,jmarstonic@hp.com,Male
7d9aa9f5-9d79-4dba-873c-e7e0fdafafab,Olav,Pallasch,opallaschid@cam.ac.uk,Male
02d4c523-5e24-4434-8ca7-6c6f387b9823,Georgette,Blomfield,gblomfieldie@smh.com.au,Female
3cf30ceb-56d5-4712-8c7d-2556b36de0f2,Marilin,Mico,mmicoif@github.io,Female
45044cb5-3258-4cf5-85f8-0444cd762267,Jo ann,Barnish,jbarnishig@newyorker.com,Female
b6427788-54fa-475c-9e00-e1f5338d6a9a,Cletus,Marrison,cmarrisonih@cargocollective.com,Male
722dab0d-6405-4621-addf-311038bcfe00,Sayre,Millhill,smillhillii@tripod.com,Female
253cbf4d-5227-470b-b9dc-7cf818c53e6c,Barrie,McKevin,bmckevinij@netvibes.com,Male
88819006-1ac7-4dfb-86a5-eaec3b09e5b1,Gaven,Skerrett,gskerrettik@vimeo.com,Male
2f8f89fe-0f4f-45cf-a376-6b81998cc4f1,Kathrine,Masterson,kmastersonil@shutterfly.com,Polygender
f0a1ff17-5a3c-45cc-a338-b055dd67cbb2,Rivi,Dael,rdaelim@bluehost.com,Female
9834265e-27bf-41a5-99ae-9c90fa253600,Cindra,Theodore,ctheodorein@psu.edu,Female
605da9f0-6b2e-4622-80ee-1aada62d783c,Damiano,Baldry,dbaldryio@symantec.com,Male
886e39b6-b00e-41d9-b24a-ceb248eb0923,Rancell,Sanpher,rsanpherip@wikia.com,Male
db23dbee-3486-4812-ab56-0427ed572ecd,Dion,Podbury,dpodburyiq@google.com.hk,Male
c711c126-ffea-43a8-983b-56e082964f84,Penrod,Oventon,poventonir@constantcontact.com,Male
70e681fc-368c-4a32-9a12-ce5543a871fd,Friedrich,Plaistowe,fplaistoweis@who.int,Male
5c10c677-9ee9-481d-99a0-36b162e5f65f,Berti,Connachan,bconnachanit@moonfruit.com,Male
871ef87b-eb2e-436c-bf63-d60974dcf017,Bernadine,Jessel,bjesseliu@reuters.com,Female
cf514f25-9e6c-45c8-9136-dc6bb837ee8a,Kearney,Blindermann,kblindermanniv@vinaora.com,Male
60d9762f-2bcc-4549-bc69-8651635e352d,Nelli,Barnewall,nbarnewalliw@google.fr,Female
72c3262a-3d6b-4704-af5e-036dd61f7d3d,Anabella,Sickamore,asickamoreix@dion.ne.jp,Female
6531243b-8b21-4a6b-8ae5-8efe5c7c3e4b,Parrnell,Kyteley,pkyteleyiy@pcworld.com,Male
b8544111-b06f-4eca-9954-af87d2eb6bd6,Jasun,Lidgey,jlidgeyiz@netlog.com,Male
0b3415b4-4956-4319-97ef-4780d98a22ff,Giovanni,Milverton,gmilvertonj0@cdbaby.com,Male
e072741c-1f78-41c9-8dcf-f5c43f1b4ed5,Bronnie,Pennington,bpenningtonj1@utexas.edu,Male
b901393d-3192-4e68-af74-487e7941e702,Camila,Widdicombe,cwiddicombej2@cisco.com,Female
0debc39b-ae6c-4bba-88ef-10f75fd3e6ff,Angus,Whitnell,awhitnellj3@macromedia.com,Male
185d6bca-cc4b-41a0-9634-f669cac99ebb,Aubrie,Dallosso,adallossoj4@examiner.com,Female
44cf904e-330d-480b-9855-ea4355f3c2e8,Quintus,Burgoin,qburgoinj5@salon.com,Male
4f7d24ed-95f1-4483-a45f-fce6971646ce,Torey,Worvell,tworvellj6@huffingtonpost.com,Agender
9d0d873d-9594-4c67-a0ef-5c9a9336ea42,Jamima,Conybear,jconybearj7@bigcartel.com,Female
379095d2-afa9-4ef8-b63f-101f183d5b31,Rita,Mathiassen,rmathiassenj8@stumbleupon.com,Female
ccd44627-2e24-4f8a-b595-3e9fc7bdca95,Roosevelt,Hodgins,rhodginsj9@studiopress.com,Male
bdef7d9e-8711-4300-bcf8-5c09d842b2bc,Tucker,Posvner,tposvnerja@amazon.com,Male
bd84256b-5b36-4639-9325-63dfffa962f6,Marion,Simson,msimsonjb@ted.com,Male
794d2aa3-d101-4677-b6e5-788c0497db0f,Saunderson,Aishford,saishfordjc@wunderground.com,Male
3990defd-2b5b-48aa-ab1a-e8eed655d847,Jerri,Teather,jteatherjd@virginia.edu,Agender
8005e500-58be-40f5-b057-83ecd66dfe53,Ross,Chark,rcharkje@epa.gov,Male
6756db57-7007-4624-9370-7e603fc4822c,Dag,Larderot,dlarderotjf@odnoklassniki.ru,Male
79e144bb-6e48-48c4-bcac-f034a56f262f,Coleen,Guyton,cguytonjg@ycombinator.com,Female
9f1ade66-4cc3-4039-b17a-64a5fe7b8c0b,Jacques,Kloser,jkloserjh@ovh.net,Male
9b17d825-3991-49b8-9d03-e45a8721635c,Curcio,Fechnie,cfechnieji@pen.io,Male
f208d59e-e6ca-48e8-a8d9-9851a6092e17,Heather,Tomadoni,htomadonijj@addthis.com,Female
3a41e742-9469-4fd6-af3f-7b0e6216884f,Kippie,Fellgett,kfellgettjk@mayoclinic.com,Female
4aee11ed-fdcd-4915-9ecc-86c06fd55fae,Noell,Beckers,nbeckersjl@list-manage.com,Female
27253aea-a29f-40d9-bbbc-022004c5e61f,Mariele,Pomphrett,mpomphrettjm@salon.com,Genderfluid
1f869477-d0a5-4099-b22f-386b35c8af27,Sydelle,Jerrom,sjerromjn@themeforest.net,Female
c2314008-83ab-43ce-ac1b-1ffb05194e9e,Deedee,Farebrother,dfarebrotherjo@about.com,Female
1e1743c4-405c-43a3-9174-9a96040f15ff,Michaella,MacScherie,mmacscheriejp@eepurl.com,Female
2b69825a-6a50-4706-9cf6-55407e84c693,Gradey,Alfonsetto,galfonsettojq@bigcartel.com,Male
3f95a376-492c-4b1d-bc02-7be7c4e4ca9c,Sapphira,Peers,speersjr@chronoengine.com,Female
1bef3f57-7c10-4c8e-a567-1425d55342b0,Karyl,Catteroll,kcatterolljs@jiathis.com,Female
39c4216c-0785-4ad3-8898-1f222b2cdf94,Sinclair,Mandeville,smandevillejt@blogger.com,Male
4f843603-2c14-4a30-a40e-0e3c78f6d9d7,Carry,McKinna,cmckinnaju@i2i.jp,Female
db3a7306-41e2-4b91-b8d0-51784f797ec3,Janean,Verlinde,jverlindejv@slideshare.net,Female
8a86b4c2-5966-4aab-886a-b9de9627e629,Ragnar,Jane,rjanejw@elegantthemes.com,Male
cdc7a3e6-a0ca-4f3c-9a7a-ee50dde81553,Olenolin,Harpin,oharpinjx@microsoft.com,Male
21aceaeb-70a8-4a3d-bcb6-ff9e6707bcbb,Zuzana,Flemyng,zflemyngjy@de.vu,Female
e44de80a-1d40-4177-b921-b2352fdde017,Leslie,MacPaden,lmacpadenjz@pagesperso-orange.fr,Male
01ba81d7-11ca-43a3-9189-bd458450000e,Deonne,Cartwight,dcartwightk0@csmonitor.com,Female
c0e24439-00e1-475e-be53-2941cb64587a,Harry,Rough,hroughk1@lycos.com,Male
f62daa4a-c189-4e7e-87a2-26314a4bef22,Emmett,Ciciari,eciciarik2@github.io,Male
e6e49475-41e7-4144-9ea6-baad7f3069ef,Elysia,Habbes,ehabbesk3@altervista.org,Female
9829c0f4-7884-4cb0-ba47-f8112d89c10f,Camille,Petriello,cpetriellok4@kickstarter.com,Female
0b9ad770-1189-438a-81e5-c6c9cde0d7ec,Jorgan,Aylesbury,jaylesburyk5@smh.com.au,Male
331266f6-c76f-46e3-8475-48a9be7b7886,Raff,O'Monahan,romonahank6@instagram.com,Male
f41c339a-75a2-4bb0-9bf6-18cf033a21ea,Baron,Horribine,bhorribinek7@phpbb.com,Polygender
e47717d2-1eee-42d6-89f0-3f76325013dd,Alvinia,Sultana,asultanak8@mapquest.com,Female
a4959d3c-9151-43c8-81fd-940b0f31e999,Nero,Rickersey,nrickerseyk9@jiathis.com,Male
4bc4989d-cd94-4a59-95b4-a842b11bd768,Gib,Baird,gbairdka@hhs.gov,Male
54520241-090c-428c-bac7-0b49b711a494,Horst,Bletsor,hbletsorkb@nydailynews.com,Male
25a6be25-d2a1-4afc-9318-a2dd4d5e6b94,Drona,Wishkar,dwishkarkc@sun.com,Female
02c7c64b-3554-47bd-9617-aa46eb96293a,Nikolaus,Tart,ntartkd@homestead.com,Male
38314092-50aa-41bc-8966-1b94afa95834,Griff,Filer,gfilerke@booking.com,Male
dc37b139-ae54-4cd5-b27c-9a5e9cfc615c,Bradley,Mouland,bmoulandkf@surveymonkey.com,Male
5152a592-1751-4250-b428-aeb2f4f83ee6,Eydie,Spera,esperakg@pagesperso-orange.fr,Female
16d6db99-e7a7-4967-b5b4-f2326a452cf1,Bliss,Mahony,bmahonykh@ft.com,Female
c60e7a25-baf6-4366-a4cb-a9f87c3ef94c,Aubert,Sunock,asunockki@reddit.com,Male
6687617f-5851-47d9-8493-c2a369044a11,Meta,Weerdenburg,mweerdenburgkj@google.com.au,Female
a8c7774c-b4af-4424-b6d6-90472f1c825c,Jessa,Ingray,jingraykk@deviantart.com,Female
94eba7ec-190c-433e-96bc-bb302dae3462,Corrine,Philpault,cphilpaultkl@infoseek.co.jp,Female
2775b619-67b6-414e-8770-6f6a14002a3c,Pattie,Simmen,psimmenkm@unicef.org,Female
228bc4e8-48f5-4a52-9754-60edee7f2305,Mylo,Hanny,mhannykn@furl.net,Male
6f7b0d5b-60f2-4d19-8c62-53f8e29975ab,Jobye,Carr,jcarrko@aol.com,Female
46b0fd90-57fb-4cec-9d45-e36c1de16690,Goldia,Haryngton,gharyngtonkp@ed.gov,Female
96a9a028-f198-4672-8dcc-1629ecac3dde,Brittaney,Kleinmann,bkleinmannkq@sogou.com,Polygender
7d7bbd23-cc9c-46e3-bab7-fe67f0239a30,Toby,Kidney,tkidneykr@ucoz.com,Male
6cc67b28-58d6-462c-be7f-dd2699db4cf2,Giacobo,Sephton,gsephtonks@economist.com,Male
dc2811c4-79d9-4368-8de8-5eed25868475,Averill,Doleman,adolemankt@accuweather.com,Male
407a8b9f-9403-47cd-bf8c-b63010494e89,Marinna,Hankin,mhankinku@t.co,Female
c3f9016f-77d6-4278-a9d3-1fadaf943df1,Madelon,McCard,mmccardkv@techcrunch.com,Agender
33c53252-e4ea-477d-9f66-4beeff7385fb,Alla,Burtt,aburttkw@google.ru,Polygender
96b29569-1451-4e94-897c-eb7aa35d7e39,Stirling,Louys,slouyskx@facebook.com,Male
9a577430-6450-4b55-a882-0d053b9a53a6,Minna,Poulglais,mpoulglaisky@people.com.cn,Female
bff13d55-67b3-4a67-9c68-a92d84a3836c,Pebrook,Dovington,pdovingtonkz@techcrunch.com,Male
8518fe58-8b2d-4d27-9e94-3e5137fe0af1,Theodor,Kimble,tkimblel0@mac.com,Male
20bdcd0b-2487-4515-b918-0e97d97bf50f,Marjory,Mansford,mmansfordl1@sfgate.com,Female
1e0712e2-4642-4995-af27-2ce38d8ba3a3,Sawyere,Calbert,scalbertl2@histats.com,Male
aa8659d9-67a8-4b52-9436-74efae6c36c6,Ruthann,Comini,rcominil3@51.la,Female
c50d5dc3-93fc-4568-9fb3-dff17c92b18f,Sadella,Fraschetti,sfraschettil4@about.me,Female
8257da09-75f8-460d-a161-196b9d1db030,Terese,Laimable,tlaimablel5@bizjournals.com,Female
3456ba31-1945-4118-8c06-af6f6b8a9f67,Yvon,Breed,ybreedl6@arstechnica.com,Male
2ad57d48-dc83-4768-a99c-7fd253a91559,Terrance,Pencot,tpencotl7@theatlantic.com,Male
be79a1b6-99d6-47e2-b407-02d6404354e4,Camille,Artindale,cartindalel8@weebly.com,Female
6544630c-d230-42ef-b0b3-c482558eeebd,Collette,Patterson,cpattersonl9@barnesandnoble.com,Female
4efad718-8311-480c-8225-a6cff22bdaf1,Ambrosius,Veschambes,aveschambesla@mlb.com,Male
79f74a07-0254-4dfa-92d7-fb121103045a,Jozef,Emsden,jemsdenlb@symantec.com,Male
7c5a4870-bf46-433e-97dd-6e36054d56f3,Evangelia,Bansal,ebansallc@hud.gov,Female
32d3c1f2-883f-4cb9-be68-44345d9f18f7,Townsend,Ferraresi,tferraresild@zimbio.com,Male
8d4ebc3f-6ecc-4a50-a478-44d97b6677ff,Mandel,Ray,mrayle@blogger.com,Male
64c96c70-4e9b-405e-b6b9-5abd57e8ac0d,Darline,Reynalds,dreynaldslf@huffingtonpost.com,Female
5695483d-df89-4884-9ea4-43461695b81a,Petrina,Moroney,pmoroneylg@weebly.com,Female
72be67b3-bd19-4003-ba50-4ee3719d8517,Nathanial,Readings,nreadingslh@berkeley.edu,Male
7c09155e-7c2a-419c-8d7b-ea53315aad9d,Hanan,Olenichev,holenichevli@mozilla.org,Male
9dc94ab3-487b-4196-93c7-9ee25ea2e2d2,Reynold,Aslie,raslielj@techcrunch.com,Male
eb0aaad7-0936-4d65-bcf2-352dca9eccd0,Ralf,Hendrich,rhendrichlk@networksolutions.com,Male
38301b31-bf51-4f9f-b72f-b8943e8c0906,Brocky,MacGahey,bmacgaheyll@sakura.ne.jp,Male
3c6d55c6-dc6d-4a82-81af-7390e3be484c,Jessamine,Younge,jyoungelm@ask.com,Female
c34e19e2-9e66-4eca-9dd9-977d002b8ac7,Gerry,Grieger,ggriegerln@indiatimes.com,Male
d462ee4d-d2aa-4732-9d93-28805bdace47,Cristal,Denisyev,cdenisyevlo@woothemes.com,Female
c1f6ba28-97b8-4143-9c9e-b5c23d954b45,Erina,Breydin,ebreydinlp@auda.org.au,Female
e3e09a5b-544d-49ae-b8b6-fc16e7b62c5b,Jodee,Wimpress,jwimpresslq@hibu.com,Female
14466a2c-ec18-404f-8a15-0a982df65909,Pietro,Tomkys,ptomkyslr@skyrock.com,Male
88234ea1-1546-4828-ac23-25fbec0b39d8,Shelden,Blanche,sblanchels@pinterest.com,Male
22d211e3-8bdc-470e-a9ef-7fb8737b848a,Mickie,Amy,mamylt@phoca.cz,Female
6604f4b2-ebb4-4be2-a2c5-d7719f31dd1b,Susette,Torregiani,storregianilu@dot.gov,Female
dda00e41-c9d0-4889-a2ed-714e1bce22f8,Oona,Lannon,olannonlv@eepurl.com,Female
5e377a78-7885-4fa3-9d9d-0303ed371954,Frannie,Simnett,fsimnettlw@elegantthemes.com,Female
05b4d187-2e43-48a3-827d-3c9c11a74848,Lina,Fantini,lfantinilx@livejournal.com,Agender
1fa7c8fc-42b9-4294-8e66-c707290d6584,Timmy,Heavy,theavyly@slate.com,Male
a844283d-52f1-43d0-8c9c-2e3c6050b9ca,Mariska,Coon,mcoonlz@techcrunch.com,Female
53fdf433-e2d4-4cfc-a900-4ae4812cea33,Liva,Newiss,lnewissm0@liveinternet.ru,Female
eba86a9c-1480-43d2-835d-6ee7ae3b4669,Ludvig,Cromie,lcromiem1@homestead.com,Genderqueer
68e19de7-61d9-42a5-991b-2317ca329f09,Dorthy,Swancock,dswancockm2@nifty.com,Female
3fecc913-5883-4045-89ad-3e2941839ba6,Fletch,Watson-Brown,fwatsonbrownm3@state.gov,Male
b39836e5-15d9-4e95-a670-8521d62955cd,Birch,Dorrian,bdorrianm4@webeden.co.uk,Male
34dd11c3-1a53-4e26-aaa4-99afd7729a40,Skippie,Umbert,sumbertm5@mapquest.com,Male
69c2afa9-956d-46d2-a19b-8b7eac2397e9,Jania,Beddow,jbeddowm6@oaic.gov.au,Non-binary
e5cb5f5e-c5a8-41b7-9485-6651f33ce853,Merwin,Keneleyside,mkeneleysidem7@liveinternet.ru,Male
5f33dd8f-9ebf-4638-b707-1cb59ad9f698,Giustino,Rosthorn,grosthornm8@bloomberg.com,Non-binary
96c085cd-3cfb-40cd-b9cf-7b86859fa38b,Ynes,Balazs,ybalazsm9@icq.com,Female
06a7a6d2-15b5-49cf-a073-82ea0ebfb189,Lila,Becke,lbeckema@bloglines.com,Female
70aeda9b-d43a-43ef-82e5-901b7930743f,Darn,Maccari,dmaccarimb@photobucket.com,Male
cd2a04bd-d6a5-47d0-ae89-a2dfdff54d75,Rayna,Revett,rrevettmc@craigslist.org,Female
51223fba-3128-4d41-91a8-f8428824d5df,Gena,Verlinden,gverlindenmd@mit.edu,Bigender
be2f1e09-c217-43dc-a4a7-1e4c9c22f195,Coreen,Whellams,cwhellamsme@umich.edu,Female
1267379f-a019-4ddf-8539-b518d1304127,Odilia,Derry,oderrymf@nymag.com,Female
b4304da4-635c-4b2b-91b4-26e26df8812d,Bernice,McAvey,bmcaveymg@about.com,Female
74b42775-c597-4a2f-bc0b-ffc6bb1f68f4,Amata,Dooman,adoomanmh@surveymonkey.com,Female
81251311-e5a0-475a-a8e7-03d643d18be4,Jordain,Barclay,jbarclaymi@msu.edu,Female
7cc457e6-7216-4dc5-8b4c-5c7dd48a96fc,Had,Foy,hfoymj@zimbio.com,Non-binary
2c3f1f8c-d28f-4268-b401-694e0c269f76,Roman,Blodgett,rblodgettmk@gnu.org,Male
061d7e10-2eb1-45f8-953c-c97dc57a2b4c,Benjamin,Heasman,bheasmanml@columbia.edu,Male
df56fc12-8344-459f-a7fe-6d39f78031eb,Brucie,Alvarado,balvaradomm@msn.com,Male
d5cfe1b8-5e33-49ba-a2bf-14efd7afbca2,Tanner,Bothen,tbothenmn@joomla.org,Male
b79994cb-e5a9-44a5-86b3-bbe54e2f1609,Monika,Pedwell,mpedwellmo@tmall.com,Female
743ff87e-a50b-4950-a757-d44c04aa05f7,Dionisio,Breitling,dbreitlingmp@skyrock.com,Male
b6165eaa-5478-4b38-aa8a-5730c4502a1a,Lu,Gofford,lgoffordmq@sourceforge.net,Female
30f52656-6423-4e72-93fc-11f6391b481d,Blane,Hartland,bhartlandmr@unesco.org,Male
e0a949da-8bdc-4976-8520-a2a4ce97e281,Henka,Dubock,hdubockms@google.ru,Female
c09dbaad-4dd5-4c4b-b4b4-56b3abb2b853,Flem,Dallender,fdallendermt@vinaora.com,Male
4cde8943-a420-456c-b0db-bead8d30f1fa,Goran,Attride,gattridemu@auda.org.au,Male
9c5c86da-504e-4c35-8ffc-f2a8dcfe85ae,Marvin,Colliver,mcollivermv@psu.edu,Male
8fce7272-bf47-4f91-aad0-9d981871cc3f,Malinde,Chang,mchangmw@ning.com,Female
ddf659fc-d11a-4c66-82a4-a84a901f4966,Yvonne,Cours,ycoursmx@zimbio.com,Female
dec06df9-6f09-4ff4-8815-e010d1139d7d,Brendan,Dallywater,bdallywatermy@google.nl,Male
380ee3e9-83ff-4d8f-a6b1-dec811b4c17e,Bartel,Anfonsi,banfonsimz@samsung.com,Male
e99aa9ae-1623-4a57-8583-b5390dd7f297,Florry,Seeds,fseedsn0@techcrunch.com,Female
fe0c76ed-1baa-4aac-a13e-e2039a2e5a71,Dallon,Stapleford,dstaplefordn1@aol.com,Male
8f1d86e7-c69c-4924-a31b-1fe248cbea40,Neill,Smallbone,nsmallbonen2@furl.net,Male
9106de10-9ae8-429c-889c-1f8997633b2c,Merridie,Smart,msmartn3@techcrunch.com,Female
a56c53f0-1e55-4b49-a28c-cb834214cfe4,Vail,Whybray,vwhybrayn4@github.io,Male
782da335-0696-49c4-919d-e13ff366ab52,Marchall,Pennone,mpennonen5@chicagotribune.com,Male
0304179f-1cda-4a6a-ad46-664aaecc22b1,Uri,Tenbrug,utenbrugn6@miitbeian.gov.cn,Male
53151000-ec99-4622-9b0e-2bd4e5601b1d,Orin,Tuting,otutingn7@netlog.com,Male
965e0f06-1992-4f46-953a-18a7d1e7de3c,Jobina,Duley,jduleyn8@ucla.edu,Bigender
e13586a2-0998-4c49-abb8-9069c2d9157c,Morton,Bradmore,mbradmoren9@wufoo.com,Male
a96c4853-6ef3-4307-83fb-8fa8d526f662,Eal,Vanderplas,evanderplasna@reference.com,Male
38bddcfd-b4f9-416d-ac04-dd473c2468e0,Marne,Patsall,mpatsallnb@examiner.com,Female
bd005b92-aaf8-41ca-b13c-a8279a8406d5,Margery,Pellissier,mpellissiernc@adobe.com,Female
708681ed-0446-4d47-84dc-dbf9d05aebaf,Antonino,Kedie,akediend@domainmarket.com,Male
95bfb76a-8209-457b-a0f7-aed507f2baed,Jobi,Baddow,jbaddowne@topsy.com,Female
42195329-8a9b-4061-9501-d51502f7ea46,Sawyere,Lashmore,slashmorenf@live.com,Male
71bec988-8299-447c-b26c-ee259a24b4de,Jillene,Reyes,jreyesng@exblog.jp,Female
0daf5d1c-fa55-4ecd-a11b-5216c704f393,Codie,Jillions,cjillionsnh@ucoz.com,Male
608d461f-53f4-402c-b865-ccac32c22613,Erik,Kield,ekieldni@irs.gov,Male
3fdb1f1a-b829-442b-b9a5-1e95b41aad57,Farrah,Riddel,friddelnj@nytimes.com,Female
8ce085a7-f365-47df-9d27-a78bd3fd8949,Iosep,Kolis,ikolisnk@spiegel.de,Polygender
2fbde253-6982-4514-8143-c3d60ab8833f,Bjorn,Brewins,bbrewinsnl@soup.io,Male
4da61c7d-2a91-4daf-89fe-f19741e4c668,Kevan,Corah,kcorahnm@indiatimes.com,Male
a350aa60-5e4e-4516-a400-1813f3d90d44,Ardra,Roget,arogetnn@livejournal.com,Female
a5d454c7-e667-41ff-acc1-bd91d2847604,Evelina,McInulty,emcinultyno@stanford.edu,Female
08f3c935-b73a-4137-8196-54c8d98e07d6,Terry,Petrello,tpetrellonp@creativecommons.org,Female
0ca56ff5-9145-42d0-b092-6ed5b557cdd5,Sherwood,Sorel,ssorelnq@tumblr.com,Male
7decc399-ece5-483d-8503-854f35895bcf,Lennard,Paraman,lparamannr@stanford.edu,Male
e0000dab-5967-4989-ba5f-3eaa0aff2eb5,Ailene,Nelhams,anelhamsns@stumbleupon.com,Female
0383e707-2343-4342-a668-68d3f6e6a116,Christabel,Tumility,ctumilitynt@nature.com,Female
a0651a87-cf2d-49c4-b553-5681ed0f615a,Raddy,Vaneschi,rvaneschinu@macromedia.com,Male
ba360b1f-1352-47d0-a8a6-c688587107b0,Eleonore,Issacov,eissacovnv@lulu.com,Female
92cef351-6d7b-40c7-8f72-be80afe8588c,Ole,Nisius,onisiusnw@skype.com,Male
1d633fb7-e4a5-459c-ae21-d56c834883a3,Constance,Erratt,cerrattnx@purevolume.com,Female
87f58778-d76f-4f81-8040-379a28c78b10,Gaston,Bobasch,gbobaschny@vkontakte.ru,Male
33f793e7-cceb-4d7c-904c-1549a3133ba3,Florie,Verdey,fverdeynz@nifty.com,Female
92a56e22-d661-419b-89f1-253174599c6d,Kingsley,Toolan,ktoolano0@va.gov,Male
d401c53f-52c4-48f1-9d84-4f8bcf0ce969,Thorny,McDavid,tmcdavido1@alexa.com,Male
502bfd9f-1496-4b5c-a603-ef22aae03c68,Merrie,Purdie,mpurdieo2@mediafire.com,Female
4e11d0d7-12da-4aa3-8e36-8919a3d3cabb,Shalom,Carik,scariko3@furl.net,Male
b78286e4-a167-4139-ac34-8e79ff38f133,Alva,Huortic,ahuortico4@columbia.edu,Male
b9f7253a-c737-44f4-841b-4bd93d014a71,Gypsy,Forre,gforreo5@privacy.gov.au,Female
39542e2f-772c-4543-aa9c-4ac266725ea3,Olly,Mackley,omackleyo6@salon.com,Genderqueer
2fa8ef6f-1312-4570-bc98-b08be864ee74,Iorgos,Edworthie,iedworthieo7@squidoo.com,Male
0153871a-baf0-4d1c-8c75-20e088fb0655,Phillie,Doxsey,pdoxseyo8@dropbox.com,Female
ae132c09-8d87-48ab-8254-32642260dabd,Korella,Shard,kshardo9@nsw.gov.au,Agender
b1d14b17-2133-4be8-86b0-56aa2f857bf4,Clair,Bonallick,cbonallickoa@rediff.com,Female
f7cb1065-e4d9-4d27-858a-fac6b29041ce,Mano,Edens,medensob@samsung.com,Male
59eef65c-2af6-49f6-8ce4-911d4398ca41,Ned,Thomel,nthomeloc@paypal.com,Male
5a495b70-ca76-4818-b718-a604530190cc,Tomkin,Blaske,tblaskeod@noaa.gov,Male
c51dac44-8a8f-49f2-8fdf-ac56aea356cd,Leontine,Keenlyside,lkeenlysideoe@i2i.jp,Female
13fd0552-350c-4098-9527-bbed9fb6ad1b,Kenneth,Wisby,kwisbyof@trellian.com,Male
9a37a636-6f78-4001-9e23-916b5f57a3f1,Gwenore,Pizzey,gpizzeyog@house.gov,Female
1cbc12f3-6c15-404e-93ca-45064fbc2e5c,Sydel,Adlam,sadlamoh@studiopress.com,Female
a1e0c01b-2ad9-405e-8af0-fe76c84d1fa3,Stanislas,Gowan,sgowanoi@google.com,Male
0d6cffc8-bdd4-4377-a2d7-fb458783c18a,Chantalle,Willman,cwillmanoj@baidu.com,Female
5ac391d5-983e-4a61-8f7a-ff5e2ed152f1,Oriana,Iacapucci,oiacapucciok@yolasite.com,Female
20fbcd3d-71f3-45b7-b18d-2d5527450c35,Kaleb,Beecroft,kbeecroftol@ehow.com,Male
0308f20a-75ad-4db7-8d46-6c4cb2134365,Elvera,Sidnall,esidnallom@uiuc.edu,Female
3ec37dcd-ab99-4e98-ba03-4406fc5e375b,Kain,Antonnikov,kantonnikovon@thetimes.co.uk,Male
b2bc6c57-eb76-4a72-aee4-cc3568fd33e2,Nikki,Arro,narrooo@wikia.com,Female
e6acef25-8bdd-4b06-992b-0ab4857d46df,Danit,Cray,dcrayop@blogs.com,Female
c4e33d83-540d-41db-ab5d-88807729eb44,Elicia,Scurman,escurmanoq@360.cn,Female
c8e81290-96bf-4209-a5ae-14bc7b15ea75,Ferrel,Wellstood,fwellstoodor@accuweather.com,Male
cfc72405-8c07-48fb-b547-e46fd60caf41,Mair,McAvaddy,mmcavaddyos@oaic.gov.au,Female
bdbe2265-45e4-45b6-95b5-abf0e9243e8a,Ewart,Veazey,eveazeyot@mysql.com,Male
fb9dd2c4-28a0-4dc2-adca-7cbc724c6c92,Ardelis,Dubery,aduberyou@ifeng.com,Genderfluid
496d3185-d1a4-4801-92ba-aa880c5a1972,Emlyn,Lorait,eloraitov@paginegialle.it,Female
8e5a60ed-a294-4044-9db7-18a9fc81984e,Serge,Nisco,sniscoow@uiuc.edu,Male
613c5367-92eb-4cce-9c46-593db3e08d48,Lacie,Fuente,lfuenteox@opera.com,Female
ee3409f9-f4c3-4798-839d-d45e18d8a07d,Christal,Falloon,cfalloonoy@people.com.cn,Female
c2893d29-d437-4ca4-a494-cd0bf72b07fd,Tobin,Tourle,ttourleoz@rambler.ru,Male
8e3c5907-3e17-44c9-b028-04379b7f29c9,Matthaeus,Cotillard,mcotillardp0@answers.com,Male
2615dd76-0731-43d1-af03-0f2c6f6bb6ec,Hasheem,Klimko,hklimkop1@google.es,Genderfluid
59846095-0ffa-436e-87eb-ad5880672e9f,Phebe,Bordis,pbordisp2@mac.com,Female
a6523ce8-8ab7-4cf6-84db-ed8db5ef3798,Merrick,Parysiak,mparysiakp3@people.com.cn,Male
586c27c6-763e-4d38-9c31-19e25fd914b6,Lorettalorna,Blitzer,lblitzerp4@archive.org,Female
5c4cfbb1-e7ee-4b75-b440-707abbdc55ad,Yancy,Mollitt,ymollittp5@twitter.com,Male
3257a18b-07d5-4054-9af6-c98a55c298c1,Hussein,Wills,hwillsp6@ovh.net,Male
61443d47-e000-4475-9328-2b219f7694d2,Alessandro,Scollard,ascollardp7@blog.com,Male
57b3462a-fd72-46db-96e3-7fcd53d947e0,Sander,Kittredge,skittredgep8@scientificamerican.com,Male
912d970b-c450-4313-9756-83676d42505e,Randal,Eglinton,reglintonp9@sohu.com,Male
e8ef320d-6e5e-484d-8e4f-15d88973c78e,Jolee,Cassels,jcasselspa@dyndns.org,Female
d30122fb-f266-474d-86fb-a7651a3bf3f6,Wandie,Glaserman,wglasermanpb@histats.com,Female
15a317d8-93c5-4a72-8f6c-ff6536f1a991,Korrie,Pearman,kpearmanpc@ucoz.ru,Female
79b9e91a-2ba3-4ef3-a205-21424ed1f73e,Angelica,Vales,avalespd@msn.com,Female
818a9a51-3538-449e-a7a4-564d6ade5722,Mickie,Mountcastle,mmountcastlepe@examiner.com,Male
8781006a-e209-451c-9730-45372f28d377,Irv,Tineman,itinemanpf@paypal.com,Male
c372c5db-cc56-4d45-8ee0-00da8493243f,Merrielle,Slayny,mslaynypg@skyrock.com,Female
57de28f7-e4e0-4e4d-90d3-fa3d05413dce,Quintana,Ocheltree,qocheltreeph@reddit.com,Genderqueer
332f8efd-355f-4972-89cc-97fa9d5eb99b,Manny,Filby,mfilbypi@woothemes.com,Male
76edf07b-e88e-4b42-8b52-f1e2b6942096,Jodie,Niemetz,jniemetzpj@scientificamerican.com,Male
f48f32c7-bf42-4be6-9200-8e620e240f8f,Stefano,Cushe,scushepk@wikipedia.org,Male
f89a4a7b-edf4-4343-b8ba-1df8e4076214,Tynan,McCumesky,tmccumeskypl@wikimedia.org,Male
c3799867-f102-49dd-8647-cc1482ec6f29,Antonio,Turney,aturneypm@skyrock.com,Male
345745e9-9c18-4889-bf8a-9b6f4309a311,Gasparo,Joubert,gjoubertpn@networksolutions.com,Male
a02fc286-384e-4c87-ba21-eef185b5e65d,Roana,Coltart,rcoltartpo@latimes.com,Female
e9f0eb94-73b6-4d44-a11e-4f2f632057bc,Devland,Abethell,dabethellpp@studiopress.com,Male
b4af6be2-2b31-41e1-9dc9-fe25fbf7d693,Pren,Odcroft,podcroftpq@wix.com,Male
cef7ea48-98c1-4fae-977a-1e1b07c31ec7,Danica,MacGahey,dmacgaheypr@bloglines.com,Female
3b7c52a4-7d2c-4d50-8863-254dbddea6fe,Carri,Benech,cbenechps@ted.com,Genderfluid
7252083d-2908-466f-b283-0b117ce2c129,Curcio,McLaine,cmclainept@whitehouse.gov,Male
bd980cc6-ffce-4445-9519-4b6d6c26ef00,Prentiss,Cumming,pcummingpu@infoseek.co.jp,Male
51f1d69d-0a93-4f53-adf1-cc92f40d358f,Abagael,McLarty,amclartypv@shinystat.com,Female
7652f370-fd2f-452b-bff7-0aa415eede2b,Shalne,Di Filippo,sdifilippopw@sourceforge.net,Female
3d0d56ba-bc30-432c-9a20-90f5f2b0b37c,Trudie,Sidery,tsiderypx@utexas.edu,Female
6ccaa70c-5b1c-43d3-b455-344412fe9d2e,Petronella,Longlands,plonglandspy@mozilla.com,Non-binary
4c8bea2e-81e6-4cec-b089-40396bf825f2,Portia,Cockton,pcocktonpz@vkontakte.ru,Female
fc0c1fe1-3ee1-418d-860e-8186b5d13e1d,Rhianna,Waddingham,rwaddinghamq0@yolasite.com,Female
09ecb98a-8f9b-4f3c-9fd7-7ae890843191,Kassi,Gligorijevic,kgligorijevicq1@canalblog.com,Female
1f6d5a55-5480-4b59-a8e7-20ffc0684b83,Austine,Piotrowski,apiotrowskiq2@un.org,Female
63746c1a-211a-49a1-adc9-1f067e15a36a,Bellanca,De Michele,bdemicheleq3@diigo.com,Non-binary
7feac46a-f8d6-4d9b-8f4e-368ffd8431dc,Bourke,Cowp,bcowpq4@rediff.com,Male
3025720b-84a3-4a1c-91d2-59bcd2d0f63b,Charlie,Moverley,cmoverleyq5@e-recht24.de,Male
41e2b74b-1ded-4fdd-ac9b-1c5cd2b2ab65,Jessy,Hamsher,jhamsherq6@oracle.com,Female
2a182c71-ed68-4968-8690-2473cf3bca09,Waylan,Adshed,wadshedq7@free.fr,Male
81f2de8f-930d-4c41-ad08-7609d09112d3,Carr,Izhakov,cizhakovq8@accuweather.com,Male
7aba5488-57c5-4129-b7f7-a72608388b4e,Lauritz,Keelinge,lkeelingeq9@jigsy.com,Male
e6f8f26a-4741-4721-86af-85d6125498d5,Kelli,Symons,ksymonsqa@comcast.net,Female
d4e977f2-20dc-49aa-9352-54eda46f5740,Therine,Lea,tleaqb@patch.com,Female
9a32ab24-e8c7-402f-b1d5-3f96b00c3524,Lorens,Prinn,lprinnqc@oracle.com,Male
aaf43711-5cc1-4115-8fee-6aae3d610ea6,Anatole,Hourston,ahourstonqd@xing.com,Male
b2b42bb6-e212-4720-b558-3d91fddd6aee,Willard,Colleford,wcollefordqe@webs.com,Non-binary
74410c97-6edc-4579-ae36-419511103920,Salome,Schutte,sschutteqf@sitemeter.com,Female
4f32951e-bb65-4b7c-88d8-23321c61f2f2,Codi,Stillmann,cstillmannqg@networksolutions.com,Female
a5b2483e-9eb3-4612-b040-753a3bdb7d86,Donnajean,De Moreno,ddemorenoqh@bandcamp.com,Female
90532f9b-a66a-4761-abad-d7153f6087e8,Carolynn,Piegrome,cpiegromeqi@github.com,Female
09645061-ed14-487d-bf52-159bed850ded,Hew,Keay,hkeayqj@sphinn.com,Male
354d0593-b3dc-4c84-a0e1-5a1afd490d7c,Abbe,Mannie,amannieqk@engadget.com,Female
d81bea47-7458-4a28-9302-fef8494e5abc,Cloe,Breslau,cbreslauql@latimes.com,Non-binary
6f7df2e9-7825-4417-9b91-b79620d452fa,Demetria,Madders,dmaddersqm@homestead.com,Female
8d1e2b22-c98f-40bb-b79f-d55d8e71c630,Noam,Threadgall,nthreadgallqn@adobe.com,Male
1c651fed-5cd4-4290-b451-b0a66d02dde1,Aldon,Bernocchi,abernocchiqo@google.es,Genderqueer
8281f346-eed1-4fd9-be80-2acd938288ac,Chucho,Figger,cfiggerqp@smh.com.au,Male
922f9478-781f-4e6e-b625-3aedfb3a4413,Rouvin,O'Crigan,rocriganqq@1688.com,Male
036fa6c8-0175-44ab-8e29-b0d53cbf7c89,Gayle,Maddrah,gmaddrahqr@friendfeed.com,Male
a5f04a4d-2b7c-448b-91e6-2983e30b28df,Paolo,Ambrogi,pambrogiqs@java.com,Male
96ab3816-d3bb-4d7c-8308-e68856caa2e3,Kelli,Shepstone,kshepstoneqt@storify.com,Female
928c7389-052b-4e2d-b01b-ddf46c935688,Albina,Parchment,aparchmentqu@mail.ru,Female
75d3179e-627f-4a94-b721-c3e30b04e5e8,Aldo,Domino,adominoqv@google.ca,Male
b32c40e1-76cb-4e2d-9e10-89995c6e1086,Vergil,Mitchard,vmitchardqw@tiny.cc,Male
3c812326-4b72-46eb-805b-c1763e4c2a8c,Shanan,Vedekhin,svedekhinqx@archive.org,Male
66521299-db3f-454f-9020-ebe765bcdb6c,Cordie,Jeske,cjeskeqy@google.es,Male
b0441598-2d45-4c9d-a7af-81b3aa201464,Ellyn,Lubman,elubmanqz@reverbnation.com,Female
70c358d5-1946-4a41-8ff2-7e9356dc850d,Byrann,Sketcher,bsketcherr0@creativecommons.org,Male
7c7b0778-ae42-431d-8c86-4566ec3bf157,Ardeen,Aspinell,aaspinellr1@mozilla.org,Female
ef20c063-e94e-4662-984f-f2fc9cee13a3,Annabel,Chitter,achitterr2@people.com.cn,Female
e8e0bfd2-43b2-49be-9015-d6eb23f9da75,Rickert,Fancutt,rfancuttr3@sbwire.com,Male
59b11ad4-6dc8-4362-b3ae-f0144ffd2acf,Garik,Mattiessen,gmattiessenr4@privacy.gov.au,Male
9c3b1d60-d83d-40dd-9f20-72346bd6521c,Winston,Harborow,wharborowr5@goo.ne.jp,Bigender
d13698f7-93c8-4554-8df7-f61a6ad242b0,Vassily,MacSween,vmacsweenr6@addthis.com,Male
ce5981b0-03e3-419e-a81f-97e02713e29d,Errol,Flanne,eflanner7@youtu.be,Male
14703bb9-7eff-438f-87ae-799638651355,Sioux,Bellsham,sbellshamr8@prlog.org,Female
beefd697-af1b-4bc5-8474-ad0a35f91d42,Drusilla,Hasslocher,dhasslocherr9@nps.gov,Female
2ea817f4-89d9-4071-9b48-df6f2de001e9,Terrance,Pattesall,tpattesallra@cbc.ca,Male
36c14b55-7f44-4b5c-bbb1-2f95ea56b2a7,Kincaid,Folling,kfollingrb@mayoclinic.com,Male
c130664d-c72b-45e9-a54b-48b64254438d,Arman,Herety,aheretyrc@google.com.au,Male
86590ee9-e6fe-4523-adfd-32b101877cd9,Carney,Urwen,curwenrd@wsj.com,Male
f95dbc7d-1e2a-400c-a103-541763a4ad55,Sanford,Ferrarotti,sferrarottire@tumblr.com,Male
a30cdb1b-4792-4d91-b4b1-f15e3cf2cced,Renard,Snoden,rsnodenrf@theguardian.com,Male
e0542251-4ec2-43f1-941f-5fb7be3f0db0,Sena,Kinglesyd,skinglesydrg@51.la,Female
5755d1be-d1b7-47c6-a6a5-2b17a4cd1420,Izak,Duker,idukerrh@canalblog.com,Male
12e1fbee-fdab-431a-b424-3a56337a2dab,Eben,Hawksworth,ehawksworthri@mac.com,Male
a97a6149-95b2-42eb-8e4d-33dda7cb5bba,Jacklin,Hughs,jhughsrj@blogger.com,Genderqueer
39a1d598-2011-49a9-bf3f-569d6b3d4e80,Deerdre,Swyndley,dswyndleyrk@ebay.co.uk,Female
efa87fba-37a5-4fc9-94fa-021f84391a87,Flore,Ruttgers,fruttgersrl@boston.com,Female
888b2cd9-ef51-4d90-8929-6822f43f1048,Catherin,Everill,ceverillrm@nydailynews.com,Female
c3eead18-6318-4d8e-90f3-e17c8bf4a47c,Isidro,Boyford,iboyfordrn@quantcast.com,Male
0cd89083-838a-4e71-bc93-0f6873dca6b7,Dot,Nerger,dnergerro@princeton.edu,Female
e6038761-2c37-4e11-b750-d87dab37836d,Kynthia,Luipold,kluipoldrp@wordpress.com,Female
5930dfad-44c9-4c16-8743-a8f5c67e43fe,Latisha,Skill,lskillrq@businessinsider.com,Female
187d3d03-d1f3-43dc-ae91-3e60090f94dc,Shara,Kenan,skenanrr@addthis.com,Female
